deck_id	deck_skeleton_id	archetype_id	scope	route_type	battle_type	tier	variant_index	deck_variant_role	card_slot_index	slot_role	card_id	card_class	card_weapon_style	card_rarity	card_tactic_role	card_deck_role	card_power_budget	card_budget_delta	preferred_distance_min	preferred_distance_max	selection_score	selection_reason	required_card_tags	forbidden_card_tags	card_tags	source_card_pool	notes
enemy_coastal_raider_blade_basic	enemy_coastal_raider_blade_basic	coastal_raider_blade	big_map_normal	common	normal	basic	1	basic	1	attack	blade_close_slash	attack	blademaster	common	approach	attack	5	1	1	2	124.00	role_match,weapon_match,required_tag_match,distance_match,tactic_match,rarity_fit	role_approach,role_counter,variant_basic,weapon_blademaster	boss_only,player_only,true_boss_only,weapon_mismatch	weapon_blademaster,role_approach,deck_attack,ai_close_in	generated_card_pool.tsv	
enemy_coastal_raider_blade_basic	enemy_coastal_raider_blade_basic	coastal_raider_blade	big_map_normal	common	normal	basic	1	basic	2	attack	blade_close_slash	attack	blademaster	common	approach	attack	5	1	1	2	112.00	role_match,weapon_match,required_tag_match,distance_match,tactic_match,rarity_fit,repeat_penalty	role_approach,role_counter,variant_basic,weapon_blademaster	boss_only,player_only,true_boss_only,weapon_mismatch	weapon_blademaster,role_approach,deck_attack,ai_close_in	generated_card_pool.tsv	
enemy_coastal_raider_blade_basic	enemy_coastal_raider_blade_basic	coastal_raider_blade	big_map_normal	common	normal	basic	1	basic	3	attack	blade_follow_step	attack	blademaster	uncommon	pressure	attack	6	-2	1	2	110.00	role_match,weapon_match,required_tag_match,distance_match,tactic_match,rarity_fit	role_approach,role_counter,variant_basic,weapon_blademaster	boss_only,player_only,true_boss_only,weapon_mismatch	weapon_blademaster,role_pressure,deck_attack,ai_stick	generated_card_pool.tsv	
enemy_coastal_raider_blade_basic	enemy_coastal_raider_blade_basic	coastal_raider_blade	big_map_normal	common	normal	basic	1	basic	4	guard	blade_counter_cut	guard	blademaster	uncommon	counter	guard	7	-1	1	2	110.00	role_match,weapon_match,required_tag_match,distance_match,rarity_fit	role_approach,role_counter,variant_basic,weapon_blademaster	boss_only,player_only,true_boss_only,weapon_mismatch	weapon_blademaster,role_counter,deck_guard,ai_counter	generated_card_pool.tsv	
enemy_coastal_raider_blade_basic	enemy_coastal_raider_blade_basic	coastal_raider_blade	big_map_normal	common	normal	basic	1	basic	5	guard	blade_inside_guard	guard	blademaster	common	guard	guard	5	1	1	2	106.00	role_match,weapon_match,required_tag_match,distance_match,rarity_fit	role_approach,role_counter,variant_basic,weapon_blademaster	boss_only,player_only,true_boss_only,weapon_mismatch	weapon_blademaster,role_guard,deck_guard,ai_stabilize	generated_card_pool.tsv	
enemy_coastal_raider_blade_basic	enemy_coastal_raider_blade_basic	coastal_raider_blade	big_map_normal	common	normal	basic	1	basic	6	movement	blade_quick_entry	movement	blademaster	common	approach	movement	4	0	1	2	124.00	role_match,weapon_match,required_tag_match,distance_match,tactic_match,rarity_fit	role_approach,role_counter,variant_basic,weapon_blademaster	boss_only,player_only,true_boss_only,weapon_mismatch	weapon_blademaster,role_approach,deck_movement,ai_setup	generated_card_pool.tsv	
enemy_coastal_raider_blade_basic	enemy_coastal_raider_blade_basic	coastal_raider_blade	big_map_normal	common	normal	basic	1	basic	7	posture_break	blade_opening_break	posture_break	blademaster	uncommon	break	posture_break	6	-2	1	2	100.00	role_match,weapon_match,required_tag_match,distance_match,rarity_fit	role_approach,role_counter,variant_basic,weapon_blademaster	boss_only,player_only,true_boss_only,weapon_mismatch	weapon_blademaster,role_break,deck_posture_break,ai_break_open	generated_card_pool.tsv	
enemy_coastal_raider_blade_basic	enemy_coastal_raider_blade_basic	coastal_raider_blade	big_map_normal	common	normal	basic	1	basic	8	tempo	blade_tempo_feint	tempo	blademaster	uncommon	combo_bridge	tempo	5	1	1	2	102.00	role_match,weapon_match,required_tag_match,distance_match,rarity_fit	role_approach,role_counter,variant_basic,weapon_blademaster	boss_only,player_only,true_boss_only,weapon_mismatch	weapon_blademaster,role_tempo,deck_tempo,ai_setup	generated_card_pool.tsv	
enemy_coastal_raider_blade_basic	enemy_coastal_raider_blade_basic	coastal_raider_blade	big_map_normal	common	normal	basic	1	basic	9	combo	blade_dual_cut_chain	combo	blademaster	rare	burst	combo	7	-5	1	2	101.00	role_match,weapon_match,required_tag_match,distance_match,tactic_match	role_approach,role_counter,variant_basic,weapon_blademaster	boss_only,player_only,true_boss_only,weapon_mismatch	weapon_blademaster,role_burst,deck_combo,ai_burst	generated_card_pool.tsv	
enemy_coastal_raider_blade_advanced	enemy_coastal_raider_blade_advanced	coastal_raider_blade	big_map_normal	common	normal	basic	2	advanced	1	attack	blade_close_slash	attack	blademaster	common	approach	attack	5	1	1	2	124.00	role_match,weapon_match,required_tag_match,distance_match,tactic_match,rarity_fit	role_approach,role_counter,variant_advanced,weapon_blademaster	boss_only,player_only,true_boss_only,weapon_mismatch	weapon_blademaster,role_approach,deck_attack,ai_close_in	generated_card_pool.tsv	
enemy_coastal_raider_blade_advanced	enemy_coastal_raider_blade_advanced	coastal_raider_blade	big_map_normal	common	normal	basic	2	advanced	2	attack	blade_close_slash	attack	blademaster	common	approach	attack	5	1	1	2	112.00	role_match,weapon_match,required_tag_match,distance_match,tactic_match,rarity_fit,repeat_penalty	role_approach,role_counter,variant_advanced,weapon_blademaster	boss_only,player_only,true_boss_only,weapon_mismatch	weapon_blademaster,role_approach,deck_attack,ai_close_in	generated_card_pool.tsv	
enemy_coastal_raider_blade_advanced	enemy_coastal_raider_blade_advanced	coastal_raider_blade	big_map_normal	common	normal	basic	2	advanced	3	attack	blade_follow_step	attack	blademaster	uncommon	pressure	attack	6	-2	1	2	110.00	role_match,weapon_match,required_tag_match,distance_match,tactic_match,rarity_fit	role_approach,role_counter,variant_advanced,weapon_blademaster	boss_only,player_only,true_boss_only,weapon_mismatch	weapon_blademaster,role_pressure,deck_attack,ai_stick	generated_card_pool.tsv	
enemy_coastal_raider_blade_advanced	enemy_coastal_raider_blade_advanced	coastal_raider_blade	big_map_normal	common	normal	basic	2	advanced	4	guard	blade_counter_cut	guard	blademaster	uncommon	counter	guard	7	-1	1	2	110.00	role_match,weapon_match,required_tag_match,distance_match,rarity_fit	role_approach,role_counter,variant_advanced,weapon_blademaster	boss_only,player_only,true_boss_only,weapon_mismatch	weapon_blademaster,role_counter,deck_guard,ai_counter	generated_card_pool.tsv	
enemy_coastal_raider_blade_advanced	enemy_coastal_raider_blade_advanced	coastal_raider_blade	big_map_normal	common	normal	basic	2	advanced	5	guard	blade_inside_guard	guard	blademaster	common	guard	guard	5	1	1	2	106.00	role_match,weapon_match,required_tag_match,distance_match,rarity_fit	role_approach,role_counter,variant_advanced,weapon_blademaster	boss_only,player_only,true_boss_only,weapon_mismatch	weapon_blademaster,role_guard,deck_guard,ai_stabilize	generated_card_pool.tsv	
enemy_coastal_raider_blade_advanced	enemy_coastal_raider_blade_advanced	coastal_raider_blade	big_map_normal	common	normal	basic	2	advanced	6	movement	blade_quick_entry	movement	blademaster	common	approach	movement	4	0	1	2	124.00	role_match,weapon_match,required_tag_match,distance_match,tactic_match,rarity_fit	role_approach,role_counter,variant_advanced,weapon_blademaster	boss_only,player_only,true_boss_only,weapon_mismatch	weapon_blademaster,role_approach,deck_movement,ai_setup	generated_card_pool.tsv	
enemy_coastal_raider_blade_advanced	enemy_coastal_raider_blade_advanced	coastal_raider_blade	big_map_normal	common	normal	basic	2	advanced	7	movement	blade_quick_entry	movement	blademaster	common	approach	movement	4	0	1	2	112.00	role_match,weapon_match,required_tag_match,distance_match,tactic_match,rarity_fit,repeat_penalty	role_approach,role_counter,variant_advanced,weapon_blademaster	boss_only,player_only,true_boss_only,weapon_mismatch	weapon_blademaster,role_approach,deck_movement,ai_setup	generated_card_pool.tsv	
enemy_coastal_raider_blade_advanced	enemy_coastal_raider_blade_advanced	coastal_raider_blade	big_map_normal	common	normal	basic	2	advanced	8	posture_break	blade_opening_break	posture_break	blademaster	uncommon	break	posture_break	6	-2	1	2	100.00	role_match,weapon_match,required_tag_match,distance_match,rarity_fit	role_approach,role_counter,variant_advanced,weapon_blademaster	boss_only,player_only,true_boss_only,weapon_mismatch	weapon_blademaster,role_break,deck_posture_break,ai_break_open	generated_card_pool.tsv	
enemy_coastal_raider_blade_advanced	enemy_coastal_raider_blade_advanced	coastal_raider_blade	big_map_normal	common	normal	basic	2	advanced	9	tempo	blade_tempo_feint	tempo	blademaster	uncommon	combo_bridge	tempo	5	1	1	2	102.00	role_match,weapon_match,required_tag_match,distance_match,rarity_fit	role_approach,role_counter,variant_advanced,weapon_blademaster	boss_only,player_only,true_boss_only,weapon_mismatch	weapon_blademaster,role_tempo,deck_tempo,ai_setup	generated_card_pool.tsv	
enemy_coastal_raider_blade_advanced	enemy_coastal_raider_blade_advanced	coastal_raider_blade	big_map_normal	common	normal	basic	2	advanced	10	combo	blade_dual_cut_chain	combo	blademaster	rare	burst	combo	7	-5	1	2	101.00	role_match,weapon_match,required_tag_match,distance_match,tactic_match	role_approach,role_counter,variant_advanced,weapon_blademaster	boss_only,player_only,true_boss_only,weapon_mismatch	weapon_blademaster,role_burst,deck_combo,ai_burst	generated_card_pool.tsv	
enemy_coastal_raider_blade_advanced	enemy_coastal_raider_blade_advanced	coastal_raider_blade	big_map_normal	common	normal	basic	2	advanced	11	combo	blade_finish_cross	combo	blademaster	rare	finisher	combo	8	-4	1	2	101.00	role_match,weapon_match,required_tag_match,distance_match,tactic_match	role_approach,role_counter,variant_advanced,weapon_blademaster	boss_only,player_only,true_boss_only,weapon_mismatch	weapon_blademaster,role_finisher,deck_combo,ai_finish	generated_card_pool.tsv	
enemy_coastal_raider_blade_aggressive	enemy_coastal_raider_blade_aggressive	coastal_raider_blade	big_map_normal	common	normal	basic	3	aggressive	1	attack	blade_close_slash	attack	blademaster	common	approach	attack	5	1	1	2	124.00	role_match,weapon_match,required_tag_match,distance_match,tactic_match,rarity_fit	role_approach,role_counter,variant_aggressive,weapon_blademaster	boss_only,player_only,true_boss_only,weapon_mismatch	weapon_blademaster,role_approach,deck_attack,ai_close_in	generated_card_pool.tsv	
enemy_coastal_raider_blade_aggressive	enemy_coastal_raider_blade_aggressive	coastal_raider_blade	big_map_normal	common	normal	basic	3	aggressive	2	attack	blade_close_slash	attack	blademaster	common	approach	attack	5	1	1	2	112.00	role_match,weapon_match,required_tag_match,distance_match,tactic_match,rarity_fit,repeat_penalty	role_approach,role_counter,variant_aggressive,weapon_blademaster	boss_only,player_only,true_boss_only,weapon_mismatch	weapon_blademaster,role_approach,deck_attack,ai_close_in	generated_card_pool.tsv	
enemy_coastal_raider_blade_aggressive	enemy_coastal_raider_blade_aggressive	coastal_raider_blade	big_map_normal	common	normal	basic	3	aggressive	3	attack	blade_follow_step	attack	blademaster	uncommon	pressure	attack	6	-2	1	2	110.00	role_match,weapon_match,required_tag_match,distance_match,tactic_match,rarity_fit	role_approach,role_counter,variant_aggressive,weapon_blademaster	boss_only,player_only,true_boss_only,weapon_mismatch	weapon_blademaster,role_pressure,deck_attack,ai_stick	generated_card_pool.tsv	
enemy_coastal_raider_blade_aggressive	enemy_coastal_raider_blade_aggressive	coastal_raider_blade	big_map_normal	common	normal	basic	3	aggressive	4	attack	blade_follow_step	attack	blademaster	uncommon	pressure	attack	6	-2	1	2	98.00	role_match,weapon_match,required_tag_match,distance_match,tactic_match,rarity_fit,repeat_penalty	role_approach,role_counter,variant_aggressive,weapon_blademaster	boss_only,player_only,true_boss_only,weapon_mismatch	weapon_blademaster,role_pressure,deck_attack,ai_stick	generated_card_pool.tsv	
enemy_coastal_raider_blade_aggressive	enemy_coastal_raider_blade_aggressive	coastal_raider_blade	big_map_normal	common	normal	basic	3	aggressive	5	guard	blade_counter_cut	guard	blademaster	uncommon	counter	guard	7	-1	1	2	110.00	role_match,weapon_match,required_tag_match,distance_match,rarity_fit	role_approach,role_counter,variant_aggressive,weapon_blademaster	boss_only,player_only,true_boss_only,weapon_mismatch	weapon_blademaster,role_counter,deck_guard,ai_counter	generated_card_pool.tsv	
enemy_coastal_raider_blade_aggressive	enemy_coastal_raider_blade_aggressive	coastal_raider_blade	big_map_normal	common	normal	basic	3	aggressive	6	guard	blade_inside_guard	guard	blademaster	common	guard	guard	5	1	1	2	106.00	role_match,weapon_match,required_tag_match,distance_match,rarity_fit	role_approach,role_counter,variant_aggressive,weapon_blademaster	boss_only,player_only,true_boss_only,weapon_mismatch	weapon_blademaster,role_guard,deck_guard,ai_stabilize	generated_card_pool.tsv	
enemy_coastal_raider_blade_aggressive	enemy_coastal_raider_blade_aggressive	coastal_raider_blade	big_map_normal	common	normal	basic	3	aggressive	7	movement	blade_quick_entry	movement	blademaster	common	approach	movement	4	0	1	2	124.00	role_match,weapon_match,required_tag_match,distance_match,tactic_match,rarity_fit	role_approach,role_counter,variant_aggressive,weapon_blademaster	boss_only,player_only,true_boss_only,weapon_mismatch	weapon_blademaster,role_approach,deck_movement,ai_setup	generated_card_pool.tsv	
enemy_coastal_raider_blade_aggressive	enemy_coastal_raider_blade_aggressive	coastal_raider_blade	big_map_normal	common	normal	basic	3	aggressive	8	posture_break	blade_opening_break	posture_break	blademaster	uncommon	break	posture_break	6	-2	1	2	100.00	role_match,weapon_match,required_tag_match,distance_match,rarity_fit	role_approach,role_counter,variant_aggressive,weapon_blademaster	boss_only,player_only,true_boss_only,weapon_mismatch	weapon_blademaster,role_break,deck_posture_break,ai_break_open	generated_card_pool.tsv	
enemy_coastal_raider_blade_aggressive	enemy_coastal_raider_blade_aggressive	coastal_raider_blade	big_map_normal	common	normal	basic	3	aggressive	9	tempo	blade_tempo_feint	tempo	blademaster	uncommon	combo_bridge	tempo	5	1	1	2	102.00	role_match,weapon_match,required_tag_match,distance_match,rarity_fit	role_approach,role_counter,variant_aggressive,weapon_blademaster	boss_only,player_only,true_boss_only,weapon_mismatch	weapon_blademaster,role_tempo,deck_tempo,ai_setup	generated_card_pool.tsv	
enemy_coastal_raider_blade_aggressive	enemy_coastal_raider_blade_aggressive	coastal_raider_blade	big_map_normal	common	normal	basic	3	aggressive	10	combo	blade_dual_cut_chain	combo	blademaster	rare	burst	combo	7	-5	1	2	101.00	role_match,weapon_match,required_tag_match,distance_match,tactic_match	role_approach,role_counter,variant_aggressive,weapon_blademaster	boss_only,player_only,true_boss_only,weapon_mismatch	weapon_blademaster,role_burst,deck_combo,ai_burst	generated_card_pool.tsv	
enemy_coastal_raider_spear_basic	enemy_coastal_raider_spear_basic	coastal_raider_spear	big_map_normal	common	normal	basic	1	basic	1	attack	spear_line_thrust	attack	spearman	common	poke	attack	6	2	2	3	122.00	role_match,weapon_match,required_tag_match,distance_match,tactic_match,rarity_fit	role_break,role_control,variant_basic,weapon_spearman	boss_only,player_only,true_boss_only,weapon_mismatch	weapon_spearman,role_control,deck_attack,ai_hold_distance	generated_card_pool.tsv	
enemy_coastal_raider_spear_basic	enemy_coastal_raider_spear_basic	coastal_raider_spear	big_map_normal	common	normal	basic	1	basic	2	attack	spear_long_poke	attack	spearman	common	poke	attack	4	0	2	3	116.00	role_match,weapon_match,required_tag_match,distance_match,tactic_match,rarity_fit	role_break,role_control,variant_basic,weapon_spearman	boss_only,player_only,true_boss_only,weapon_mismatch	weapon_spearman,role_poke,deck_attack,ai_chip	generated_card_pool.tsv	
enemy_coastal_raider_spear_basic	enemy_coastal_raider_spear_basic	coastal_raider_spear	big_map_normal	common	normal	basic	1	basic	3	attack	spear_line_thrust	attack	spearman	common	poke	attack	6	2	2	3	110.00	role_match,weapon_match,required_tag_match,distance_match,tactic_match,rarity_fit,repeat_penalty	role_break,role_control,variant_basic,weapon_spearman	boss_only,player_only,true_boss_only,weapon_mismatch	weapon_spearman,role_control,deck_attack,ai_hold_distance	generated_card_pool.tsv	
enemy_coastal_raider_spear_basic	enemy_coastal_raider_spear_basic	coastal_raider_spear	big_map_normal	common	normal	basic	1	basic	4	guard	spear_deny_entry	guard	spearman	uncommon	counter	guard	6	2	2	3	100.00	role_match,weapon_match,required_tag_match,distance_match,rarity_fit	role_break,role_control,variant_basic,weapon_spearman	boss_only,player_only,true_boss_only,weapon_mismatch	weapon_spearman,role_counter,deck_guard,ai_deny_approach	generated_card_pool.tsv	
enemy_coastal_raider_spear_basic	enemy_coastal_raider_spear_basic	coastal_raider_spear	big_map_normal	common	normal	basic	1	basic	5	guard	generic_guard	guard	generic	common	guard	guard	5	1	2	3	93.00	role_match,generic_fallback,distance_match,tactic_match,rarity_fit	role_break,role_control,variant_basic,weapon_spearman	boss_only,player_only,true_boss_only,weapon_mismatch	weapon_generic,role_guard,deck_guard,ai_stabilize	generated_card_pool.tsv	
enemy_coastal_raider_spear_basic	enemy_coastal_raider_spear_basic	coastal_raider_spear	big_map_normal	common	normal	basic	1	basic	6	movement	spear_hold_distance	movement	spearman	common	control	movement	4	0	2	3	124.00	role_match,weapon_match,required_tag_match,distance_match,tactic_match,rarity_fit	role_break,role_control,variant_basic,weapon_spearman	boss_only,player_only,true_boss_only,weapon_mismatch	weapon_spearman,role_control,deck_movement,ai_hold_distance	generated_card_pool.tsv	
enemy_coastal_raider_spear_basic	enemy_coastal_raider_spear_basic	coastal_raider_spear	big_map_normal	common	normal	basic	1	basic	7	posture_break	spear_push_cut	posture_break	spearman	common	break	posture_break	5	1	2	3	124.00	role_match,weapon_match,required_tag_match,distance_match,tactic_match,rarity_fit	role_break,role_control,variant_basic,weapon_spearman	boss_only,player_only,true_boss_only,weapon_mismatch	weapon_spearman,role_break,deck_posture_break,ai_deny_approach	generated_card_pool.tsv	
enemy_coastal_raider_spear_basic	enemy_coastal_raider_spear_basic	coastal_raider_spear	big_map_normal	common	normal	basic	1	basic	8	posture_break	spear_posture_grind	posture_break	spearman	uncommon	break	posture_break	5	-3	2	3	115.00	role_match,weapon_match,required_tag_match,distance_match,tactic_match,rarity_fit	role_break,role_control,variant_basic,weapon_spearman	boss_only,player_only,true_boss_only,weapon_mismatch	weapon_spearman,role_break,deck_posture_break,ai_grind	generated_card_pool.tsv	
enemy_coastal_raider_spear_basic	enemy_coastal_raider_spear_basic	coastal_raider_spear	big_map_normal	common	normal	basic	1	basic	9	tempo	spear_tempo_reset	tempo	spearman	common	recovery	tempo	5	5	2	3	101.00	role_match,weapon_match,required_tag_match,distance_match,rarity_fit	role_break,role_control,variant_basic,weapon_spearman	boss_only,player_only,true_boss_only,weapon_mismatch	weapon_spearman,role_recovery,deck_tempo,ai_reset	generated_card_pool.tsv	
enemy_coastal_raider_spear_advanced	enemy_coastal_raider_spear_advanced	coastal_raider_spear	big_map_normal	common	normal	basic	2	advanced	1	attack	spear_line_thrust	attack	spearman	common	poke	attack	6	2	2	3	122.00	role_match,weapon_match,required_tag_match,distance_match,tactic_match,rarity_fit	role_break,role_control,variant_advanced,weapon_spearman	boss_only,player_only,true_boss_only,weapon_mismatch	weapon_spearman,role_control,deck_attack,ai_hold_distance	generated_card_pool.tsv	
enemy_coastal_raider_spear_advanced	enemy_coastal_raider_spear_advanced	coastal_raider_spear	big_map_normal	common	normal	basic	2	advanced	2	attack	spear_long_poke	attack	spearman	common	poke	attack	4	0	2	3	116.00	role_match,weapon_match,required_tag_match,distance_match,tactic_match,rarity_fit	role_break,role_control,variant_advanced,weapon_spearman	boss_only,player_only,true_boss_only,weapon_mismatch	weapon_spearman,role_poke,deck_attack,ai_chip	generated_card_pool.tsv	
enemy_coastal_raider_spear_advanced	enemy_coastal_raider_spear_advanced	coastal_raider_spear	big_map_normal	common	normal	basic	2	advanced	3	attack	spear_line_thrust	attack	spearman	common	poke	attack	6	2	2	3	110.00	role_match,weapon_match,required_tag_match,distance_match,tactic_match,rarity_fit,repeat_penalty	role_break,role_control,variant_advanced,weapon_spearman	boss_only,player_only,true_boss_only,weapon_mismatch	weapon_spearman,role_control,deck_attack,ai_hold_distance	generated_card_pool.tsv	
enemy_coastal_raider_spear_advanced	enemy_coastal_raider_spear_advanced	coastal_raider_spear	big_map_normal	common	normal	basic	2	advanced	4	guard	spear_deny_entry	guard	spearman	uncommon	counter	guard	6	2	2	3	100.00	role_match,weapon_match,required_tag_match,distance_match,rarity_fit	role_break,role_control,variant_advanced,weapon_spearman	boss_only,player_only,true_boss_only,weapon_mismatch	weapon_spearman,role_counter,deck_guard,ai_deny_approach	generated_card_pool.tsv	
enemy_coastal_raider_spear_advanced	enemy_coastal_raider_spear_advanced	coastal_raider_spear	big_map_normal	common	normal	basic	2	advanced	5	guard	generic_guard	guard	generic	common	guard	guard	5	1	2	3	93.00	role_match,generic_fallback,distance_match,tactic_match,rarity_fit	role_break,role_control,variant_advanced,weapon_spearman	boss_only,player_only,true_boss_only,weapon_mismatch	weapon_generic,role_guard,deck_guard,ai_stabilize	generated_card_pool.tsv	
enemy_coastal_raider_spear_advanced	enemy_coastal_raider_spear_advanced	coastal_raider_spear	big_map_normal	common	normal	basic	2	advanced	6	movement	spear_hold_distance	movement	spearman	common	control	movement	4	0	2	3	124.00	role_match,weapon_match,required_tag_match,distance_match,tactic_match,rarity_fit	role_break,role_control,variant_advanced,weapon_spearman	boss_only,player_only,true_boss_only,weapon_mismatch	weapon_spearman,role_control,deck_movement,ai_hold_distance	generated_card_pool.tsv	
enemy_coastal_raider_spear_advanced	enemy_coastal_raider_spear_advanced	coastal_raider_spear	big_map_normal	common	normal	basic	2	advanced	7	movement	spear_hold_distance	movement	spearman	common	control	movement	4	0	2	3	112.00	role_match,weapon_match,required_tag_match,distance_match,tactic_match,rarity_fit,repeat_penalty	role_break,role_control,variant_advanced,weapon_spearman	boss_only,player_only,true_boss_only,weapon_mismatch	weapon_spearman,role_control,deck_movement,ai_hold_distance	generated_card_pool.tsv	
enemy_coastal_raider_spear_advanced	enemy_coastal_raider_spear_advanced	coastal_raider_spear	big_map_normal	common	normal	basic	2	advanced	8	posture_break	spear_push_cut	posture_break	spearman	common	break	posture_break	5	1	2	3	124.00	role_match,weapon_match,required_tag_match,distance_match,tactic_match,rarity_fit	role_break,role_control,variant_advanced,weapon_spearman	boss_only,player_only,true_boss_only,weapon_mismatch	weapon_spearman,role_break,deck_posture_break,ai_deny_approach	generated_card_pool.tsv	
enemy_coastal_raider_spear_advanced	enemy_coastal_raider_spear_advanced	coastal_raider_spear	big_map_normal	common	normal	basic	2	advanced	9	posture_break	spear_posture_grind	posture_break	spearman	uncommon	break	posture_break	5	-3	2	3	115.00	role_match,weapon_match,required_tag_match,distance_match,tactic_match,rarity_fit	role_break,role_control,variant_advanced,weapon_spearman	boss_only,player_only,true_boss_only,weapon_mismatch	weapon_spearman,role_break,deck_posture_break,ai_grind	generated_card_pool.tsv	
enemy_coastal_raider_spear_advanced	enemy_coastal_raider_spear_advanced	coastal_raider_spear	big_map_normal	common	normal	basic	2	advanced	10	tempo	spear_tempo_reset	tempo	spearman	common	recovery	tempo	5	5	2	3	101.00	role_match,weapon_match,required_tag_match,distance_match,rarity_fit	role_break,role_control,variant_advanced,weapon_spearman	boss_only,player_only,true_boss_only,weapon_mismatch	weapon_spearman,role_recovery,deck_tempo,ai_reset	generated_card_pool.tsv	
enemy_coastal_raider_spear_advanced	enemy_coastal_raider_spear_advanced	coastal_raider_spear	big_map_normal	common	normal	basic	2	advanced	11	combo	spear_chain_bridge	combo	spearman	uncommon	combo_bridge	combo	5	1	2	3	102.00	role_match,weapon_match,required_tag_match,distance_match,rarity_fit	role_break,role_control,variant_advanced,weapon_spearman	boss_only,player_only,true_boss_only,weapon_mismatch	weapon_spearman,role_combo_bridge,deck_combo,ai_link	generated_card_pool.tsv	
enemy_coastal_raider_spear_aggressive	enemy_coastal_raider_spear_aggressive	coastal_raider_spear	big_map_normal	common	normal	basic	3	aggressive	1	attack	spear_line_thrust	attack	spearman	common	poke	attack	6	2	2	3	122.00	role_match,weapon_match,required_tag_match,distance_match,tactic_match,rarity_fit	role_break,role_control,variant_aggressive,weapon_spearman	boss_only,player_only,true_boss_only,weapon_mismatch	weapon_spearman,role_control,deck_attack,ai_hold_distance	generated_card_pool.tsv	
enemy_coastal_raider_spear_aggressive	enemy_coastal_raider_spear_aggressive	coastal_raider_spear	big_map_normal	common	normal	basic	3	aggressive	2	attack	spear_long_poke	attack	spearman	common	poke	attack	4	0	2	3	116.00	role_match,weapon_match,required_tag_match,distance_match,tactic_match,rarity_fit	role_break,role_control,variant_aggressive,weapon_spearman	boss_only,player_only,true_boss_only,weapon_mismatch	weapon_spearman,role_poke,deck_attack,ai_chip	generated_card_pool.tsv	
enemy_coastal_raider_spear_aggressive	enemy_coastal_raider_spear_aggressive	coastal_raider_spear	big_map_normal	common	normal	basic	3	aggressive	3	attack	spear_line_thrust	attack	spearman	common	poke	attack	6	2	2	3	110.00	role_match,weapon_match,required_tag_match,distance_match,tactic_match,rarity_fit,repeat_penalty	role_break,role_control,variant_aggressive,weapon_spearman	boss_only,player_only,true_boss_only,weapon_mismatch	weapon_spearman,role_control,deck_attack,ai_hold_distance	generated_card_pool.tsv	
enemy_coastal_raider_spear_aggressive	enemy_coastal_raider_spear_aggressive	coastal_raider_spear	big_map_normal	common	normal	basic	3	aggressive	4	attack	spear_long_poke	attack	spearman	common	poke	attack	4	0	2	3	104.00	role_match,weapon_match,required_tag_match,distance_match,tactic_match,rarity_fit,repeat_penalty	role_break,role_control,variant_aggressive,weapon_spearman	boss_only,player_only,true_boss_only,weapon_mismatch	weapon_spearman,role_poke,deck_attack,ai_chip	generated_card_pool.tsv	
enemy_coastal_raider_spear_aggressive	enemy_coastal_raider_spear_aggressive	coastal_raider_spear	big_map_normal	common	normal	basic	3	aggressive	5	guard	spear_deny_entry	guard	spearman	uncommon	counter	guard	6	2	2	3	100.00	role_match,weapon_match,required_tag_match,distance_match,rarity_fit	role_break,role_control,variant_aggressive,weapon_spearman	boss_only,player_only,true_boss_only,weapon_mismatch	weapon_spearman,role_counter,deck_guard,ai_deny_approach	generated_card_pool.tsv	
enemy_coastal_raider_spear_aggressive	enemy_coastal_raider_spear_aggressive	coastal_raider_spear	big_map_normal	common	normal	basic	3	aggressive	6	guard	generic_guard	guard	generic	common	guard	guard	5	1	2	3	93.00	role_match,generic_fallback,distance_match,tactic_match,rarity_fit	role_break,role_control,variant_aggressive,weapon_spearman	boss_only,player_only,true_boss_only,weapon_mismatch	weapon_generic,role_guard,deck_guard,ai_stabilize	generated_card_pool.tsv	
enemy_coastal_raider_spear_aggressive	enemy_coastal_raider_spear_aggressive	coastal_raider_spear	big_map_normal	common	normal	basic	3	aggressive	7	movement	spear_hold_distance	movement	spearman	common	control	movement	4	0	2	3	124.00	role_match,weapon_match,required_tag_match,distance_match,tactic_match,rarity_fit	role_break,role_control,variant_aggressive,weapon_spearman	boss_only,player_only,true_boss_only,weapon_mismatch	weapon_spearman,role_control,deck_movement,ai_hold_distance	generated_card_pool.tsv	
enemy_coastal_raider_spear_aggressive	enemy_coastal_raider_spear_aggressive	coastal_raider_spear	big_map_normal	common	normal	basic	3	aggressive	8	posture_break	spear_push_cut	posture_break	spearman	common	break	posture_break	5	1	2	3	124.00	role_match,weapon_match,required_tag_match,distance_match,tactic_match,rarity_fit	role_break,role_control,variant_aggressive,weapon_spearman	boss_only,player_only,true_boss_only,weapon_mismatch	weapon_spearman,role_break,deck_posture_break,ai_deny_approach	generated_card_pool.tsv	
enemy_coastal_raider_spear_aggressive	enemy_coastal_raider_spear_aggressive	coastal_raider_spear	big_map_normal	common	normal	basic	3	aggressive	9	posture_break	spear_posture_grind	posture_break	spearman	uncommon	break	posture_break	5	-3	2	3	115.00	role_match,weapon_match,required_tag_match,distance_match,tactic_match,rarity_fit	role_break,role_control,variant_aggressive,weapon_spearman	boss_only,player_only,true_boss_only,weapon_mismatch	weapon_spearman,role_break,deck_posture_break,ai_grind	generated_card_pool.tsv	
enemy_coastal_raider_spear_aggressive	enemy_coastal_raider_spear_aggressive	coastal_raider_spear	big_map_normal	common	normal	basic	3	aggressive	10	tempo	spear_tempo_reset	tempo	spearman	common	recovery	tempo	5	5	2	3	101.00	role_match,weapon_match,required_tag_match,distance_match,rarity_fit	role_break,role_control,variant_aggressive,weapon_spearman	boss_only,player_only,true_boss_only,weapon_mismatch	weapon_spearman,role_recovery,deck_tempo,ai_reset	generated_card_pool.tsv	
enemy_militia_spearman_basic	enemy_militia_spearman_basic	militia_spearman	big_map_normal	common	normal	basic	1	basic	1	attack	spear_line_thrust	attack	spearman	common	poke	attack	6	2	2	3	122.00	role_match,weapon_match,required_tag_match,distance_match,tactic_match,rarity_fit	role_break,role_control,variant_basic,weapon_spearman	boss_only,player_only,true_boss_only,weapon_mismatch	weapon_spearman,role_control,deck_attack,ai_hold_distance	generated_card_pool.tsv	
enemy_militia_spearman_basic	enemy_militia_spearman_basic	militia_spearman	big_map_normal	common	normal	basic	1	basic	2	attack	spear_long_poke	attack	spearman	common	poke	attack	4	0	2	3	116.00	role_match,weapon_match,required_tag_match,distance_match,tactic_match,rarity_fit	role_break,role_control,variant_basic,weapon_spearman	boss_only,player_only,true_boss_only,weapon_mismatch	weapon_spearman,role_poke,deck_attack,ai_chip	generated_card_pool.tsv	
enemy_militia_spearman_basic	enemy_militia_spearman_basic	militia_spearman	big_map_normal	common	normal	basic	1	basic	3	attack	spear_line_thrust	attack	spearman	common	poke	attack	6	2	2	3	110.00	role_match,weapon_match,required_tag_match,distance_match,tactic_match,rarity_fit,repeat_penalty	role_break,role_control,variant_basic,weapon_spearman	boss_only,player_only,true_boss_only,weapon_mismatch	weapon_spearman,role_control,deck_attack,ai_hold_distance	generated_card_pool.tsv	
enemy_militia_spearman_basic	enemy_militia_spearman_basic	militia_spearman	big_map_normal	common	normal	basic	1	basic	4	guard	spear_deny_entry	guard	spearman	uncommon	counter	guard	6	2	2	3	100.00	role_match,weapon_match,required_tag_match,distance_match,rarity_fit	role_break,role_control,variant_basic,weapon_spearman	boss_only,player_only,true_boss_only,weapon_mismatch	weapon_spearman,role_counter,deck_guard,ai_deny_approach	generated_card_pool.tsv	
enemy_militia_spearman_basic	enemy_militia_spearman_basic	militia_spearman	big_map_normal	common	normal	basic	1	basic	5	guard	generic_guard	guard	generic	common	guard	guard	5	1	2	3	93.00	role_match,generic_fallback,distance_match,tactic_match,rarity_fit	role_break,role_control,variant_basic,weapon_spearman	boss_only,player_only,true_boss_only,weapon_mismatch	weapon_generic,role_guard,deck_guard,ai_stabilize	generated_card_pool.tsv	
enemy_militia_spearman_basic	enemy_militia_spearman_basic	militia_spearman	big_map_normal	common	normal	basic	1	basic	6	movement	spear_hold_distance	movement	spearman	common	control	movement	4	0	2	3	124.00	role_match,weapon_match,required_tag_match,distance_match,tactic_match,rarity_fit	role_break,role_control,variant_basic,weapon_spearman	boss_only,player_only,true_boss_only,weapon_mismatch	weapon_spearman,role_control,deck_movement,ai_hold_distance	generated_card_pool.tsv	
enemy_militia_spearman_basic	enemy_militia_spearman_basic	militia_spearman	big_map_normal	common	normal	basic	1	basic	7	posture_break	spear_push_cut	posture_break	spearman	common	break	posture_break	5	1	2	3	124.00	role_match,weapon_match,required_tag_match,distance_match,tactic_match,rarity_fit	role_break,role_control,variant_basic,weapon_spearman	boss_only,player_only,true_boss_only,weapon_mismatch	weapon_spearman,role_break,deck_posture_break,ai_deny_approach	generated_card_pool.tsv	
enemy_militia_spearman_basic	enemy_militia_spearman_basic	militia_spearman	big_map_normal	common	normal	basic	1	basic	8	posture_break	spear_posture_grind	posture_break	spearman	uncommon	break	posture_break	5	-3	2	3	115.00	role_match,weapon_match,required_tag_match,distance_match,tactic_match,rarity_fit	role_break,role_control,variant_basic,weapon_spearman	boss_only,player_only,true_boss_only,weapon_mismatch	weapon_spearman,role_break,deck_posture_break,ai_grind	generated_card_pool.tsv	
enemy_militia_spearman_basic	enemy_militia_spearman_basic	militia_spearman	big_map_normal	common	normal	basic	1	basic	9	tempo	spear_tempo_reset	tempo	spearman	common	recovery	tempo	5	5	2	3	101.00	role_match,weapon_match,required_tag_match,distance_match,rarity_fit	role_break,role_control,variant_basic,weapon_spearman	boss_only,player_only,true_boss_only,weapon_mismatch	weapon_spearman,role_recovery,deck_tempo,ai_reset	generated_card_pool.tsv	
enemy_militia_spearman_advanced	enemy_militia_spearman_advanced	militia_spearman	big_map_normal	common	normal	basic	2	advanced	1	attack	spear_line_thrust	attack	spearman	common	poke	attack	6	2	2	3	122.00	role_match,weapon_match,required_tag_match,distance_match,tactic_match,rarity_fit	role_break,role_control,variant_advanced,weapon_spearman	boss_only,player_only,true_boss_only,weapon_mismatch	weapon_spearman,role_control,deck_attack,ai_hold_distance	generated_card_pool.tsv	
enemy_militia_spearman_advanced	enemy_militia_spearman_advanced	militia_spearman	big_map_normal	common	normal	basic	2	advanced	2	attack	spear_long_poke	attack	spearman	common	poke	attack	4	0	2	3	116.00	role_match,weapon_match,required_tag_match,distance_match,tactic_match,rarity_fit	role_break,role_control,variant_advanced,weapon_spearman	boss_only,player_only,true_boss_only,weapon_mismatch	weapon_spearman,role_poke,deck_attack,ai_chip	generated_card_pool.tsv	
enemy_militia_spearman_advanced	enemy_militia_spearman_advanced	militia_spearman	big_map_normal	common	normal	basic	2	advanced	3	attack	spear_line_thrust	attack	spearman	common	poke	attack	6	2	2	3	110.00	role_match,weapon_match,required_tag_match,distance_match,tactic_match,rarity_fit,repeat_penalty	role_break,role_control,variant_advanced,weapon_spearman	boss_only,player_only,true_boss_only,weapon_mismatch	weapon_spearman,role_control,deck_attack,ai_hold_distance	generated_card_pool.tsv	
enemy_militia_spearman_advanced	enemy_militia_spearman_advanced	militia_spearman	big_map_normal	common	normal	basic	2	advanced	4	guard	spear_deny_entry	guard	spearman	uncommon	counter	guard	6	2	2	3	100.00	role_match,weapon_match,required_tag_match,distance_match,rarity_fit	role_break,role_control,variant_advanced,weapon_spearman	boss_only,player_only,true_boss_only,weapon_mismatch	weapon_spearman,role_counter,deck_guard,ai_deny_approach	generated_card_pool.tsv	
enemy_militia_spearman_advanced	enemy_militia_spearman_advanced	militia_spearman	big_map_normal	common	normal	basic	2	advanced	5	guard	generic_guard	guard	generic	common	guard	guard	5	1	2	3	93.00	role_match,generic_fallback,distance_match,tactic_match,rarity_fit	role_break,role_control,variant_advanced,weapon_spearman	boss_only,player_only,true_boss_only,weapon_mismatch	weapon_generic,role_guard,deck_guard,ai_stabilize	generated_card_pool.tsv	
enemy_militia_spearman_advanced	enemy_militia_spearman_advanced	militia_spearman	big_map_normal	common	normal	basic	2	advanced	6	movement	spear_hold_distance	movement	spearman	common	control	movement	4	0	2	3	124.00	role_match,weapon_match,required_tag_match,distance_match,tactic_match,rarity_fit	role_break,role_control,variant_advanced,weapon_spearman	boss_only,player_only,true_boss_only,weapon_mismatch	weapon_spearman,role_control,deck_movement,ai_hold_distance	generated_card_pool.tsv	
enemy_militia_spearman_advanced	enemy_militia_spearman_advanced	militia_spearman	big_map_normal	common	normal	basic	2	advanced	7	movement	spear_hold_distance	movement	spearman	common	control	movement	4	0	2	3	112.00	role_match,weapon_match,required_tag_match,distance_match,tactic_match,rarity_fit,repeat_penalty	role_break,role_control,variant_advanced,weapon_spearman	boss_only,player_only,true_boss_only,weapon_mismatch	weapon_spearman,role_control,deck_movement,ai_hold_distance	generated_card_pool.tsv	
enemy_militia_spearman_advanced	enemy_militia_spearman_advanced	militia_spearman	big_map_normal	common	normal	basic	2	advanced	8	posture_break	spear_push_cut	posture_break	spearman	common	break	posture_break	5	1	2	3	124.00	role_match,weapon_match,required_tag_match,distance_match,tactic_match,rarity_fit	role_break,role_control,variant_advanced,weapon_spearman	boss_only,player_only,true_boss_only,weapon_mismatch	weapon_spearman,role_break,deck_posture_break,ai_deny_approach	generated_card_pool.tsv	
enemy_militia_spearman_advanced	enemy_militia_spearman_advanced	militia_spearman	big_map_normal	common	normal	basic	2	advanced	9	posture_break	spear_posture_grind	posture_break	spearman	uncommon	break	posture_break	5	-3	2	3	115.00	role_match,weapon_match,required_tag_match,distance_match,tactic_match,rarity_fit	role_break,role_control,variant_advanced,weapon_spearman	boss_only,player_only,true_boss_only,weapon_mismatch	weapon_spearman,role_break,deck_posture_break,ai_grind	generated_card_pool.tsv	
enemy_militia_spearman_advanced	enemy_militia_spearman_advanced	militia_spearman	big_map_normal	common	normal	basic	2	advanced	10	tempo	spear_tempo_reset	tempo	spearman	common	recovery	tempo	5	5	2	3	101.00	role_match,weapon_match,required_tag_match,distance_match,rarity_fit	role_break,role_control,variant_advanced,weapon_spearman	boss_only,player_only,true_boss_only,weapon_mismatch	weapon_spearman,role_recovery,deck_tempo,ai_reset	generated_card_pool.tsv	
enemy_militia_spearman_advanced	enemy_militia_spearman_advanced	militia_spearman	big_map_normal	common	normal	basic	2	advanced	11	combo	spear_chain_bridge	combo	spearman	uncommon	combo_bridge	combo	5	1	2	3	102.00	role_match,weapon_match,required_tag_match,distance_match,rarity_fit	role_break,role_control,variant_advanced,weapon_spearman	boss_only,player_only,true_boss_only,weapon_mismatch	weapon_spearman,role_combo_bridge,deck_combo,ai_link	generated_card_pool.tsv	
enemy_militia_spearman_aggressive	enemy_militia_spearman_aggressive	militia_spearman	big_map_normal	common	normal	basic	3	aggressive	1	attack	spear_line_thrust	attack	spearman	common	poke	attack	6	2	2	3	122.00	role_match,weapon_match,required_tag_match,distance_match,tactic_match,rarity_fit	role_break,role_control,variant_aggressive,weapon_spearman	boss_only,player_only,true_boss_only,weapon_mismatch	weapon_spearman,role_control,deck_attack,ai_hold_distance	generated_card_pool.tsv	
enemy_militia_spearman_aggressive	enemy_militia_spearman_aggressive	militia_spearman	big_map_normal	common	normal	basic	3	aggressive	2	attack	spear_long_poke	attack	spearman	common	poke	attack	4	0	2	3	116.00	role_match,weapon_match,required_tag_match,distance_match,tactic_match,rarity_fit	role_break,role_control,variant_aggressive,weapon_spearman	boss_only,player_only,true_boss_only,weapon_mismatch	weapon_spearman,role_poke,deck_attack,ai_chip	generated_card_pool.tsv	
enemy_militia_spearman_aggressive	enemy_militia_spearman_aggressive	militia_spearman	big_map_normal	common	normal	basic	3	aggressive	3	attack	spear_line_thrust	attack	spearman	common	poke	attack	6	2	2	3	110.00	role_match,weapon_match,required_tag_match,distance_match,tactic_match,rarity_fit,repeat_penalty	role_break,role_control,variant_aggressive,weapon_spearman	boss_only,player_only,true_boss_only,weapon_mismatch	weapon_spearman,role_control,deck_attack,ai_hold_distance	generated_card_pool.tsv	
enemy_militia_spearman_aggressive	enemy_militia_spearman_aggressive	militia_spearman	big_map_normal	common	normal	basic	3	aggressive	4	attack	spear_long_poke	attack	spearman	common	poke	attack	4	0	2	3	104.00	role_match,weapon_match,required_tag_match,distance_match,tactic_match,rarity_fit,repeat_penalty	role_break,role_control,variant_aggressive,weapon_spearman	boss_only,player_only,true_boss_only,weapon_mismatch	weapon_spearman,role_poke,deck_attack,ai_chip	generated_card_pool.tsv	
enemy_militia_spearman_aggressive	enemy_militia_spearman_aggressive	militia_spearman	big_map_normal	common	normal	basic	3	aggressive	5	guard	spear_deny_entry	guard	spearman	uncommon	counter	guard	6	2	2	3	100.00	role_match,weapon_match,required_tag_match,distance_match,rarity_fit	role_break,role_control,variant_aggressive,weapon_spearman	boss_only,player_only,true_boss_only,weapon_mismatch	weapon_spearman,role_counter,deck_guard,ai_deny_approach	generated_card_pool.tsv	
enemy_militia_spearman_aggressive	enemy_militia_spearman_aggressive	militia_spearman	big_map_normal	common	normal	basic	3	aggressive	6	guard	generic_guard	guard	generic	common	guard	guard	5	1	2	3	93.00	role_match,generic_fallback,distance_match,tactic_match,rarity_fit	role_break,role_control,variant_aggressive,weapon_spearman	boss_only,player_only,true_boss_only,weapon_mismatch	weapon_generic,role_guard,deck_guard,ai_stabilize	generated_card_pool.tsv	
enemy_militia_spearman_aggressive	enemy_militia_spearman_aggressive	militia_spearman	big_map_normal	common	normal	basic	3	aggressive	7	movement	spear_hold_distance	movement	spearman	common	control	movement	4	0	2	3	124.00	role_match,weapon_match,required_tag_match,distance_match,tactic_match,rarity_fit	role_break,role_control,variant_aggressive,weapon_spearman	boss_only,player_only,true_boss_only,weapon_mismatch	weapon_spearman,role_control,deck_movement,ai_hold_distance	generated_card_pool.tsv	
enemy_militia_spearman_aggressive	enemy_militia_spearman_aggressive	militia_spearman	big_map_normal	common	normal	basic	3	aggressive	8	posture_break	spear_push_cut	posture_break	spearman	common	break	posture_break	5	1	2	3	124.00	role_match,weapon_match,required_tag_match,distance_match,tactic_match,rarity_fit	role_break,role_control,variant_aggressive,weapon_spearman	boss_only,player_only,true_boss_only,weapon_mismatch	weapon_spearman,role_break,deck_posture_break,ai_deny_approach	generated_card_pool.tsv	
enemy_militia_spearman_aggressive	enemy_militia_spearman_aggressive	militia_spearman	big_map_normal	common	normal	basic	3	aggressive	9	posture_break	spear_posture_grind	posture_break	spearman	uncommon	break	posture_break	5	-3	2	3	115.00	role_match,weapon_match,required_tag_match,distance_match,tactic_match,rarity_fit	role_break,role_control,variant_aggressive,weapon_spearman	boss_only,player_only,true_boss_only,weapon_mismatch	weapon_spearman,role_break,deck_posture_break,ai_grind	generated_card_pool.tsv	
enemy_militia_spearman_aggressive	enemy_militia_spearman_aggressive	militia_spearman	big_map_normal	common	normal	basic	3	aggressive	10	tempo	spear_tempo_reset	tempo	spearman	common	recovery	tempo	5	5	2	3	101.00	role_match,weapon_match,required_tag_match,distance_match,rarity_fit	role_break,role_control,variant_aggressive,weapon_spearman	boss_only,player_only,true_boss_only,weapon_mismatch	weapon_spearman,role_recovery,deck_tempo,ai_reset	generated_card_pool.tsv	
enemy_shield_blademan_basic	enemy_shield_blademan_basic	shield_blademan	big_map_normal	common	normal	basic	1	basic	1	attack	blade_close_slash	attack	blademaster	common	approach	attack	5	1	1	2	114.00	role_match,weapon_match,required_tag_match,distance_match,rarity_fit	role_approach,role_counter,variant_basic,weapon_blademaster	boss_only,player_only,true_boss_only,weapon_mismatch	weapon_blademaster,role_approach,deck_attack,ai_close_in	generated_card_pool.tsv	
enemy_shield_blademan_basic	enemy_shield_blademan_basic	shield_blademan	big_map_normal	common	normal	basic	1	basic	2	attack	blade_follow_step	attack	blademaster	uncommon	pressure	attack	6	-2	1	2	110.00	role_match,weapon_match,required_tag_match,distance_match,tactic_match,rarity_fit	role_approach,role_counter,variant_basic,weapon_blademaster	boss_only,player_only,true_boss_only,weapon_mismatch	weapon_blademaster,role_pressure,deck_attack,ai_stick	generated_card_pool.tsv	
enemy_shield_blademan_basic	enemy_shield_blademan_basic	shield_blademan	big_map_normal	common	normal	basic	1	basic	3	attack	blade_close_slash	attack	blademaster	common	approach	attack	5	1	1	2	102.00	role_match,weapon_match,required_tag_match,distance_match,rarity_fit,repeat_penalty	role_approach,role_counter,variant_basic,weapon_blademaster	boss_only,player_only,true_boss_only,weapon_mismatch	weapon_blademaster,role_approach,deck_attack,ai_close_in	generated_card_pool.tsv	
enemy_shield_blademan_basic	enemy_shield_blademan_basic	shield_blademan	big_map_normal	common	normal	basic	1	basic	4	guard	blade_counter_cut	guard	blademaster	uncommon	counter	guard	7	-1	1	2	120.00	role_match,weapon_match,required_tag_match,distance_match,tactic_match,rarity_fit	role_approach,role_counter,variant_basic,weapon_blademaster	boss_only,player_only,true_boss_only,weapon_mismatch	weapon_blademaster,role_counter,deck_guard,ai_counter	generated_card_pool.tsv	
enemy_shield_blademan_basic	enemy_shield_blademan_basic	shield_blademan	big_map_normal	common	normal	basic	1	basic	5	guard	blade_inside_guard	guard	blademaster	common	guard	guard	5	1	1	2	116.00	role_match,weapon_match,required_tag_match,distance_match,tactic_match,rarity_fit	role_approach,role_counter,variant_basic,weapon_blademaster	boss_only,player_only,true_boss_only,weapon_mismatch	weapon_blademaster,role_guard,deck_guard,ai_stabilize	generated_card_pool.tsv	
enemy_shield_blademan_basic	enemy_shield_blademan_basic	shield_blademan	big_map_normal	common	normal	basic	1	basic	6	movement	blade_quick_entry	movement	blademaster	common	approach	movement	4	0	1	2	114.00	role_match,weapon_match,required_tag_match,distance_match,rarity_fit	role_approach,role_counter,variant_basic,weapon_blademaster	boss_only,player_only,true_boss_only,weapon_mismatch	weapon_blademaster,role_approach,deck_movement,ai_setup	generated_card_pool.tsv	
enemy_shield_blademan_basic	enemy_shield_blademan_basic	shield_blademan	big_map_normal	common	normal	basic	1	basic	7	posture_break	blade_opening_break	posture_break	blademaster	uncommon	break	posture_break	6	-2	1	2	100.00	role_match,weapon_match,required_tag_match,distance_match,rarity_fit	role_approach,role_counter,variant_basic,weapon_blademaster	boss_only,player_only,true_boss_only,weapon_mismatch	weapon_blademaster,role_break,deck_posture_break,ai_break_open	generated_card_pool.tsv	
enemy_shield_blademan_basic	enemy_shield_blademan_basic	shield_blademan	big_map_normal	common	normal	basic	1	basic	8	tempo	blade_tempo_feint	tempo	blademaster	uncommon	combo_bridge	tempo	5	1	1	2	102.00	role_match,weapon_match,required_tag_match,distance_match,rarity_fit	role_approach,role_counter,variant_basic,weapon_blademaster	boss_only,player_only,true_boss_only,weapon_mismatch	weapon_blademaster,role_tempo,deck_tempo,ai_setup	generated_card_pool.tsv	
enemy_shield_blademan_basic	enemy_shield_blademan_basic	shield_blademan	big_map_normal	common	normal	basic	1	basic	9	combo	blade_dual_cut_chain	combo	blademaster	rare	burst	combo	7	-5	1	2	101.00	role_match,weapon_match,required_tag_match,distance_match,tactic_match	role_approach,role_counter,variant_basic,weapon_blademaster	boss_only,player_only,true_boss_only,weapon_mismatch	weapon_blademaster,role_burst,deck_combo,ai_burst	generated_card_pool.tsv	
enemy_shield_blademan_advanced	enemy_shield_blademan_advanced	shield_blademan	big_map_normal	common	normal	basic	2	advanced	1	attack	blade_close_slash	attack	blademaster	common	approach	attack	5	1	1	2	114.00	role_match,weapon_match,required_tag_match,distance_match,rarity_fit	role_approach,role_counter,variant_advanced,weapon_blademaster	boss_only,player_only,true_boss_only,weapon_mismatch	weapon_blademaster,role_approach,deck_attack,ai_close_in	generated_card_pool.tsv	
enemy_shield_blademan_advanced	enemy_shield_blademan_advanced	shield_blademan	big_map_normal	common	normal	basic	2	advanced	2	attack	blade_follow_step	attack	blademaster	uncommon	pressure	attack	6	-2	1	2	110.00	role_match,weapon_match,required_tag_match,distance_match,tactic_match,rarity_fit	role_approach,role_counter,variant_advanced,weapon_blademaster	boss_only,player_only,true_boss_only,weapon_mismatch	weapon_blademaster,role_pressure,deck_attack,ai_stick	generated_card_pool.tsv	
enemy_shield_blademan_advanced	enemy_shield_blademan_advanced	shield_blademan	big_map_normal	common	normal	basic	2	advanced	3	attack	blade_close_slash	attack	blademaster	common	approach	attack	5	1	1	2	102.00	role_match,weapon_match,required_tag_match,distance_match,rarity_fit,repeat_penalty	role_approach,role_counter,variant_advanced,weapon_blademaster	boss_only,player_only,true_boss_only,weapon_mismatch	weapon_blademaster,role_approach,deck_attack,ai_close_in	generated_card_pool.tsv	
enemy_shield_blademan_advanced	enemy_shield_blademan_advanced	shield_blademan	big_map_normal	common	normal	basic	2	advanced	4	guard	blade_counter_cut	guard	blademaster	uncommon	counter	guard	7	-1	1	2	120.00	role_match,weapon_match,required_tag_match,distance_match,tactic_match,rarity_fit	role_approach,role_counter,variant_advanced,weapon_blademaster	boss_only,player_only,true_boss_only,weapon_mismatch	weapon_blademaster,role_counter,deck_guard,ai_counter	generated_card_pool.tsv	
enemy_shield_blademan_advanced	enemy_shield_blademan_advanced	shield_blademan	big_map_normal	common	normal	basic	2	advanced	5	guard	blade_inside_guard	guard	blademaster	common	guard	guard	5	1	1	2	116.00	role_match,weapon_match,required_tag_match,distance_match,tactic_match,rarity_fit	role_approach,role_counter,variant_advanced,weapon_blademaster	boss_only,player_only,true_boss_only,weapon_mismatch	weapon_blademaster,role_guard,deck_guard,ai_stabilize	generated_card_pool.tsv	
enemy_shield_blademan_advanced	enemy_shield_blademan_advanced	shield_blademan	big_map_normal	common	normal	basic	2	advanced	6	movement	blade_quick_entry	movement	blademaster	common	approach	movement	4	0	1	2	114.00	role_match,weapon_match,required_tag_match,distance_match,rarity_fit	role_approach,role_counter,variant_advanced,weapon_blademaster	boss_only,player_only,true_boss_only,weapon_mismatch	weapon_blademaster,role_approach,deck_movement,ai_setup	generated_card_pool.tsv	
enemy_shield_blademan_advanced	enemy_shield_blademan_advanced	shield_blademan	big_map_normal	common	normal	basic	2	advanced	7	movement	blade_shoulder_shift	movement	blademaster	common	retreat	movement	3	-1	1	2	106.00	role_match,weapon_match,required_tag_match,distance_match,rarity_fit	role_approach,role_counter,variant_advanced,weapon_blademaster	boss_only,player_only,true_boss_only,weapon_mismatch	weapon_blademaster,role_retreat,deck_movement,ai_reset	generated_card_pool.tsv	
enemy_shield_blademan_advanced	enemy_shield_blademan_advanced	shield_blademan	big_map_normal	common	normal	basic	2	advanced	8	posture_break	blade_opening_break	posture_break	blademaster	uncommon	break	posture_break	6	-2	1	2	100.00	role_match,weapon_match,required_tag_match,distance_match,rarity_fit	role_approach,role_counter,variant_advanced,weapon_blademaster	boss_only,player_only,true_boss_only,weapon_mismatch	weapon_blademaster,role_break,deck_posture_break,ai_break_open	generated_card_pool.tsv	
enemy_shield_blademan_advanced	enemy_shield_blademan_advanced	shield_blademan	big_map_normal	common	normal	basic	2	advanced	9	tempo	blade_tempo_feint	tempo	blademaster	uncommon	combo_bridge	tempo	5	1	1	2	102.00	role_match,weapon_match,required_tag_match,distance_match,rarity_fit	role_approach,role_counter,variant_advanced,weapon_blademaster	boss_only,player_only,true_boss_only,weapon_mismatch	weapon_blademaster,role_tempo,deck_tempo,ai_setup	generated_card_pool.tsv	
enemy_shield_blademan_advanced	enemy_shield_blademan_advanced	shield_blademan	big_map_normal	common	normal	basic	2	advanced	10	combo	blade_dual_cut_chain	combo	blademaster	rare	burst	combo	7	-5	1	2	101.00	role_match,weapon_match,required_tag_match,distance_match,tactic_match	role_approach,role_counter,variant_advanced,weapon_blademaster	boss_only,player_only,true_boss_only,weapon_mismatch	weapon_blademaster,role_burst,deck_combo,ai_burst	generated_card_pool.tsv	
enemy_shield_blademan_advanced	enemy_shield_blademan_advanced	shield_blademan	big_map_normal	common	normal	basic	2	advanced	11	combo	blade_link_spin	combo	blademaster	uncommon	combo_bridge	combo	6	-2	1	2	100.00	role_match,weapon_match,required_tag_match,distance_match,rarity_fit	role_approach,role_counter,variant_advanced,weapon_blademaster	boss_only,player_only,true_boss_only,weapon_mismatch	weapon_blademaster,role_combo_bridge,deck_combo,ai_link	generated_card_pool.tsv	
enemy_shield_blademan_aggressive	enemy_shield_blademan_aggressive	shield_blademan	big_map_normal	common	normal	basic	3	aggressive	1	attack	blade_close_slash	attack	blademaster	common	approach	attack	5	1	1	2	114.00	role_match,weapon_match,required_tag_match,distance_match,rarity_fit	role_approach,role_counter,variant_aggressive,weapon_blademaster	boss_only,player_only,true_boss_only,weapon_mismatch	weapon_blademaster,role_approach,deck_attack,ai_close_in	generated_card_pool.tsv	
enemy_shield_blademan_aggressive	enemy_shield_blademan_aggressive	shield_blademan	big_map_normal	common	normal	basic	3	aggressive	2	attack	blade_follow_step	attack	blademaster	uncommon	pressure	attack	6	-2	1	2	110.00	role_match,weapon_match,required_tag_match,distance_match,tactic_match,rarity_fit	role_approach,role_counter,variant_aggressive,weapon_blademaster	boss_only,player_only,true_boss_only,weapon_mismatch	weapon_blademaster,role_pressure,deck_attack,ai_stick	generated_card_pool.tsv	
enemy_shield_blademan_aggressive	enemy_shield_blademan_aggressive	shield_blademan	big_map_normal	common	normal	basic	3	aggressive	3	attack	blade_close_slash	attack	blademaster	common	approach	attack	5	1	1	2	102.00	role_match,weapon_match,required_tag_match,distance_match,rarity_fit,repeat_penalty	role_approach,role_counter,variant_aggressive,weapon_blademaster	boss_only,player_only,true_boss_only,weapon_mismatch	weapon_blademaster,role_approach,deck_attack,ai_close_in	generated_card_pool.tsv	
enemy_shield_blademan_aggressive	enemy_shield_blademan_aggressive	shield_blademan	big_map_normal	common	normal	basic	3	aggressive	4	attack	blade_follow_step	attack	blademaster	uncommon	pressure	attack	6	-2	1	2	98.00	role_match,weapon_match,required_tag_match,distance_match,tactic_match,rarity_fit,repeat_penalty	role_approach,role_counter,variant_aggressive,weapon_blademaster	boss_only,player_only,true_boss_only,weapon_mismatch	weapon_blademaster,role_pressure,deck_attack,ai_stick	generated_card_pool.tsv	
enemy_shield_blademan_aggressive	enemy_shield_blademan_aggressive	shield_blademan	big_map_normal	common	normal	basic	3	aggressive	5	guard	blade_counter_cut	guard	blademaster	uncommon	counter	guard	7	-1	1	2	120.00	role_match,weapon_match,required_tag_match,distance_match,tactic_match,rarity_fit	role_approach,role_counter,variant_aggressive,weapon_blademaster	boss_only,player_only,true_boss_only,weapon_mismatch	weapon_blademaster,role_counter,deck_guard,ai_counter	generated_card_pool.tsv	
enemy_shield_blademan_aggressive	enemy_shield_blademan_aggressive	shield_blademan	big_map_normal	common	normal	basic	3	aggressive	6	guard	blade_inside_guard	guard	blademaster	common	guard	guard	5	1	1	2	116.00	role_match,weapon_match,required_tag_match,distance_match,tactic_match,rarity_fit	role_approach,role_counter,variant_aggressive,weapon_blademaster	boss_only,player_only,true_boss_only,weapon_mismatch	weapon_blademaster,role_guard,deck_guard,ai_stabilize	generated_card_pool.tsv	
enemy_shield_blademan_aggressive	enemy_shield_blademan_aggressive	shield_blademan	big_map_normal	common	normal	basic	3	aggressive	7	movement	blade_quick_entry	movement	blademaster	common	approach	movement	4	0	1	2	114.00	role_match,weapon_match,required_tag_match,distance_match,rarity_fit	role_approach,role_counter,variant_aggressive,weapon_blademaster	boss_only,player_only,true_boss_only,weapon_mismatch	weapon_blademaster,role_approach,deck_movement,ai_setup	generated_card_pool.tsv	
enemy_shield_blademan_aggressive	enemy_shield_blademan_aggressive	shield_blademan	big_map_normal	common	normal	basic	3	aggressive	8	posture_break	blade_opening_break	posture_break	blademaster	uncommon	break	posture_break	6	-2	1	2	100.00	role_match,weapon_match,required_tag_match,distance_match,rarity_fit	role_approach,role_counter,variant_aggressive,weapon_blademaster	boss_only,player_only,true_boss_only,weapon_mismatch	weapon_blademaster,role_break,deck_posture_break,ai_break_open	generated_card_pool.tsv	
enemy_shield_blademan_aggressive	enemy_shield_blademan_aggressive	shield_blademan	big_map_normal	common	normal	basic	3	aggressive	9	tempo	blade_tempo_feint	tempo	blademaster	uncommon	combo_bridge	tempo	5	1	1	2	102.00	role_match,weapon_match,required_tag_match,distance_match,rarity_fit	role_approach,role_counter,variant_aggressive,weapon_blademaster	boss_only,player_only,true_boss_only,weapon_mismatch	weapon_blademaster,role_tempo,deck_tempo,ai_setup	generated_card_pool.tsv	
enemy_shield_blademan_aggressive	enemy_shield_blademan_aggressive	shield_blademan	big_map_normal	common	normal	basic	3	aggressive	10	combo	blade_dual_cut_chain	combo	blademaster	rare	burst	combo	7	-5	1	2	101.00	role_match,weapon_match,required_tag_match,distance_match,tactic_match	role_approach,role_counter,variant_aggressive,weapon_blademaster	boss_only,player_only,true_boss_only,weapon_mismatch	weapon_blademaster,role_burst,deck_combo,ai_burst	generated_card_pool.tsv	
enemy_scout_footwork_basic	enemy_scout_footwork_basic	scout_footwork	big_map_normal	common	normal	advanced	1	basic	1	attack	footwork_evade_cut	attack	footwork	uncommon	counter	attack	6	2	1	3	102.00	role_match,weapon_match,required_tag_match,distance_match,rarity_fit	role_movement,role_tempo,variant_basic,weapon_footwork	boss_only,player_only,true_boss_only,weapon_mismatch	weapon_footwork,role_counter,deck_attack,ai_evade	generated_card_pool.tsv	
enemy_scout_footwork_basic	enemy_scout_footwork_basic	scout_footwork	big_map_normal	common	normal	advanced	1	basic	2	attack	generic_forward_press	attack	generic	common	pressure	attack	4	0	1	3	91.00	role_match,generic_fallback,distance_match,tactic_match,rarity_fit	role_movement,role_tempo,variant_basic,weapon_footwork	boss_only,player_only,true_boss_only,weapon_mismatch	weapon_generic,role_pressure,deck_attack,ai_press	generated_card_pool.tsv	
enemy_scout_footwork_basic	enemy_scout_footwork_basic	scout_footwork	big_map_normal	common	normal	advanced	1	basic	3	guard	footwork_guard_drift	guard	footwork	common	guard	guard	4	0	1	3	104.00	role_match,weapon_match,required_tag_match,distance_match,rarity_fit	role_movement,role_tempo,variant_basic,weapon_footwork	boss_only,player_only,true_boss_only,weapon_mismatch	weapon_footwork,role_guard,deck_guard,ai_evade	generated_card_pool.tsv	
enemy_scout_footwork_basic	enemy_scout_footwork_basic	scout_footwork	big_map_normal	common	normal	advanced	1	basic	4	movement	footwork_circle_step	movement	footwork	common	control	movement	3	3	1	3	117.00	role_match,weapon_match,required_tag_match,distance_match,tactic_match,rarity_fit	role_movement,role_tempo,variant_basic,weapon_footwork	boss_only,player_only,true_boss_only,weapon_mismatch	weapon_footwork,role_movement,deck_movement,ai_angle	generated_card_pool.tsv	
enemy_scout_footwork_basic	enemy_scout_footwork_basic	scout_footwork	big_map_normal	common	normal	advanced	1	basic	5	movement	footwork_reverse_slide	movement	footwork	common	retreat	movement	3	3	1	3	109.00	role_match,weapon_match,required_tag_match,distance_match,tactic_match,rarity_fit	role_movement,role_tempo,variant_basic,weapon_footwork	boss_only,player_only,true_boss_only,weapon_mismatch	weapon_footwork,role_retreat,deck_movement,ai_evade	generated_card_pool.tsv	
enemy_scout_footwork_basic	enemy_scout_footwork_basic	scout_footwork	big_map_normal	common	normal	advanced	1	basic	6	movement	footwork_circle_step	movement	footwork	common	control	movement	3	3	1	3	105.00	role_match,weapon_match,required_tag_match,distance_match,tactic_match,rarity_fit,repeat_penalty	role_movement,role_tempo,variant_basic,weapon_footwork	boss_only,player_only,true_boss_only,weapon_mismatch	weapon_footwork,role_movement,deck_movement,ai_angle	generated_card_pool.tsv	
enemy_scout_footwork_basic	enemy_scout_footwork_basic	scout_footwork	big_map_normal	common	normal	advanced	1	basic	7	posture_break	footwork_low_break	posture_break	footwork	uncommon	break	posture_break	3	-1	1	3	104.00	role_match,weapon_match,required_tag_match,distance_match,rarity_fit	role_movement,role_tempo,variant_basic,weapon_footwork	boss_only,player_only,true_boss_only,weapon_mismatch	weapon_footwork,role_break,deck_posture_break,ai_trip	generated_card_pool.tsv	
enemy_scout_footwork_basic	enemy_scout_footwork_basic	scout_footwork	big_map_normal	common	normal	advanced	1	basic	8	tempo	footwork_tempo_steal	tempo	footwork	uncommon	tempo	tempo	5	1	1	3	112.00	role_match,weapon_match,required_tag_match,distance_match,rarity_fit	role_movement,role_tempo,variant_basic,weapon_footwork	boss_only,player_only,true_boss_only,weapon_mismatch	weapon_footwork,role_tempo,deck_tempo,ai_steal	generated_card_pool.tsv	
enemy_scout_footwork_basic	enemy_scout_footwork_basic	scout_footwork	big_map_normal	common	normal	advanced	1	basic	9	tempo	footwork_tempo_steal	tempo	footwork	uncommon	tempo	tempo	5	1	1	3	100.00	role_match,weapon_match,required_tag_match,distance_match,rarity_fit,repeat_penalty	role_movement,role_tempo,variant_basic,weapon_footwork	boss_only,player_only,true_boss_only,weapon_mismatch	weapon_footwork,role_tempo,deck_tempo,ai_steal	generated_card_pool.tsv	
enemy_scout_footwork_basic	enemy_scout_footwork_basic	scout_footwork	big_map_normal	common	normal	advanced	1	basic	10	special	footwork_special_flow	special	footwork	special	combo_bridge	special	6	-2	1	3	90.00	role_match,weapon_match,required_tag_match,distance_match	role_movement,role_tempo,variant_basic,weapon_footwork	boss_only,player_only,true_boss_only,weapon_mismatch	weapon_footwork,role_combo_bridge,deck_special,ai_flow	generated_card_pool.tsv	
enemy_scout_footwork_advanced	enemy_scout_footwork_advanced	scout_footwork	big_map_normal	common	normal	advanced	2	advanced	1	attack	footwork_evade_cut	attack	footwork	uncommon	counter	attack	6	2	1	3	102.00	role_match,weapon_match,required_tag_match,distance_match,rarity_fit	role_movement,role_tempo,variant_advanced,weapon_footwork	boss_only,player_only,true_boss_only,weapon_mismatch	weapon_footwork,role_counter,deck_attack,ai_evade	generated_card_pool.tsv	
enemy_scout_footwork_advanced	enemy_scout_footwork_advanced	scout_footwork	big_map_normal	common	normal	advanced	2	advanced	2	attack	generic_forward_press	attack	generic	common	pressure	attack	4	0	1	3	91.00	role_match,generic_fallback,distance_match,tactic_match,rarity_fit	role_movement,role_tempo,variant_advanced,weapon_footwork	boss_only,player_only,true_boss_only,weapon_mismatch	weapon_generic,role_pressure,deck_attack,ai_press	generated_card_pool.tsv	
enemy_scout_footwork_advanced	enemy_scout_footwork_advanced	scout_footwork	big_map_normal	common	normal	advanced	2	advanced	3	attack	footwork_evade_cut	attack	footwork	uncommon	counter	attack	6	2	1	3	90.00	role_match,weapon_match,required_tag_match,distance_match,rarity_fit,repeat_penalty	role_movement,role_tempo,variant_advanced,weapon_footwork	boss_only,player_only,true_boss_only,weapon_mismatch	weapon_footwork,role_counter,deck_attack,ai_evade	generated_card_pool.tsv	
enemy_scout_footwork_advanced	enemy_scout_footwork_advanced	scout_footwork	big_map_normal	common	normal	advanced	2	advanced	4	guard	footwork_guard_drift	guard	footwork	common	guard	guard	4	0	1	3	104.00	role_match,weapon_match,required_tag_match,distance_match,rarity_fit	role_movement,role_tempo,variant_advanced,weapon_footwork	boss_only,player_only,true_boss_only,weapon_mismatch	weapon_footwork,role_guard,deck_guard,ai_evade	generated_card_pool.tsv	
enemy_scout_footwork_advanced	enemy_scout_footwork_advanced	scout_footwork	big_map_normal	common	normal	advanced	2	advanced	5	movement	footwork_circle_step	movement	footwork	common	control	movement	3	3	1	3	117.00	role_match,weapon_match,required_tag_match,distance_match,tactic_match,rarity_fit	role_movement,role_tempo,variant_advanced,weapon_footwork	boss_only,player_only,true_boss_only,weapon_mismatch	weapon_footwork,role_movement,deck_movement,ai_angle	generated_card_pool.tsv	
enemy_scout_footwork_advanced	enemy_scout_footwork_advanced	scout_footwork	big_map_normal	common	normal	advanced	2	advanced	6	movement	footwork_reverse_slide	movement	footwork	common	retreat	movement	3	3	1	3	109.00	role_match,weapon_match,required_tag_match,distance_match,tactic_match,rarity_fit	role_movement,role_tempo,variant_advanced,weapon_footwork	boss_only,player_only,true_boss_only,weapon_mismatch	weapon_footwork,role_retreat,deck_movement,ai_evade	generated_card_pool.tsv	
enemy_scout_footwork_advanced	enemy_scout_footwork_advanced	scout_footwork	big_map_normal	common	normal	advanced	2	advanced	7	movement	footwork_circle_step	movement	footwork	common	control	movement	3	3	1	3	105.00	role_match,weapon_match,required_tag_match,distance_match,tactic_match,rarity_fit,repeat_penalty	role_movement,role_tempo,variant_advanced,weapon_footwork	boss_only,player_only,true_boss_only,weapon_mismatch	weapon_footwork,role_movement,deck_movement,ai_angle	generated_card_pool.tsv	
enemy_scout_footwork_advanced	enemy_scout_footwork_advanced	scout_footwork	big_map_normal	common	normal	advanced	2	advanced	8	posture_break	footwork_low_break	posture_break	footwork	uncommon	break	posture_break	3	-1	1	3	104.00	role_match,weapon_match,required_tag_match,distance_match,rarity_fit	role_movement,role_tempo,variant_advanced,weapon_footwork	boss_only,player_only,true_boss_only,weapon_mismatch	weapon_footwork,role_break,deck_posture_break,ai_trip	generated_card_pool.tsv	
enemy_scout_footwork_advanced	enemy_scout_footwork_advanced	scout_footwork	big_map_normal	common	normal	advanced	2	advanced	9	tempo	footwork_tempo_steal	tempo	footwork	uncommon	tempo	tempo	5	1	1	3	112.00	role_match,weapon_match,required_tag_match,distance_match,rarity_fit	role_movement,role_tempo,variant_advanced,weapon_footwork	boss_only,player_only,true_boss_only,weapon_mismatch	weapon_footwork,role_tempo,deck_tempo,ai_steal	generated_card_pool.tsv	
enemy_scout_footwork_advanced	enemy_scout_footwork_advanced	scout_footwork	big_map_normal	common	normal	advanced	2	advanced	10	tempo	footwork_tempo_steal	tempo	footwork	uncommon	tempo	tempo	5	1	1	3	100.00	role_match,weapon_match,required_tag_match,distance_match,rarity_fit,repeat_penalty	role_movement,role_tempo,variant_advanced,weapon_footwork	boss_only,player_only,true_boss_only,weapon_mismatch	weapon_footwork,role_tempo,deck_tempo,ai_steal	generated_card_pool.tsv	
enemy_scout_footwork_advanced	enemy_scout_footwork_advanced	scout_footwork	big_map_normal	common	normal	advanced	2	advanced	11	combo	generic_link_cut	combo	generic	uncommon	combo_bridge	combo	4	0	1	3	81.00	role_match,generic_fallback,distance_match,rarity_fit	role_movement,role_tempo,variant_advanced,weapon_footwork	boss_only,player_only,true_boss_only,weapon_mismatch	weapon_generic,role_combo_bridge,deck_combo,ai_link	generated_card_pool.tsv	
enemy_scout_footwork_advanced	enemy_scout_footwork_advanced	scout_footwork	big_map_normal	common	normal	advanced	2	advanced	12	special	footwork_special_flow	special	footwork	special	combo_bridge	special	6	-2	1	3	90.00	role_match,weapon_match,required_tag_match,distance_match	role_movement,role_tempo,variant_advanced,weapon_footwork	boss_only,player_only,true_boss_only,weapon_mismatch	weapon_footwork,role_combo_bridge,deck_special,ai_flow	generated_card_pool.tsv	
enemy_scout_footwork_aggressive	enemy_scout_footwork_aggressive	scout_footwork	big_map_normal	common	normal	advanced	3	aggressive	1	attack	footwork_evade_cut	attack	footwork	uncommon	counter	attack	6	2	1	3	102.00	role_match,weapon_match,required_tag_match,distance_match,rarity_fit	role_movement,role_tempo,variant_aggressive,weapon_footwork	boss_only,player_only,true_boss_only,weapon_mismatch	weapon_footwork,role_counter,deck_attack,ai_evade	generated_card_pool.tsv	
enemy_scout_footwork_aggressive	enemy_scout_footwork_aggressive	scout_footwork	big_map_normal	common	normal	advanced	3	aggressive	2	attack	generic_forward_press	attack	generic	common	pressure	attack	4	0	1	3	91.00	role_match,generic_fallback,distance_match,tactic_match,rarity_fit	role_movement,role_tempo,variant_aggressive,weapon_footwork	boss_only,player_only,true_boss_only,weapon_mismatch	weapon_generic,role_pressure,deck_attack,ai_press	generated_card_pool.tsv	
enemy_scout_footwork_aggressive	enemy_scout_footwork_aggressive	scout_footwork	big_map_normal	common	normal	advanced	3	aggressive	3	attack	footwork_evade_cut	attack	footwork	uncommon	counter	attack	6	2	1	3	90.00	role_match,weapon_match,required_tag_match,distance_match,rarity_fit,repeat_penalty	role_movement,role_tempo,variant_aggressive,weapon_footwork	boss_only,player_only,true_boss_only,weapon_mismatch	weapon_footwork,role_counter,deck_attack,ai_evade	generated_card_pool.tsv	
enemy_scout_footwork_aggressive	enemy_scout_footwork_aggressive	scout_footwork	big_map_normal	common	normal	advanced	3	aggressive	4	guard	footwork_guard_drift	guard	footwork	common	guard	guard	4	0	1	3	104.00	role_match,weapon_match,required_tag_match,distance_match,rarity_fit	role_movement,role_tempo,variant_aggressive,weapon_footwork	boss_only,player_only,true_boss_only,weapon_mismatch	weapon_footwork,role_guard,deck_guard,ai_evade	generated_card_pool.tsv	
enemy_scout_footwork_aggressive	enemy_scout_footwork_aggressive	scout_footwork	big_map_normal	common	normal	advanced	3	aggressive	5	movement	footwork_circle_step	movement	footwork	common	control	movement	3	3	1	3	117.00	role_match,weapon_match,required_tag_match,distance_match,tactic_match,rarity_fit	role_movement,role_tempo,variant_aggressive,weapon_footwork	boss_only,player_only,true_boss_only,weapon_mismatch	weapon_footwork,role_movement,deck_movement,ai_angle	generated_card_pool.tsv	
enemy_scout_footwork_aggressive	enemy_scout_footwork_aggressive	scout_footwork	big_map_normal	common	normal	advanced	3	aggressive	6	movement	footwork_reverse_slide	movement	footwork	common	retreat	movement	3	3	1	3	109.00	role_match,weapon_match,required_tag_match,distance_match,tactic_match,rarity_fit	role_movement,role_tempo,variant_aggressive,weapon_footwork	boss_only,player_only,true_boss_only,weapon_mismatch	weapon_footwork,role_retreat,deck_movement,ai_evade	generated_card_pool.tsv	
enemy_scout_footwork_aggressive	enemy_scout_footwork_aggressive	scout_footwork	big_map_normal	common	normal	advanced	3	aggressive	7	movement	footwork_circle_step	movement	footwork	common	control	movement	3	3	1	3	105.00	role_match,weapon_match,required_tag_match,distance_match,tactic_match,rarity_fit,repeat_penalty	role_movement,role_tempo,variant_aggressive,weapon_footwork	boss_only,player_only,true_boss_only,weapon_mismatch	weapon_footwork,role_movement,deck_movement,ai_angle	generated_card_pool.tsv	
enemy_scout_footwork_aggressive	enemy_scout_footwork_aggressive	scout_footwork	big_map_normal	common	normal	advanced	3	aggressive	8	posture_break	footwork_low_break	posture_break	footwork	uncommon	break	posture_break	3	-1	1	3	104.00	role_match,weapon_match,required_tag_match,distance_match,rarity_fit	role_movement,role_tempo,variant_aggressive,weapon_footwork	boss_only,player_only,true_boss_only,weapon_mismatch	weapon_footwork,role_break,deck_posture_break,ai_trip	generated_card_pool.tsv	
enemy_scout_footwork_aggressive	enemy_scout_footwork_aggressive	scout_footwork	big_map_normal	common	normal	advanced	3	aggressive	9	tempo	footwork_tempo_steal	tempo	footwork	uncommon	tempo	tempo	5	1	1	3	112.00	role_match,weapon_match,required_tag_match,distance_match,rarity_fit	role_movement,role_tempo,variant_aggressive,weapon_footwork	boss_only,player_only,true_boss_only,weapon_mismatch	weapon_footwork,role_tempo,deck_tempo,ai_steal	generated_card_pool.tsv	
enemy_scout_footwork_aggressive	enemy_scout_footwork_aggressive	scout_footwork	big_map_normal	common	normal	advanced	3	aggressive	10	tempo	footwork_tempo_steal	tempo	footwork	uncommon	tempo	tempo	5	1	1	3	100.00	role_match,weapon_match,required_tag_match,distance_match,rarity_fit,repeat_penalty	role_movement,role_tempo,variant_aggressive,weapon_footwork	boss_only,player_only,true_boss_only,weapon_mismatch	weapon_footwork,role_tempo,deck_tempo,ai_steal	generated_card_pool.tsv	
enemy_scout_footwork_aggressive	enemy_scout_footwork_aggressive	scout_footwork	big_map_normal	common	normal	advanced	3	aggressive	11	special	footwork_special_flow	special	footwork	special	combo_bridge	special	6	-2	1	3	90.00	role_match,weapon_match,required_tag_match,distance_match	role_movement,role_tempo,variant_aggressive,weapon_footwork	boss_only,player_only,true_boss_only,weapon_mismatch	weapon_footwork,role_combo_bridge,deck_special,ai_flow	generated_card_pool.tsv	
enemy_firearm_runner_basic	enemy_firearm_runner_basic	firearm_runner	big_map_normal	common	normal	advanced	1	basic	1	attack	enemy_firearm_shot	attack	firearm	uncommon	pressure	attack	6	-2	3	4	120.00	role_match,weapon_match,required_tag_match,distance_match,tactic_match,rarity_fit	role_firearm_pressure,role_tempo,variant_basic,weapon_firearm	boss_only,player_only,true_boss_only,weapon_mismatch	weapon_firearm,role_firearm_pressure,deck_attack,ai_firearm	generated_card_pool.tsv	
enemy_firearm_runner_basic	enemy_firearm_runner_basic	firearm_runner	big_map_normal	common	normal	advanced	1	basic	2	attack	enemy_firearm_shot	attack	firearm	uncommon	pressure	attack	6	-2	3	4	108.00	role_match,weapon_match,required_tag_match,distance_match,tactic_match,rarity_fit,repeat_penalty	role_firearm_pressure,role_tempo,variant_basic,weapon_firearm	boss_only,player_only,true_boss_only,weapon_mismatch	weapon_firearm,role_firearm_pressure,deck_attack,ai_firearm	generated_card_pool.tsv	
enemy_firearm_runner_basic	enemy_firearm_runner_basic	firearm_runner	big_map_normal	common	normal	advanced	1	basic	3	attack	enemy_firearm_close_check	attack	firearm	common	punish	attack	5	1	3	4	104.00	role_match,weapon_match,required_tag_match,distance_match,rarity_fit	role_firearm_pressure,role_tempo,variant_basic,weapon_firearm	boss_only,player_only,true_boss_only,weapon_mismatch	weapon_firearm,role_punish,deck_attack,ai_counterplay	generated_card_pool.tsv	
enemy_firearm_runner_basic	enemy_firearm_runner_basic	firearm_runner	big_map_normal	common	normal	advanced	1	basic	4	guard	enemy_firearm_guard_cover	guard	firearm	common	guard	guard	5	1	3	4	114.00	role_match,weapon_match,required_tag_match,distance_match,tactic_match,rarity_fit	role_firearm_pressure,role_tempo,variant_basic,weapon_firearm	boss_only,player_only,true_boss_only,weapon_mismatch	weapon_firearm,role_guard,deck_guard,ai_stabilize	generated_card_pool.tsv	
enemy_firearm_runner_basic	enemy_firearm_runner_basic	firearm_runner	big_map_normal	common	normal	advanced	1	basic	5	movement	enemy_firearm_reposition	movement	firearm	common	retreat	movement	3	-1	3	4	104.00	role_match,weapon_match,required_tag_match,distance_match,rarity_fit	role_firearm_pressure,role_tempo,variant_basic,weapon_firearm	boss_only,player_only,true_boss_only,weapon_mismatch	weapon_firearm,role_retreat,deck_movement,ai_counterplay	generated_card_pool.tsv	
enemy_firearm_runner_basic	enemy_firearm_runner_basic	firearm_runner	big_map_normal	common	normal	advanced	1	basic	6	posture_break	enemy_firearm_break_bayonet	posture_break	firearm	uncommon	break	posture_break	5	-3	3	4	89.00	role_match,weapon_match,required_tag_match,rarity_fit	role_firearm_pressure,role_tempo,variant_basic,weapon_firearm	boss_only,player_only,true_boss_only,weapon_mismatch	weapon_firearm,role_break,deck_posture_break,ai_counterplay	generated_card_pool.tsv	
enemy_firearm_runner_basic	enemy_firearm_runner_basic	firearm_runner	big_map_normal	common	normal	advanced	1	basic	7	posture_break	enemy_firearm_break_bayonet	posture_break	firearm	uncommon	break	posture_break	5	-3	3	4	77.00	role_match,weapon_match,required_tag_match,rarity_fit,repeat_penalty	role_firearm_pressure,role_tempo,variant_basic,weapon_firearm	boss_only,player_only,true_boss_only,weapon_mismatch	weapon_firearm,role_break,deck_posture_break,ai_counterplay	generated_card_pool.tsv	
enemy_firearm_runner_basic	enemy_firearm_runner_basic	firearm_runner	big_map_normal	common	normal	advanced	1	basic	8	tempo	enemy_firearm_aim	tempo	firearm	common	firearm_pressure	tempo	5	1	3	4	130.00	role_match,weapon_match,required_tag_match,distance_match,tactic_match,rarity_fit,firearm_counterplay	role_firearm_pressure,role_tempo,variant_basic,weapon_firearm	boss_only,player_only,true_boss_only,weapon_mismatch	weapon_firearm,role_firearm_pressure,deck_tempo,ai_setup	generated_card_pool.tsv	
enemy_firearm_runner_basic	enemy_firearm_runner_basic	firearm_runner	big_map_normal	common	normal	advanced	1	basic	9	tempo	enemy_firearm_aim	tempo	firearm	common	firearm_pressure	tempo	5	1	3	4	118.00	role_match,weapon_match,required_tag_match,distance_match,tactic_match,rarity_fit,repeat_penalty,firearm_counterplay	role_firearm_pressure,role_tempo,variant_basic,weapon_firearm	boss_only,player_only,true_boss_only,weapon_mismatch	weapon_firearm,role_firearm_pressure,deck_tempo,ai_setup	generated_card_pool.tsv	
enemy_firearm_runner_basic	enemy_firearm_runner_basic	firearm_runner	big_map_normal	common	normal	advanced	1	basic	10	special	enemy_firearm_suppression_order	special	firearm	special	firearm_pressure	special	7	-1	3	4	118.00	role_match,weapon_match,required_tag_match,distance_match,tactic_match,firearm_counterplay	role_firearm_pressure,role_tempo,variant_basic,weapon_firearm	boss_only,player_only,true_boss_only,weapon_mismatch	weapon_firearm,role_firearm_pressure,deck_special,ai_setup	generated_card_pool.tsv	
enemy_firearm_runner_advanced	enemy_firearm_runner_advanced	firearm_runner	big_map_normal	common	normal	advanced	2	advanced	1	attack	enemy_firearm_shot	attack	firearm	uncommon	pressure	attack	6	-2	3	4	120.00	role_match,weapon_match,required_tag_match,distance_match,tactic_match,rarity_fit	role_firearm_pressure,role_tempo,variant_advanced,weapon_firearm	boss_only,player_only,true_boss_only,weapon_mismatch	weapon_firearm,role_firearm_pressure,deck_attack,ai_firearm	generated_card_pool.tsv	
enemy_firearm_runner_advanced	enemy_firearm_runner_advanced	firearm_runner	big_map_normal	common	normal	advanced	2	advanced	2	attack	enemy_firearm_shot	attack	firearm	uncommon	pressure	attack	6	-2	3	4	108.00	role_match,weapon_match,required_tag_match,distance_match,tactic_match,rarity_fit,repeat_penalty	role_firearm_pressure,role_tempo,variant_advanced,weapon_firearm	boss_only,player_only,true_boss_only,weapon_mismatch	weapon_firearm,role_firearm_pressure,deck_attack,ai_firearm	generated_card_pool.tsv	
enemy_firearm_runner_advanced	enemy_firearm_runner_advanced	firearm_runner	big_map_normal	common	normal	advanced	2	advanced	3	attack	enemy_firearm_close_check	attack	firearm	common	punish	attack	5	1	3	4	104.00	role_match,weapon_match,required_tag_match,distance_match,rarity_fit	role_firearm_pressure,role_tempo,variant_advanced,weapon_firearm	boss_only,player_only,true_boss_only,weapon_mismatch	weapon_firearm,role_punish,deck_attack,ai_counterplay	generated_card_pool.tsv	
enemy_firearm_runner_advanced	enemy_firearm_runner_advanced	firearm_runner	big_map_normal	common	normal	advanced	2	advanced	4	attack	enemy_firearm_close_check	attack	firearm	common	punish	attack	5	1	3	4	92.00	role_match,weapon_match,required_tag_match,distance_match,rarity_fit,repeat_penalty	role_firearm_pressure,role_tempo,variant_advanced,weapon_firearm	boss_only,player_only,true_boss_only,weapon_mismatch	weapon_firearm,role_punish,deck_attack,ai_counterplay	generated_card_pool.tsv	
enemy_firearm_runner_advanced	enemy_firearm_runner_advanced	firearm_runner	big_map_normal	common	normal	advanced	2	advanced	5	guard	enemy_firearm_guard_cover	guard	firearm	common	guard	guard	5	1	3	4	114.00	role_match,weapon_match,required_tag_match,distance_match,tactic_match,rarity_fit	role_firearm_pressure,role_tempo,variant_advanced,weapon_firearm	boss_only,player_only,true_boss_only,weapon_mismatch	weapon_firearm,role_guard,deck_guard,ai_stabilize	generated_card_pool.tsv	
enemy_firearm_runner_advanced	enemy_firearm_runner_advanced	firearm_runner	big_map_normal	common	normal	advanced	2	advanced	6	movement	enemy_firearm_reposition	movement	firearm	common	retreat	movement	3	-1	3	4	104.00	role_match,weapon_match,required_tag_match,distance_match,rarity_fit	role_firearm_pressure,role_tempo,variant_advanced,weapon_firearm	boss_only,player_only,true_boss_only,weapon_mismatch	weapon_firearm,role_retreat,deck_movement,ai_counterplay	generated_card_pool.tsv	
enemy_firearm_runner_advanced	enemy_firearm_runner_advanced	firearm_runner	big_map_normal	common	normal	advanced	2	advanced	7	movement	enemy_firearm_reposition	movement	firearm	common	retreat	movement	3	-1	3	4	92.00	role_match,weapon_match,required_tag_match,distance_match,rarity_fit,repeat_penalty	role_firearm_pressure,role_tempo,variant_advanced,weapon_firearm	boss_only,player_only,true_boss_only,weapon_mismatch	weapon_firearm,role_retreat,deck_movement,ai_counterplay	generated_card_pool.tsv	
enemy_firearm_runner_advanced	enemy_firearm_runner_advanced	firearm_runner	big_map_normal	common	normal	advanced	2	advanced	8	posture_break	enemy_firearm_break_bayonet	posture_break	firearm	uncommon	break	posture_break	5	-3	3	4	89.00	role_match,weapon_match,required_tag_match,rarity_fit	role_firearm_pressure,role_tempo,variant_advanced,weapon_firearm	boss_only,player_only,true_boss_only,weapon_mismatch	weapon_firearm,role_break,deck_posture_break,ai_counterplay	generated_card_pool.tsv	
enemy_firearm_runner_advanced	enemy_firearm_runner_advanced	firearm_runner	big_map_normal	common	normal	advanced	2	advanced	9	posture_break	enemy_firearm_break_bayonet	posture_break	firearm	uncommon	break	posture_break	5	-3	3	4	77.00	role_match,weapon_match,required_tag_match,rarity_fit,repeat_penalty	role_firearm_pressure,role_tempo,variant_advanced,weapon_firearm	boss_only,player_only,true_boss_only,weapon_mismatch	weapon_firearm,role_break,deck_posture_break,ai_counterplay	generated_card_pool.tsv	
enemy_firearm_runner_advanced	enemy_firearm_runner_advanced	firearm_runner	big_map_normal	common	normal	advanced	2	advanced	10	tempo	enemy_firearm_aim	tempo	firearm	common	firearm_pressure	tempo	5	1	3	4	130.00	role_match,weapon_match,required_tag_match,distance_match,tactic_match,rarity_fit,firearm_counterplay	role_firearm_pressure,role_tempo,variant_advanced,weapon_firearm	boss_only,player_only,true_boss_only,weapon_mismatch	weapon_firearm,role_firearm_pressure,deck_tempo,ai_setup	generated_card_pool.tsv	
enemy_firearm_runner_advanced	enemy_firearm_runner_advanced	firearm_runner	big_map_normal	common	normal	advanced	2	advanced	11	tempo	enemy_firearm_aim	tempo	firearm	common	firearm_pressure	tempo	5	1	3	4	118.00	role_match,weapon_match,required_tag_match,distance_match,tactic_match,rarity_fit,repeat_penalty,firearm_counterplay	role_firearm_pressure,role_tempo,variant_advanced,weapon_firearm	boss_only,player_only,true_boss_only,weapon_mismatch	weapon_firearm,role_firearm_pressure,deck_tempo,ai_setup	generated_card_pool.tsv	
enemy_firearm_runner_advanced	enemy_firearm_runner_advanced	firearm_runner	big_map_normal	common	normal	advanced	2	advanced	12	special	enemy_firearm_suppression_order	special	firearm	special	firearm_pressure	special	7	-1	3	4	118.00	role_match,weapon_match,required_tag_match,distance_match,tactic_match,firearm_counterplay	role_firearm_pressure,role_tempo,variant_advanced,weapon_firearm	boss_only,player_only,true_boss_only,weapon_mismatch	weapon_firearm,role_firearm_pressure,deck_special,ai_setup	generated_card_pool.tsv	
enemy_firearm_runner_aggressive	enemy_firearm_runner_aggressive	firearm_runner	big_map_normal	common	normal	advanced	3	aggressive	1	attack	enemy_firearm_shot	attack	firearm	uncommon	pressure	attack	6	-2	3	4	120.00	role_match,weapon_match,required_tag_match,distance_match,tactic_match,rarity_fit	role_firearm_pressure,role_tempo,variant_aggressive,weapon_firearm	boss_only,player_only,true_boss_only,weapon_mismatch	weapon_firearm,role_firearm_pressure,deck_attack,ai_firearm	generated_card_pool.tsv	
enemy_firearm_runner_aggressive	enemy_firearm_runner_aggressive	firearm_runner	big_map_normal	common	normal	advanced	3	aggressive	2	attack	enemy_firearm_shot	attack	firearm	uncommon	pressure	attack	6	-2	3	4	108.00	role_match,weapon_match,required_tag_match,distance_match,tactic_match,rarity_fit,repeat_penalty	role_firearm_pressure,role_tempo,variant_aggressive,weapon_firearm	boss_only,player_only,true_boss_only,weapon_mismatch	weapon_firearm,role_firearm_pressure,deck_attack,ai_firearm	generated_card_pool.tsv	
enemy_firearm_runner_aggressive	enemy_firearm_runner_aggressive	firearm_runner	big_map_normal	common	normal	advanced	3	aggressive	3	attack	enemy_firearm_close_check	attack	firearm	common	punish	attack	5	1	3	4	104.00	role_match,weapon_match,required_tag_match,distance_match,rarity_fit	role_firearm_pressure,role_tempo,variant_aggressive,weapon_firearm	boss_only,player_only,true_boss_only,weapon_mismatch	weapon_firearm,role_punish,deck_attack,ai_counterplay	generated_card_pool.tsv	
enemy_firearm_runner_aggressive	enemy_firearm_runner_aggressive	firearm_runner	big_map_normal	common	normal	advanced	3	aggressive	4	attack	enemy_firearm_close_check	attack	firearm	common	punish	attack	5	1	3	4	92.00	role_match,weapon_match,required_tag_match,distance_match,rarity_fit,repeat_penalty	role_firearm_pressure,role_tempo,variant_aggressive,weapon_firearm	boss_only,player_only,true_boss_only,weapon_mismatch	weapon_firearm,role_punish,deck_attack,ai_counterplay	generated_card_pool.tsv	
enemy_firearm_runner_aggressive	enemy_firearm_runner_aggressive	firearm_runner	big_map_normal	common	normal	advanced	3	aggressive	5	guard	enemy_firearm_guard_cover	guard	firearm	common	guard	guard	5	1	3	4	114.00	role_match,weapon_match,required_tag_match,distance_match,tactic_match,rarity_fit	role_firearm_pressure,role_tempo,variant_aggressive,weapon_firearm	boss_only,player_only,true_boss_only,weapon_mismatch	weapon_firearm,role_guard,deck_guard,ai_stabilize	generated_card_pool.tsv	
enemy_firearm_runner_aggressive	enemy_firearm_runner_aggressive	firearm_runner	big_map_normal	common	normal	advanced	3	aggressive	6	movement	enemy_firearm_reposition	movement	firearm	common	retreat	movement	3	-1	3	4	104.00	role_match,weapon_match,required_tag_match,distance_match,rarity_fit	role_firearm_pressure,role_tempo,variant_aggressive,weapon_firearm	boss_only,player_only,true_boss_only,weapon_mismatch	weapon_firearm,role_retreat,deck_movement,ai_counterplay	generated_card_pool.tsv	
enemy_firearm_runner_aggressive	enemy_firearm_runner_aggressive	firearm_runner	big_map_normal	common	normal	advanced	3	aggressive	7	posture_break	enemy_firearm_break_bayonet	posture_break	firearm	uncommon	break	posture_break	5	-3	3	4	89.00	role_match,weapon_match,required_tag_match,rarity_fit	role_firearm_pressure,role_tempo,variant_aggressive,weapon_firearm	boss_only,player_only,true_boss_only,weapon_mismatch	weapon_firearm,role_break,deck_posture_break,ai_counterplay	generated_card_pool.tsv	
enemy_firearm_runner_aggressive	enemy_firearm_runner_aggressive	firearm_runner	big_map_normal	common	normal	advanced	3	aggressive	8	posture_break	enemy_firearm_break_bayonet	posture_break	firearm	uncommon	break	posture_break	5	-3	3	4	77.00	role_match,weapon_match,required_tag_match,rarity_fit,repeat_penalty	role_firearm_pressure,role_tempo,variant_aggressive,weapon_firearm	boss_only,player_only,true_boss_only,weapon_mismatch	weapon_firearm,role_break,deck_posture_break,ai_counterplay	generated_card_pool.tsv	
enemy_firearm_runner_aggressive	enemy_firearm_runner_aggressive	firearm_runner	big_map_normal	common	normal	advanced	3	aggressive	9	tempo	enemy_firearm_aim	tempo	firearm	common	firearm_pressure	tempo	5	1	3	4	130.00	role_match,weapon_match,required_tag_match,distance_match,tactic_match,rarity_fit,firearm_counterplay	role_firearm_pressure,role_tempo,variant_aggressive,weapon_firearm	boss_only,player_only,true_boss_only,weapon_mismatch	weapon_firearm,role_firearm_pressure,deck_tempo,ai_setup	generated_card_pool.tsv	
enemy_firearm_runner_aggressive	enemy_firearm_runner_aggressive	firearm_runner	big_map_normal	common	normal	advanced	3	aggressive	10	tempo	enemy_firearm_aim	tempo	firearm	common	firearm_pressure	tempo	5	1	3	4	118.00	role_match,weapon_match,required_tag_match,distance_match,tactic_match,rarity_fit,repeat_penalty,firearm_counterplay	role_firearm_pressure,role_tempo,variant_aggressive,weapon_firearm	boss_only,player_only,true_boss_only,weapon_mismatch	weapon_firearm,role_firearm_pressure,deck_tempo,ai_setup	generated_card_pool.tsv	
enemy_firearm_runner_aggressive	enemy_firearm_runner_aggressive	firearm_runner	big_map_normal	common	normal	advanced	3	aggressive	11	special	enemy_firearm_suppression_order	special	firearm	special	firearm_pressure	special	7	-1	3	4	118.00	role_match,weapon_match,required_tag_match,distance_match,tactic_match,firearm_counterplay	role_firearm_pressure,role_tempo,variant_aggressive,weapon_firearm	boss_only,player_only,true_boss_only,weapon_mismatch	weapon_firearm,role_firearm_pressure,deck_special,ai_setup	generated_card_pool.tsv	
enemy_hungry_garrison_basic	enemy_hungry_garrison_basic	hungry_garrison	big_map_normal	common	normal	basic	1	basic	1	attack	generic_forward_press	attack	generic	common	pressure	attack	4	0	1	2	101.00	role_match,generic_fallback,required_tag_match,distance_match,tactic_match,rarity_fit	role_control,role_mixed_weapon,role_pressure,variant_basic	boss_only,player_only,true_boss_only,weapon_mismatch	weapon_generic,role_pressure,deck_attack,ai_press	generated_card_pool.tsv	
enemy_hungry_garrison_basic	enemy_hungry_garrison_basic	hungry_garrison	big_map_normal	common	normal	basic	1	basic	2	attack	generic_forward_press	attack	generic	common	pressure	attack	4	0	1	2	89.00	role_match,generic_fallback,required_tag_match,distance_match,tactic_match,rarity_fit,repeat_penalty	role_control,role_mixed_weapon,role_pressure,variant_basic	boss_only,player_only,true_boss_only,weapon_mismatch	weapon_generic,role_pressure,deck_attack,ai_press	generated_card_pool.tsv	
enemy_hungry_garrison_basic	enemy_hungry_garrison_basic	hungry_garrison	big_map_normal	common	normal	basic	1	basic	3	attack	spear_line_thrust	attack	spearman	common	poke	attack	6	2	1	2	89.00	role_match,required_tag_match,distance_match,tactic_match,rarity_fit	role_control,role_mixed_weapon,role_pressure,variant_basic	boss_only,player_only,true_boss_only,weapon_mismatch	weapon_spearman,role_control,deck_attack,ai_hold_distance	generated_card_pool.tsv	
enemy_hungry_garrison_basic	enemy_hungry_garrison_basic	hungry_garrison	big_map_normal	common	normal	basic	1	basic	4	guard	generic_guard	guard	generic	common	guard	guard	5	1	1	2	83.00	role_match,generic_fallback,distance_match,rarity_fit	role_control,role_mixed_weapon,role_pressure,variant_basic	boss_only,player_only,true_boss_only,weapon_mismatch	weapon_generic,role_guard,deck_guard,ai_stabilize	generated_card_pool.tsv	
enemy_hungry_garrison_basic	enemy_hungry_garrison_basic	hungry_garrison	big_map_normal	common	normal	basic	1	basic	5	guard	generic_counter_guard	guard	generic	uncommon	counter	guard	6	-2	1	2	77.00	role_match,generic_fallback,distance_match,rarity_fit	role_control,role_mixed_weapon,role_pressure,variant_basic	boss_only,player_only,true_boss_only,weapon_mismatch	weapon_generic,role_counter,deck_guard,ai_counter	generated_card_pool.tsv	
enemy_hungry_garrison_basic	enemy_hungry_garrison_basic	hungry_garrison	big_map_normal	common	normal	basic	1	basic	6	movement	spear_hold_distance	movement	spearman	common	control	movement	4	0	1	2	91.00	role_match,required_tag_match,distance_match,tactic_match,rarity_fit	role_control,role_mixed_weapon,role_pressure,variant_basic	boss_only,player_only,true_boss_only,weapon_mismatch	weapon_spearman,role_control,deck_movement,ai_hold_distance	generated_card_pool.tsv	
enemy_hungry_garrison_basic	enemy_hungry_garrison_basic	hungry_garrison	big_map_normal	common	normal	basic	1	basic	7	posture_break	generic_posture_tap	posture_break	generic	common	break	posture_break	3	-1	1	2	93.00	role_match,generic_fallback,distance_match,tactic_match,rarity_fit	role_control,role_mixed_weapon,role_pressure,variant_basic	boss_only,player_only,true_boss_only,weapon_mismatch	weapon_generic,role_break,deck_posture_break,ai_chip	generated_card_pool.tsv	
enemy_hungry_garrison_basic	enemy_hungry_garrison_basic	hungry_garrison	big_map_normal	common	normal	basic	1	basic	8	posture_break	generic_guard_split	posture_break	generic	uncommon	punish	posture_break	5	-3	1	2	84.00	role_match,generic_fallback,distance_match,tactic_match,rarity_fit	role_control,role_mixed_weapon,role_pressure,variant_basic	boss_only,player_only,true_boss_only,weapon_mismatch	weapon_generic,role_break,deck_posture_break,ai_punish	generated_card_pool.tsv	
enemy_hungry_garrison_basic	enemy_hungry_garrison_basic	hungry_garrison	big_map_normal	common	normal	basic	1	basic	9	tempo	generic_tempo_shift	tempo	generic	uncommon	combo_bridge	tempo	4	0	1	2	79.00	role_match,generic_fallback,distance_match,rarity_fit	role_control,role_mixed_weapon,role_pressure,variant_basic	boss_only,player_only,true_boss_only,weapon_mismatch	weapon_generic,role_tempo,deck_tempo,ai_setup	generated_card_pool.tsv	
enemy_hungry_garrison_advanced	enemy_hungry_garrison_advanced	hungry_garrison	big_map_normal	common	normal	basic	2	advanced	1	attack	generic_forward_press	attack	generic	common	pressure	attack	4	0	1	2	101.00	role_match,generic_fallback,required_tag_match,distance_match,tactic_match,rarity_fit	role_control,role_mixed_weapon,role_pressure,variant_advanced	boss_only,player_only,true_boss_only,weapon_mismatch	weapon_generic,role_pressure,deck_attack,ai_press	generated_card_pool.tsv	
enemy_hungry_garrison_advanced	enemy_hungry_garrison_advanced	hungry_garrison	big_map_normal	common	normal	basic	2	advanced	2	attack	generic_forward_press	attack	generic	common	pressure	attack	4	0	1	2	89.00	role_match,generic_fallback,required_tag_match,distance_match,tactic_match,rarity_fit,repeat_penalty	role_control,role_mixed_weapon,role_pressure,variant_advanced	boss_only,player_only,true_boss_only,weapon_mismatch	weapon_generic,role_pressure,deck_attack,ai_press	generated_card_pool.tsv	
enemy_hungry_garrison_advanced	enemy_hungry_garrison_advanced	hungry_garrison	big_map_normal	common	normal	basic	2	advanced	3	attack	spear_line_thrust	attack	spearman	common	poke	attack	6	2	1	2	89.00	role_match,required_tag_match,distance_match,tactic_match,rarity_fit	role_control,role_mixed_weapon,role_pressure,variant_advanced	boss_only,player_only,true_boss_only,weapon_mismatch	weapon_spearman,role_control,deck_attack,ai_hold_distance	generated_card_pool.tsv	
enemy_hungry_garrison_advanced	enemy_hungry_garrison_advanced	hungry_garrison	big_map_normal	common	normal	basic	2	advanced	4	guard	generic_guard	guard	generic	common	guard	guard	5	1	1	2	83.00	role_match,generic_fallback,distance_match,rarity_fit	role_control,role_mixed_weapon,role_pressure,variant_advanced	boss_only,player_only,true_boss_only,weapon_mismatch	weapon_generic,role_guard,deck_guard,ai_stabilize	generated_card_pool.tsv	
enemy_hungry_garrison_advanced	enemy_hungry_garrison_advanced	hungry_garrison	big_map_normal	common	normal	basic	2	advanced	5	guard	generic_counter_guard	guard	generic	uncommon	counter	guard	6	-2	1	2	77.00	role_match,generic_fallback,distance_match,rarity_fit	role_control,role_mixed_weapon,role_pressure,variant_advanced	boss_only,player_only,true_boss_only,weapon_mismatch	weapon_generic,role_counter,deck_guard,ai_counter	generated_card_pool.tsv	
enemy_hungry_garrison_advanced	enemy_hungry_garrison_advanced	hungry_garrison	big_map_normal	common	normal	basic	2	advanced	6	movement	spear_hold_distance	movement	spearman	common	control	movement	4	0	1	2	91.00	role_match,required_tag_match,distance_match,tactic_match,rarity_fit	role_control,role_mixed_weapon,role_pressure,variant_advanced	boss_only,player_only,true_boss_only,weapon_mismatch	weapon_spearman,role_control,deck_movement,ai_hold_distance	generated_card_pool.tsv	
enemy_hungry_garrison_advanced	enemy_hungry_garrison_advanced	hungry_garrison	big_map_normal	common	normal	basic	2	advanced	7	movement	generic_side_step	movement	generic	common	approach	movement	3	-1	1	2	83.00	role_match,generic_fallback,distance_match,rarity_fit	role_control,role_mixed_weapon,role_pressure,variant_advanced	boss_only,player_only,true_boss_only,weapon_mismatch	weapon_generic,role_approach,deck_movement,ai_tempo	generated_card_pool.tsv	
enemy_hungry_garrison_advanced	enemy_hungry_garrison_advanced	hungry_garrison	big_map_normal	common	normal	basic	2	advanced	8	posture_break	generic_posture_tap	posture_break	generic	common	break	posture_break	3	-1	1	2	93.00	role_match,generic_fallback,distance_match,tactic_match,rarity_fit	role_control,role_mixed_weapon,role_pressure,variant_advanced	boss_only,player_only,true_boss_only,weapon_mismatch	weapon_generic,role_break,deck_posture_break,ai_chip	generated_card_pool.tsv	
enemy_hungry_garrison_advanced	enemy_hungry_garrison_advanced	hungry_garrison	big_map_normal	common	normal	basic	2	advanced	9	posture_break	generic_guard_split	posture_break	generic	uncommon	punish	posture_break	5	-3	1	2	84.00	role_match,generic_fallback,distance_match,tactic_match,rarity_fit	role_control,role_mixed_weapon,role_pressure,variant_advanced	boss_only,player_only,true_boss_only,weapon_mismatch	weapon_generic,role_break,deck_posture_break,ai_punish	generated_card_pool.tsv	
enemy_hungry_garrison_advanced	enemy_hungry_garrison_advanced	hungry_garrison	big_map_normal	common	normal	basic	2	advanced	10	tempo	generic_tempo_shift	tempo	generic	uncommon	combo_bridge	tempo	4	0	1	2	79.00	role_match,generic_fallback,distance_match,rarity_fit	role_control,role_mixed_weapon,role_pressure,variant_advanced	boss_only,player_only,true_boss_only,weapon_mismatch	weapon_generic,role_tempo,deck_tempo,ai_setup	generated_card_pool.tsv	
enemy_hungry_garrison_advanced	enemy_hungry_garrison_advanced	hungry_garrison	big_map_normal	common	normal	basic	2	advanced	11	combo	generic_link_cut	combo	generic	uncommon	combo_bridge	combo	4	0	1	2	79.00	role_match,generic_fallback,distance_match,rarity_fit	role_control,role_mixed_weapon,role_pressure,variant_advanced	boss_only,player_only,true_boss_only,weapon_mismatch	weapon_generic,role_combo_bridge,deck_combo,ai_link	generated_card_pool.tsv	
enemy_corrupt_patrolman_basic	enemy_corrupt_patrolman_basic	corrupt_patrolman	big_map_normal	common	normal	basic	1	basic	1	attack	official_basic_cut	attack	official	common	exam_fundamental	attack	4	0	1	3	106.00	role_match,weapon_match,required_tag_match,distance_match,rarity_fit	role_control,role_fundamental,variant_basic	boss_only,player_only,true_boss_only,weapon_mismatch	weapon_official,role_fundamental,deck_attack,ai_standard	generated_card_pool.tsv	
enemy_corrupt_patrolman_basic	enemy_corrupt_patrolman_basic	corrupt_patrolman	big_map_normal	common	normal	basic	1	basic	2	attack	official_basic_cut	attack	official	common	exam_fundamental	attack	4	0	1	3	94.00	role_match,weapon_match,required_tag_match,distance_match,rarity_fit,repeat_penalty	role_control,role_fundamental,variant_basic	boss_only,player_only,true_boss_only,weapon_mismatch	weapon_official,role_fundamental,deck_attack,ai_standard	generated_card_pool.tsv	
enemy_corrupt_patrolman_basic	enemy_corrupt_patrolman_basic	corrupt_patrolman	big_map_normal	common	normal	basic	1	basic	3	guard	official_guard_frame	guard	official	common	guard	guard	5	1	1	3	116.00	role_match,weapon_match,required_tag_match,distance_match,tactic_match,rarity_fit	role_control,role_fundamental,variant_basic	boss_only,player_only,true_boss_only,weapon_mismatch	weapon_official,role_fundamental,deck_guard,ai_standard	generated_card_pool.tsv	
enemy_corrupt_patrolman_basic	enemy_corrupt_patrolman_basic	corrupt_patrolman	big_map_normal	common	normal	basic	1	basic	4	guard	official_guard_frame	guard	official	common	guard	guard	5	1	1	3	104.00	role_match,weapon_match,required_tag_match,distance_match,tactic_match,rarity_fit,repeat_penalty	role_control,role_fundamental,variant_basic	boss_only,player_only,true_boss_only,weapon_mismatch	weapon_official,role_fundamental,deck_guard,ai_standard	generated_card_pool.tsv	
enemy_corrupt_patrolman_basic	enemy_corrupt_patrolman_basic	corrupt_patrolman	big_map_normal	common	normal	basic	1	basic	5	movement	official_step_set	movement	official	common	approach	movement	3	-1	1	3	106.00	role_match,weapon_match,required_tag_match,distance_match,rarity_fit	role_control,role_fundamental,variant_basic	boss_only,player_only,true_boss_only,weapon_mismatch	weapon_official,role_fundamental,deck_movement,ai_standard	generated_card_pool.tsv	
enemy_corrupt_patrolman_basic	enemy_corrupt_patrolman_basic	corrupt_patrolman	big_map_normal	common	normal	basic	1	basic	6	movement	official_step_set	movement	official	common	approach	movement	3	-1	1	3	94.00	role_match,weapon_match,required_tag_match,distance_match,rarity_fit,repeat_penalty	role_control,role_fundamental,variant_basic	boss_only,player_only,true_boss_only,weapon_mismatch	weapon_official,role_fundamental,deck_movement,ai_standard	generated_card_pool.tsv	
enemy_corrupt_patrolman_basic	enemy_corrupt_patrolman_basic	corrupt_patrolman	big_map_normal	common	normal	basic	1	basic	7	posture_break	official_break_drill	posture_break	official	uncommon	break	posture_break	5	-3	1	3	107.00	role_match,weapon_match,required_tag_match,distance_match,tactic_match,rarity_fit	role_control,role_fundamental,variant_basic	boss_only,player_only,true_boss_only,weapon_mismatch	weapon_official,role_fundamental,deck_posture_break,ai_drill	generated_card_pool.tsv	
enemy_corrupt_patrolman_basic	enemy_corrupt_patrolman_basic	corrupt_patrolman	big_map_normal	common	normal	basic	1	basic	8	posture_break	official_break_drill	posture_break	official	uncommon	break	posture_break	5	-3	1	3	95.00	role_match,weapon_match,required_tag_match,distance_match,tactic_match,rarity_fit,repeat_penalty	role_control,role_fundamental,variant_basic	boss_only,player_only,true_boss_only,weapon_mismatch	weapon_official,role_fundamental,deck_posture_break,ai_drill	generated_card_pool.tsv	
enemy_corrupt_patrolman_basic	enemy_corrupt_patrolman_basic	corrupt_patrolman	big_map_normal	common	normal	basic	1	basic	9	tempo	exam_fundamental_probe	tempo	official	common	exam_fundamental	tempo	5	5	1	3	101.00	role_match,weapon_match,required_tag_match,distance_match,rarity_fit	role_control,role_fundamental,variant_basic	boss_only,player_only,true_boss_only,weapon_mismatch	weapon_official,role_fundamental,deck_tempo,ai_test	generated_card_pool.tsv	
enemy_corrupt_patrolman_advanced	enemy_corrupt_patrolman_advanced	corrupt_patrolman	big_map_normal	common	normal	basic	2	advanced	1	attack	official_basic_cut	attack	official	common	exam_fundamental	attack	4	0	1	3	106.00	role_match,weapon_match,required_tag_match,distance_match,rarity_fit	role_control,role_fundamental,variant_advanced	boss_only,player_only,true_boss_only,weapon_mismatch	weapon_official,role_fundamental,deck_attack,ai_standard	generated_card_pool.tsv	
enemy_corrupt_patrolman_advanced	enemy_corrupt_patrolman_advanced	corrupt_patrolman	big_map_normal	common	normal	basic	2	advanced	2	attack	official_basic_cut	attack	official	common	exam_fundamental	attack	4	0	1	3	94.00	role_match,weapon_match,required_tag_match,distance_match,rarity_fit,repeat_penalty	role_control,role_fundamental,variant_advanced	boss_only,player_only,true_boss_only,weapon_mismatch	weapon_official,role_fundamental,deck_attack,ai_standard	generated_card_pool.tsv	
enemy_corrupt_patrolman_advanced	enemy_corrupt_patrolman_advanced	corrupt_patrolman	big_map_normal	common	normal	basic	2	advanced	3	attack	spear_line_thrust	attack	spearman	common	poke	attack	6	2	1	3	89.00	role_match,required_tag_match,distance_match,tactic_match,rarity_fit	role_control,role_fundamental,variant_advanced	boss_only,player_only,true_boss_only,weapon_mismatch	weapon_spearman,role_control,deck_attack,ai_hold_distance	generated_card_pool.tsv	
enemy_corrupt_patrolman_advanced	enemy_corrupt_patrolman_advanced	corrupt_patrolman	big_map_normal	common	normal	basic	2	advanced	4	guard	official_guard_frame	guard	official	common	guard	guard	5	1	1	3	116.00	role_match,weapon_match,required_tag_match,distance_match,tactic_match,rarity_fit	role_control,role_fundamental,variant_advanced	boss_only,player_only,true_boss_only,weapon_mismatch	weapon_official,role_fundamental,deck_guard,ai_standard	generated_card_pool.tsv	
enemy_corrupt_patrolman_advanced	enemy_corrupt_patrolman_advanced	corrupt_patrolman	big_map_normal	common	normal	basic	2	advanced	5	guard	official_guard_frame	guard	official	common	guard	guard	5	1	1	3	104.00	role_match,weapon_match,required_tag_match,distance_match,tactic_match,rarity_fit,repeat_penalty	role_control,role_fundamental,variant_advanced	boss_only,player_only,true_boss_only,weapon_mismatch	weapon_official,role_fundamental,deck_guard,ai_standard	generated_card_pool.tsv	
enemy_corrupt_patrolman_advanced	enemy_corrupt_patrolman_advanced	corrupt_patrolman	big_map_normal	common	normal	basic	2	advanced	6	movement	official_step_set	movement	official	common	approach	movement	3	-1	1	3	106.00	role_match,weapon_match,required_tag_match,distance_match,rarity_fit	role_control,role_fundamental,variant_advanced	boss_only,player_only,true_boss_only,weapon_mismatch	weapon_official,role_fundamental,deck_movement,ai_standard	generated_card_pool.tsv	
enemy_corrupt_patrolman_advanced	enemy_corrupt_patrolman_advanced	corrupt_patrolman	big_map_normal	common	normal	basic	2	advanced	7	movement	official_step_set	movement	official	common	approach	movement	3	-1	1	3	94.00	role_match,weapon_match,required_tag_match,distance_match,rarity_fit,repeat_penalty	role_control,role_fundamental,variant_advanced	boss_only,player_only,true_boss_only,weapon_mismatch	weapon_official,role_fundamental,deck_movement,ai_standard	generated_card_pool.tsv	
enemy_corrupt_patrolman_advanced	enemy_corrupt_patrolman_advanced	corrupt_patrolman	big_map_normal	common	normal	basic	2	advanced	8	posture_break	official_break_drill	posture_break	official	uncommon	break	posture_break	5	-3	1	3	107.00	role_match,weapon_match,required_tag_match,distance_match,tactic_match,rarity_fit	role_control,role_fundamental,variant_advanced	boss_only,player_only,true_boss_only,weapon_mismatch	weapon_official,role_fundamental,deck_posture_break,ai_drill	generated_card_pool.tsv	
enemy_corrupt_patrolman_advanced	enemy_corrupt_patrolman_advanced	corrupt_patrolman	big_map_normal	common	normal	basic	2	advanced	9	posture_break	official_break_drill	posture_break	official	uncommon	break	posture_break	5	-3	1	3	95.00	role_match,weapon_match,required_tag_match,distance_match,tactic_match,rarity_fit,repeat_penalty	role_control,role_fundamental,variant_advanced	boss_only,player_only,true_boss_only,weapon_mismatch	weapon_official,role_fundamental,deck_posture_break,ai_drill	generated_card_pool.tsv	
enemy_corrupt_patrolman_advanced	enemy_corrupt_patrolman_advanced	corrupt_patrolman	big_map_normal	common	normal	basic	2	advanced	10	tempo	exam_fundamental_probe	tempo	official	common	exam_fundamental	tempo	5	5	1	3	101.00	role_match,weapon_match,required_tag_match,distance_match,rarity_fit	role_control,role_fundamental,variant_advanced	boss_only,player_only,true_boss_only,weapon_mismatch	weapon_official,role_fundamental,deck_tempo,ai_test	generated_card_pool.tsv	
enemy_corrupt_patrolman_advanced	enemy_corrupt_patrolman_advanced	corrupt_patrolman	big_map_normal	common	normal	basic	2	advanced	11	combo	exam_chain_form	combo	official	uncommon	combo_bridge	combo	6	2	1	3	100.00	role_match,weapon_match,required_tag_match,distance_match,rarity_fit	role_control,role_fundamental,variant_advanced	boss_only,player_only,true_boss_only,weapon_mismatch	weapon_official,role_fundamental,deck_combo,ai_test	generated_card_pool.tsv	
enemy_elite_spear_instructor_elite_basic	enemy_elite_spear_instructor_elite_basic	elite_spear_instructor	big_map_elite	common	elite	elite	1	basic	1	attack	spear_line_thrust	attack	spearman	common	poke	attack	6	2	2	3	116.00	role_match,weapon_match,required_tag_match,distance_match,tactic_match	enemy_elite,role_break,role_control,variant_basic,weapon_spearman	player_only,true_boss_only,weapon_mismatch	weapon_spearman,role_control,deck_attack,ai_hold_distance	generated_card_pool.tsv	
enemy_elite_spear_instructor_elite_basic	enemy_elite_spear_instructor_elite_basic	elite_spear_instructor	big_map_elite	common	elite	elite	1	basic	2	attack	spear_long_poke	attack	spearman	common	poke	attack	4	0	2	3	110.00	role_match,weapon_match,required_tag_match,distance_match,tactic_match	enemy_elite,role_break,role_control,variant_basic,weapon_spearman	player_only,true_boss_only,weapon_mismatch	weapon_spearman,role_poke,deck_attack,ai_chip	generated_card_pool.tsv	
enemy_elite_spear_instructor_elite_basic	enemy_elite_spear_instructor_elite_basic	elite_spear_instructor	big_map_elite	common	elite	elite	1	basic	3	attack	spear_line_thrust	attack	spearman	common	poke	attack	6	2	2	3	104.00	role_match,weapon_match,required_tag_match,distance_match,tactic_match,repeat_penalty	enemy_elite,role_break,role_control,variant_basic,weapon_spearman	player_only,true_boss_only,weapon_mismatch	weapon_spearman,role_control,deck_attack,ai_hold_distance	generated_card_pool.tsv	
enemy_elite_spear_instructor_elite_basic	enemy_elite_spear_instructor_elite_basic	elite_spear_instructor	big_map_elite	common	elite	elite	1	basic	4	attack	spear_pressure_jab	attack	spearman	uncommon	pressure	attack	5	-3	2	3	101.00	role_match,weapon_match,required_tag_match,distance_match,rarity_fit	enemy_elite,role_break,role_control,variant_basic,weapon_spearman	player_only,true_boss_only,weapon_mismatch	weapon_spearman,role_pressure,deck_attack,ai_press	generated_card_pool.tsv	
enemy_elite_spear_instructor_elite_basic	enemy_elite_spear_instructor_elite_basic	elite_spear_instructor	big_map_elite	common	elite	elite	1	basic	5	guard	spear_deny_entry	guard	spearman	uncommon	counter	guard	6	2	2	3	104.00	role_match,weapon_match,required_tag_match,distance_match,rarity_fit	enemy_elite,role_break,role_control,variant_basic,weapon_spearman	player_only,true_boss_only,weapon_mismatch	weapon_spearman,role_counter,deck_guard,ai_deny_approach	generated_card_pool.tsv	
enemy_elite_spear_instructor_elite_basic	enemy_elite_spear_instructor_elite_basic	elite_spear_instructor	big_map_elite	common	elite	elite	1	basic	6	guard	spear_deny_entry	guard	spearman	uncommon	counter	guard	6	2	2	3	92.00	role_match,weapon_match,required_tag_match,distance_match,rarity_fit,repeat_penalty	enemy_elite,role_break,role_control,variant_basic,weapon_spearman	player_only,true_boss_only,weapon_mismatch	weapon_spearman,role_counter,deck_guard,ai_deny_approach	generated_card_pool.tsv	
enemy_elite_spear_instructor_elite_basic	enemy_elite_spear_instructor_elite_basic	elite_spear_instructor	big_map_elite	common	elite	elite	1	basic	7	movement	spear_hold_distance	movement	spearman	common	control	movement	4	0	2	3	118.00	role_match,weapon_match,required_tag_match,distance_match,tactic_match	enemy_elite,role_break,role_control,variant_basic,weapon_spearman	player_only,true_boss_only,weapon_mismatch	weapon_spearman,role_control,deck_movement,ai_hold_distance	generated_card_pool.tsv	
enemy_elite_spear_instructor_elite_basic	enemy_elite_spear_instructor_elite_basic	elite_spear_instructor	big_map_elite	common	elite	elite	1	basic	8	movement	spear_hold_distance	movement	spearman	common	control	movement	4	0	2	3	106.00	role_match,weapon_match,required_tag_match,distance_match,tactic_match,repeat_penalty	enemy_elite,role_break,role_control,variant_basic,weapon_spearman	player_only,true_boss_only,weapon_mismatch	weapon_spearman,role_control,deck_movement,ai_hold_distance	generated_card_pool.tsv	
enemy_elite_spear_instructor_elite_basic	enemy_elite_spear_instructor_elite_basic	elite_spear_instructor	big_map_elite	common	elite	elite	1	basic	9	posture_break	spear_posture_grind	posture_break	spearman	uncommon	break	posture_break	5	-3	2	3	119.00	role_match,weapon_match,required_tag_match,distance_match,tactic_match,rarity_fit	enemy_elite,role_break,role_control,variant_basic,weapon_spearman	player_only,true_boss_only,weapon_mismatch	weapon_spearman,role_break,deck_posture_break,ai_grind	generated_card_pool.tsv	
enemy_elite_spear_instructor_elite_basic	enemy_elite_spear_instructor_elite_basic	elite_spear_instructor	big_map_elite	common	elite	elite	1	basic	10	posture_break	spear_push_cut	posture_break	spearman	common	break	posture_break	5	1	2	3	118.00	role_match,weapon_match,required_tag_match,distance_match,tactic_match	enemy_elite,role_break,role_control,variant_basic,weapon_spearman	player_only,true_boss_only,weapon_mismatch	weapon_spearman,role_break,deck_posture_break,ai_deny_approach	generated_card_pool.tsv	
enemy_elite_spear_instructor_elite_basic	enemy_elite_spear_instructor_elite_basic	elite_spear_instructor	big_map_elite	common	elite	elite	1	basic	11	posture_break	spear_guard_breaker	posture_break	spearman	rare	punish	posture_break	8	-4	2	3	109.00	role_match,weapon_match,required_tag_match,distance_match,tactic_match,rarity_fit	enemy_elite,role_break,role_control,variant_basic,weapon_spearman	player_only,true_boss_only,weapon_mismatch	weapon_spearman,role_punish,deck_posture_break,ai_break_open	generated_card_pool.tsv	
enemy_elite_spear_instructor_elite_basic	enemy_elite_spear_instructor_elite_basic	elite_spear_instructor	big_map_elite	common	elite	elite	1	basic	12	tempo	spear_tempo_reset	tempo	spearman	common	recovery	tempo	5	5	2	3	95.00	role_match,weapon_match,required_tag_match,distance_match	enemy_elite,role_break,role_control,variant_basic,weapon_spearman	player_only,true_boss_only,weapon_mismatch	weapon_spearman,role_recovery,deck_tempo,ai_reset	generated_card_pool.tsv	
enemy_elite_spear_instructor_elite_advanced	enemy_elite_spear_instructor_elite_advanced	elite_spear_instructor	big_map_elite	common	elite	elite	2	advanced	1	attack	spear_line_thrust	attack	spearman	common	poke	attack	6	2	2	3	116.00	role_match,weapon_match,required_tag_match,distance_match,tactic_match	enemy_elite,role_break,role_control,variant_advanced,weapon_spearman	player_only,true_boss_only,weapon_mismatch	weapon_spearman,role_control,deck_attack,ai_hold_distance	generated_card_pool.tsv	
enemy_elite_spear_instructor_elite_advanced	enemy_elite_spear_instructor_elite_advanced	elite_spear_instructor	big_map_elite	common	elite	elite	2	advanced	2	attack	spear_long_poke	attack	spearman	common	poke	attack	4	0	2	3	110.00	role_match,weapon_match,required_tag_match,distance_match,tactic_match	enemy_elite,role_break,role_control,variant_advanced,weapon_spearman	player_only,true_boss_only,weapon_mismatch	weapon_spearman,role_poke,deck_attack,ai_chip	generated_card_pool.tsv	
enemy_elite_spear_instructor_elite_advanced	enemy_elite_spear_instructor_elite_advanced	elite_spear_instructor	big_map_elite	common	elite	elite	2	advanced	3	attack	spear_line_thrust	attack	spearman	common	poke	attack	6	2	2	3	104.00	role_match,weapon_match,required_tag_match,distance_match,tactic_match,repeat_penalty	enemy_elite,role_break,role_control,variant_advanced,weapon_spearman	player_only,true_boss_only,weapon_mismatch	weapon_spearman,role_control,deck_attack,ai_hold_distance	generated_card_pool.tsv	
enemy_elite_spear_instructor_elite_advanced	enemy_elite_spear_instructor_elite_advanced	elite_spear_instructor	big_map_elite	common	elite	elite	2	advanced	4	attack	spear_pressure_jab	attack	spearman	uncommon	pressure	attack	5	-3	2	3	101.00	role_match,weapon_match,required_tag_match,distance_match,rarity_fit	enemy_elite,role_break,role_control,variant_advanced,weapon_spearman	player_only,true_boss_only,weapon_mismatch	weapon_spearman,role_pressure,deck_attack,ai_press	generated_card_pool.tsv	
enemy_elite_spear_instructor_elite_advanced	enemy_elite_spear_instructor_elite_advanced	elite_spear_instructor	big_map_elite	common	elite	elite	2	advanced	5	guard	spear_deny_entry	guard	spearman	uncommon	counter	guard	6	2	2	3	104.00	role_match,weapon_match,required_tag_match,distance_match,rarity_fit	enemy_elite,role_break,role_control,variant_advanced,weapon_spearman	player_only,true_boss_only,weapon_mismatch	weapon_spearman,role_counter,deck_guard,ai_deny_approach	generated_card_pool.tsv	
enemy_elite_spear_instructor_elite_advanced	enemy_elite_spear_instructor_elite_advanced	elite_spear_instructor	big_map_elite	common	elite	elite	2	advanced	6	guard	spear_deny_entry	guard	spearman	uncommon	counter	guard	6	2	2	3	92.00	role_match,weapon_match,required_tag_match,distance_match,rarity_fit,repeat_penalty	enemy_elite,role_break,role_control,variant_advanced,weapon_spearman	player_only,true_boss_only,weapon_mismatch	weapon_spearman,role_counter,deck_guard,ai_deny_approach	generated_card_pool.tsv	
enemy_elite_spear_instructor_elite_advanced	enemy_elite_spear_instructor_elite_advanced	elite_spear_instructor	big_map_elite	common	elite	elite	2	advanced	7	movement	spear_hold_distance	movement	spearman	common	control	movement	4	0	2	3	118.00	role_match,weapon_match,required_tag_match,distance_match,tactic_match	enemy_elite,role_break,role_control,variant_advanced,weapon_spearman	player_only,true_boss_only,weapon_mismatch	weapon_spearman,role_control,deck_movement,ai_hold_distance	generated_card_pool.tsv	
enemy_elite_spear_instructor_elite_advanced	enemy_elite_spear_instructor_elite_advanced	elite_spear_instructor	big_map_elite	common	elite	elite	2	advanced	8	movement	spear_hold_distance	movement	spearman	common	control	movement	4	0	2	3	106.00	role_match,weapon_match,required_tag_match,distance_match,tactic_match,repeat_penalty	enemy_elite,role_break,role_control,variant_advanced,weapon_spearman	player_only,true_boss_only,weapon_mismatch	weapon_spearman,role_control,deck_movement,ai_hold_distance	generated_card_pool.tsv	
enemy_elite_spear_instructor_elite_advanced	enemy_elite_spear_instructor_elite_advanced	elite_spear_instructor	big_map_elite	common	elite	elite	2	advanced	9	posture_break	spear_posture_grind	posture_break	spearman	uncommon	break	posture_break	5	-3	2	3	119.00	role_match,weapon_match,required_tag_match,distance_match,tactic_match,rarity_fit	enemy_elite,role_break,role_control,variant_advanced,weapon_spearman	player_only,true_boss_only,weapon_mismatch	weapon_spearman,role_break,deck_posture_break,ai_grind	generated_card_pool.tsv	
enemy_elite_spear_instructor_elite_advanced	enemy_elite_spear_instructor_elite_advanced	elite_spear_instructor	big_map_elite	common	elite	elite	2	advanced	10	posture_break	spear_push_cut	posture_break	spearman	common	break	posture_break	5	1	2	3	118.00	role_match,weapon_match,required_tag_match,distance_match,tactic_match	enemy_elite,role_break,role_control,variant_advanced,weapon_spearman	player_only,true_boss_only,weapon_mismatch	weapon_spearman,role_break,deck_posture_break,ai_deny_approach	generated_card_pool.tsv	
enemy_elite_spear_instructor_elite_advanced	enemy_elite_spear_instructor_elite_advanced	elite_spear_instructor	big_map_elite	common	elite	elite	2	advanced	11	posture_break	spear_guard_breaker	posture_break	spearman	rare	punish	posture_break	8	-4	2	3	109.00	role_match,weapon_match,required_tag_match,distance_match,tactic_match,rarity_fit	enemy_elite,role_break,role_control,variant_advanced,weapon_spearman	player_only,true_boss_only,weapon_mismatch	weapon_spearman,role_punish,deck_posture_break,ai_break_open	generated_card_pool.tsv	
enemy_elite_spear_instructor_elite_advanced	enemy_elite_spear_instructor_elite_advanced	elite_spear_instructor	big_map_elite	common	elite	elite	2	advanced	12	tempo	spear_tempo_reset	tempo	spearman	common	recovery	tempo	5	5	2	3	95.00	role_match,weapon_match,required_tag_match,distance_match	enemy_elite,role_break,role_control,variant_advanced,weapon_spearman	player_only,true_boss_only,weapon_mismatch	weapon_spearman,role_recovery,deck_tempo,ai_reset	generated_card_pool.tsv	
enemy_elite_spear_instructor_elite_advanced	enemy_elite_spear_instructor_elite_advanced	elite_spear_instructor	big_map_elite	common	elite	elite	2	advanced	13	tempo	generic_tempo_shift	tempo	generic	uncommon	combo_bridge	tempo	4	0	2	3	83.00	role_match,generic_fallback,distance_match,rarity_fit	enemy_elite,role_break,role_control,variant_advanced,weapon_spearman	player_only,true_boss_only,weapon_mismatch	weapon_generic,role_tempo,deck_tempo,ai_setup	generated_card_pool.tsv	
enemy_elite_spear_instructor_elite_advanced	enemy_elite_spear_instructor_elite_advanced	elite_spear_instructor	big_map_elite	common	elite	elite	2	advanced	14	combo	spear_chain_bridge	combo	spearman	uncommon	combo_bridge	combo	5	1	2	3	106.00	role_match,weapon_match,required_tag_match,distance_match,rarity_fit	enemy_elite,role_break,role_control,variant_advanced,weapon_spearman	player_only,true_boss_only,weapon_mismatch	weapon_spearman,role_combo_bridge,deck_combo,ai_link	generated_card_pool.tsv	
enemy_elite_blade_counter_elite_basic	enemy_elite_blade_counter_elite_basic	elite_blade_counter	big_map_elite	common	elite	elite	1	basic	1	attack	blade_follow_step	attack	blademaster	uncommon	pressure	attack	6	-2	1	2	114.00	role_match,weapon_match,required_tag_match,distance_match,tactic_match,rarity_fit	enemy_elite,role_approach,role_counter,variant_basic,weapon_blademaster	player_only,true_boss_only,weapon_mismatch	weapon_blademaster,role_pressure,deck_attack,ai_stick	generated_card_pool.tsv	
enemy_elite_blade_counter_elite_basic	enemy_elite_blade_counter_elite_basic	elite_blade_counter	big_map_elite	common	elite	elite	1	basic	2	attack	blade_close_slash	attack	blademaster	common	approach	attack	5	1	1	2	108.00	role_match,weapon_match,required_tag_match,distance_match	enemy_elite,role_approach,role_counter,variant_basic,weapon_blademaster	player_only,true_boss_only,weapon_mismatch	weapon_blademaster,role_approach,deck_attack,ai_close_in	generated_card_pool.tsv	
enemy_elite_blade_counter_elite_basic	enemy_elite_blade_counter_elite_basic	elite_blade_counter	big_map_elite	common	elite	elite	1	basic	3	attack	blade_follow_step	attack	blademaster	uncommon	pressure	attack	6	-2	1	2	102.00	role_match,weapon_match,required_tag_match,distance_match,tactic_match,rarity_fit,repeat_penalty	enemy_elite,role_approach,role_counter,variant_basic,weapon_blademaster	player_only,true_boss_only,weapon_mismatch	weapon_blademaster,role_pressure,deck_attack,ai_stick	generated_card_pool.tsv	
enemy_elite_blade_counter_elite_basic	enemy_elite_blade_counter_elite_basic	elite_blade_counter	big_map_elite	common	elite	elite	1	basic	4	attack	blade_close_slash	attack	blademaster	common	approach	attack	5	1	1	2	96.00	role_match,weapon_match,required_tag_match,distance_match,repeat_penalty	enemy_elite,role_approach,role_counter,variant_basic,weapon_blademaster	player_only,true_boss_only,weapon_mismatch	weapon_blademaster,role_approach,deck_attack,ai_close_in	generated_card_pool.tsv	
enemy_elite_blade_counter_elite_basic	enemy_elite_blade_counter_elite_basic	elite_blade_counter	big_map_elite	common	elite	elite	1	basic	5	guard	blade_counter_cut	guard	blademaster	uncommon	counter	guard	7	-1	1	2	124.00	role_match,weapon_match,required_tag_match,distance_match,tactic_match,rarity_fit	enemy_elite,role_approach,role_counter,variant_basic,weapon_blademaster	player_only,true_boss_only,weapon_mismatch	weapon_blademaster,role_counter,deck_guard,ai_counter	generated_card_pool.tsv	
enemy_elite_blade_counter_elite_basic	enemy_elite_blade_counter_elite_basic	elite_blade_counter	big_map_elite	common	elite	elite	1	basic	6	guard	blade_counter_cut	guard	blademaster	uncommon	counter	guard	7	-1	1	2	112.00	role_match,weapon_match,required_tag_match,distance_match,tactic_match,rarity_fit,repeat_penalty	enemy_elite,role_approach,role_counter,variant_basic,weapon_blademaster	player_only,true_boss_only,weapon_mismatch	weapon_blademaster,role_counter,deck_guard,ai_counter	generated_card_pool.tsv	
enemy_elite_blade_counter_elite_basic	enemy_elite_blade_counter_elite_basic	elite_blade_counter	big_map_elite	common	elite	elite	1	basic	7	guard	blade_inside_guard	guard	blademaster	common	guard	guard	5	1	1	2	110.00	role_match,weapon_match,required_tag_match,distance_match,tactic_match	enemy_elite,role_approach,role_counter,variant_basic,weapon_blademaster	player_only,true_boss_only,weapon_mismatch	weapon_blademaster,role_guard,deck_guard,ai_stabilize	generated_card_pool.tsv	
enemy_elite_blade_counter_elite_basic	enemy_elite_blade_counter_elite_basic	elite_blade_counter	big_map_elite	common	elite	elite	1	basic	8	movement	blade_quick_entry	movement	blademaster	common	approach	movement	4	0	1	2	108.00	role_match,weapon_match,required_tag_match,distance_match	enemy_elite,role_approach,role_counter,variant_basic,weapon_blademaster	player_only,true_boss_only,weapon_mismatch	weapon_blademaster,role_approach,deck_movement,ai_setup	generated_card_pool.tsv	
enemy_elite_blade_counter_elite_basic	enemy_elite_blade_counter_elite_basic	elite_blade_counter	big_map_elite	common	elite	elite	1	basic	9	movement	blade_shoulder_shift	movement	blademaster	common	retreat	movement	3	-1	1	2	100.00	role_match,weapon_match,required_tag_match,distance_match	enemy_elite,role_approach,role_counter,variant_basic,weapon_blademaster	player_only,true_boss_only,weapon_mismatch	weapon_blademaster,role_retreat,deck_movement,ai_reset	generated_card_pool.tsv	
enemy_elite_blade_counter_elite_basic	enemy_elite_blade_counter_elite_basic	elite_blade_counter	big_map_elite	common	elite	elite	1	basic	10	posture_break	blade_opening_break	posture_break	blademaster	uncommon	break	posture_break	6	-2	1	2	114.00	role_match,weapon_match,required_tag_match,distance_match,tactic_match,rarity_fit	enemy_elite,role_approach,role_counter,variant_basic,weapon_blademaster	player_only,true_boss_only,weapon_mismatch	weapon_blademaster,role_break,deck_posture_break,ai_break_open	generated_card_pool.tsv	
enemy_elite_blade_counter_elite_basic	enemy_elite_blade_counter_elite_basic	elite_blade_counter	big_map_elite	common	elite	elite	1	basic	11	posture_break	blade_punish_riposte	posture_break	blademaster	rare	punish	posture_break	7	-5	1	2	109.00	role_match,weapon_match,required_tag_match,distance_match,tactic_match,rarity_fit	enemy_elite,role_approach,role_counter,variant_basic,weapon_blademaster	player_only,true_boss_only,weapon_mismatch	weapon_blademaster,role_punish,deck_posture_break,ai_punish	generated_card_pool.tsv	
enemy_elite_blade_counter_elite_basic	enemy_elite_blade_counter_elite_basic	elite_blade_counter	big_map_elite	common	elite	elite	1	basic	12	tempo	blade_tempo_feint	tempo	blademaster	uncommon	combo_bridge	tempo	5	1	1	2	106.00	role_match,weapon_match,required_tag_match,distance_match,rarity_fit	enemy_elite,role_approach,role_counter,variant_basic,weapon_blademaster	player_only,true_boss_only,weapon_mismatch	weapon_blademaster,role_tempo,deck_tempo,ai_setup	generated_card_pool.tsv	
enemy_elite_blade_counter_elite_advanced	enemy_elite_blade_counter_elite_advanced	elite_blade_counter	big_map_elite	common	elite	elite	2	advanced	1	attack	blade_follow_step	attack	blademaster	uncommon	pressure	attack	6	-2	1	2	114.00	role_match,weapon_match,required_tag_match,distance_match,tactic_match,rarity_fit	enemy_elite,role_approach,role_counter,variant_advanced,weapon_blademaster	player_only,true_boss_only,weapon_mismatch	weapon_blademaster,role_pressure,deck_attack,ai_stick	generated_card_pool.tsv	
enemy_elite_blade_counter_elite_advanced	enemy_elite_blade_counter_elite_advanced	elite_blade_counter	big_map_elite	common	elite	elite	2	advanced	2	attack	blade_close_slash	attack	blademaster	common	approach	attack	5	1	1	2	108.00	role_match,weapon_match,required_tag_match,distance_match	enemy_elite,role_approach,role_counter,variant_advanced,weapon_blademaster	player_only,true_boss_only,weapon_mismatch	weapon_blademaster,role_approach,deck_attack,ai_close_in	generated_card_pool.tsv	
enemy_elite_blade_counter_elite_advanced	enemy_elite_blade_counter_elite_advanced	elite_blade_counter	big_map_elite	common	elite	elite	2	advanced	3	attack	blade_follow_step	attack	blademaster	uncommon	pressure	attack	6	-2	1	2	102.00	role_match,weapon_match,required_tag_match,distance_match,tactic_match,rarity_fit,repeat_penalty	enemy_elite,role_approach,role_counter,variant_advanced,weapon_blademaster	player_only,true_boss_only,weapon_mismatch	weapon_blademaster,role_pressure,deck_attack,ai_stick	generated_card_pool.tsv	
enemy_elite_blade_counter_elite_advanced	enemy_elite_blade_counter_elite_advanced	elite_blade_counter	big_map_elite	common	elite	elite	2	advanced	4	attack	blade_close_slash	attack	blademaster	common	approach	attack	5	1	1	2	96.00	role_match,weapon_match,required_tag_match,distance_match,repeat_penalty	enemy_elite,role_approach,role_counter,variant_advanced,weapon_blademaster	player_only,true_boss_only,weapon_mismatch	weapon_blademaster,role_approach,deck_attack,ai_close_in	generated_card_pool.tsv	
enemy_elite_blade_counter_elite_advanced	enemy_elite_blade_counter_elite_advanced	elite_blade_counter	big_map_elite	common	elite	elite	2	advanced	5	guard	blade_counter_cut	guard	blademaster	uncommon	counter	guard	7	-1	1	2	124.00	role_match,weapon_match,required_tag_match,distance_match,tactic_match,rarity_fit	enemy_elite,role_approach,role_counter,variant_advanced,weapon_blademaster	player_only,true_boss_only,weapon_mismatch	weapon_blademaster,role_counter,deck_guard,ai_counter	generated_card_pool.tsv	
enemy_elite_blade_counter_elite_advanced	enemy_elite_blade_counter_elite_advanced	elite_blade_counter	big_map_elite	common	elite	elite	2	advanced	6	guard	blade_counter_cut	guard	blademaster	uncommon	counter	guard	7	-1	1	2	112.00	role_match,weapon_match,required_tag_match,distance_match,tactic_match,rarity_fit,repeat_penalty	enemy_elite,role_approach,role_counter,variant_advanced,weapon_blademaster	player_only,true_boss_only,weapon_mismatch	weapon_blademaster,role_counter,deck_guard,ai_counter	generated_card_pool.tsv	
enemy_elite_blade_counter_elite_advanced	enemy_elite_blade_counter_elite_advanced	elite_blade_counter	big_map_elite	common	elite	elite	2	advanced	7	guard	blade_inside_guard	guard	blademaster	common	guard	guard	5	1	1	2	110.00	role_match,weapon_match,required_tag_match,distance_match,tactic_match	enemy_elite,role_approach,role_counter,variant_advanced,weapon_blademaster	player_only,true_boss_only,weapon_mismatch	weapon_blademaster,role_guard,deck_guard,ai_stabilize	generated_card_pool.tsv	
enemy_elite_blade_counter_elite_advanced	enemy_elite_blade_counter_elite_advanced	elite_blade_counter	big_map_elite	common	elite	elite	2	advanced	8	movement	blade_quick_entry	movement	blademaster	common	approach	movement	4	0	1	2	108.00	role_match,weapon_match,required_tag_match,distance_match	enemy_elite,role_approach,role_counter,variant_advanced,weapon_blademaster	player_only,true_boss_only,weapon_mismatch	weapon_blademaster,role_approach,deck_movement,ai_setup	generated_card_pool.tsv	
enemy_elite_blade_counter_elite_advanced	enemy_elite_blade_counter_elite_advanced	elite_blade_counter	big_map_elite	common	elite	elite	2	advanced	9	movement	blade_shoulder_shift	movement	blademaster	common	retreat	movement	3	-1	1	2	100.00	role_match,weapon_match,required_tag_match,distance_match	enemy_elite,role_approach,role_counter,variant_advanced,weapon_blademaster	player_only,true_boss_only,weapon_mismatch	weapon_blademaster,role_retreat,deck_movement,ai_reset	generated_card_pool.tsv	
enemy_elite_blade_counter_elite_advanced	enemy_elite_blade_counter_elite_advanced	elite_blade_counter	big_map_elite	common	elite	elite	2	advanced	10	posture_break	blade_opening_break	posture_break	blademaster	uncommon	break	posture_break	6	-2	1	2	114.00	role_match,weapon_match,required_tag_match,distance_match,tactic_match,rarity_fit	enemy_elite,role_approach,role_counter,variant_advanced,weapon_blademaster	player_only,true_boss_only,weapon_mismatch	weapon_blademaster,role_break,deck_posture_break,ai_break_open	generated_card_pool.tsv	
enemy_elite_blade_counter_elite_advanced	enemy_elite_blade_counter_elite_advanced	elite_blade_counter	big_map_elite	common	elite	elite	2	advanced	11	posture_break	blade_punish_riposte	posture_break	blademaster	rare	punish	posture_break	7	-5	1	2	109.00	role_match,weapon_match,required_tag_match,distance_match,tactic_match,rarity_fit	enemy_elite,role_approach,role_counter,variant_advanced,weapon_blademaster	player_only,true_boss_only,weapon_mismatch	weapon_blademaster,role_punish,deck_posture_break,ai_punish	generated_card_pool.tsv	
enemy_elite_blade_counter_elite_advanced	enemy_elite_blade_counter_elite_advanced	elite_blade_counter	big_map_elite	common	elite	elite	2	advanced	12	tempo	blade_tempo_feint	tempo	blademaster	uncommon	combo_bridge	tempo	5	1	1	2	106.00	role_match,weapon_match,required_tag_match,distance_match,rarity_fit	enemy_elite,role_approach,role_counter,variant_advanced,weapon_blademaster	player_only,true_boss_only,weapon_mismatch	weapon_blademaster,role_tempo,deck_tempo,ai_setup	generated_card_pool.tsv	
enemy_elite_blade_counter_elite_advanced	enemy_elite_blade_counter_elite_advanced	elite_blade_counter	big_map_elite	common	elite	elite	2	advanced	13	tempo	blade_focus_recover	tempo	blademaster	common	recovery	tempo	5	5	1	2	95.00	role_match,weapon_match,required_tag_match,distance_match	enemy_elite,role_approach,role_counter,variant_advanced,weapon_blademaster	player_only,true_boss_only,weapon_mismatch	weapon_blademaster,role_recovery,deck_tempo,ai_reset	generated_card_pool.tsv	
enemy_elite_blade_counter_elite_advanced	enemy_elite_blade_counter_elite_advanced	elite_blade_counter	big_map_elite	common	elite	elite	2	advanced	14	combo	blade_dual_cut_chain	combo	blademaster	rare	burst	combo	7	-5	1	2	109.00	role_match,weapon_match,required_tag_match,distance_match,tactic_match,rarity_fit	enemy_elite,role_approach,role_counter,variant_advanced,weapon_blademaster	player_only,true_boss_only,weapon_mismatch	weapon_blademaster,role_burst,deck_combo,ai_burst	generated_card_pool.tsv	
enemy_elite_dual_blade_raider_elite_basic	enemy_elite_dual_blade_raider_elite_basic	elite_dual_blade_raider	big_map_elite	common	elite	elite	1	basic	1	attack	generic_forward_press	attack	generic	common	pressure	attack	4	0	1	2	95.00	role_match,generic_fallback,required_tag_match,distance_match,tactic_match	enemy_elite,role_control,role_mixed_weapon,role_pressure,variant_basic	player_only,true_boss_only,weapon_mismatch	weapon_generic,role_pressure,deck_attack,ai_press	generated_card_pool.tsv	
enemy_elite_dual_blade_raider_elite_basic	enemy_elite_dual_blade_raider_elite_basic	elite_dual_blade_raider	big_map_elite	common	elite	elite	1	basic	2	attack	blade_follow_step	attack	blademaster	uncommon	pressure	attack	6	-2	1	2	89.00	role_match,required_tag_match,distance_match,tactic_match,rarity_fit	enemy_elite,role_control,role_mixed_weapon,role_pressure,variant_basic	player_only,true_boss_only,weapon_mismatch	weapon_blademaster,role_pressure,deck_attack,ai_stick	generated_card_pool.tsv	
enemy_elite_dual_blade_raider_elite_basic	enemy_elite_dual_blade_raider_elite_basic	elite_dual_blade_raider	big_map_elite	common	elite	elite	1	basic	3	attack	spear_pressure_jab	attack	spearman	uncommon	pressure	attack	5	-3	1	2	86.00	role_match,required_tag_match,distance_match,tactic_match,rarity_fit	enemy_elite,role_control,role_mixed_weapon,role_pressure,variant_basic	player_only,true_boss_only,weapon_mismatch	weapon_spearman,role_pressure,deck_attack,ai_press	generated_card_pool.tsv	
enemy_elite_dual_blade_raider_elite_basic	enemy_elite_dual_blade_raider_elite_basic	elite_dual_blade_raider	big_map_elite	common	elite	elite	1	basic	4	attack	generic_forward_press	attack	generic	common	pressure	attack	4	0	1	2	83.00	role_match,generic_fallback,required_tag_match,distance_match,tactic_match,repeat_penalty	enemy_elite,role_control,role_mixed_weapon,role_pressure,variant_basic	player_only,true_boss_only,weapon_mismatch	weapon_generic,role_pressure,deck_attack,ai_press	generated_card_pool.tsv	
enemy_elite_dual_blade_raider_elite_basic	enemy_elite_dual_blade_raider_elite_basic	elite_dual_blade_raider	big_map_elite	common	elite	elite	1	basic	5	guard	generic_counter_guard	guard	generic	uncommon	counter	guard	6	-2	1	2	81.00	role_match,generic_fallback,distance_match,rarity_fit	enemy_elite,role_control,role_mixed_weapon,role_pressure,variant_basic	player_only,true_boss_only,weapon_mismatch	weapon_generic,role_counter,deck_guard,ai_counter	generated_card_pool.tsv	
enemy_elite_dual_blade_raider_elite_basic	enemy_elite_dual_blade_raider_elite_basic	elite_dual_blade_raider	big_map_elite	common	elite	elite	1	basic	6	guard	generic_guard	guard	generic	common	guard	guard	5	1	1	2	77.00	role_match,generic_fallback,distance_match	enemy_elite,role_control,role_mixed_weapon,role_pressure,variant_basic	player_only,true_boss_only,weapon_mismatch	weapon_generic,role_guard,deck_guard,ai_stabilize	generated_card_pool.tsv	
enemy_elite_dual_blade_raider_elite_basic	enemy_elite_dual_blade_raider_elite_basic	elite_dual_blade_raider	big_map_elite	common	elite	elite	1	basic	7	movement	generic_side_step	movement	generic	common	approach	movement	3	-1	1	2	87.00	role_match,generic_fallback,distance_match,tactic_match	enemy_elite,role_control,role_mixed_weapon,role_pressure,variant_basic	player_only,true_boss_only,weapon_mismatch	weapon_generic,role_approach,deck_movement,ai_tempo	generated_card_pool.tsv	
enemy_elite_dual_blade_raider_elite_basic	enemy_elite_dual_blade_raider_elite_basic	elite_dual_blade_raider	big_map_elite	common	elite	elite	1	basic	8	movement	spear_hold_distance	movement	spearman	common	control	movement	4	0	1	2	85.00	role_match,required_tag_match,distance_match,tactic_match	enemy_elite,role_control,role_mixed_weapon,role_pressure,variant_basic	player_only,true_boss_only,weapon_mismatch	weapon_spearman,role_control,deck_movement,ai_hold_distance	generated_card_pool.tsv	
enemy_elite_dual_blade_raider_elite_basic	enemy_elite_dual_blade_raider_elite_basic	elite_dual_blade_raider	big_map_elite	common	elite	elite	1	basic	9	posture_break	generic_guard_split	posture_break	generic	uncommon	punish	posture_break	5	-3	1	2	78.00	role_match,generic_fallback,distance_match,rarity_fit	enemy_elite,role_control,role_mixed_weapon,role_pressure,variant_basic	player_only,true_boss_only,weapon_mismatch	weapon_generic,role_break,deck_posture_break,ai_punish	generated_card_pool.tsv	
enemy_elite_dual_blade_raider_elite_basic	enemy_elite_dual_blade_raider_elite_basic	elite_dual_blade_raider	big_map_elite	common	elite	elite	1	basic	10	posture_break	generic_posture_tap	posture_break	generic	common	break	posture_break	3	-1	1	2	77.00	role_match,generic_fallback,distance_match	enemy_elite,role_control,role_mixed_weapon,role_pressure,variant_basic	player_only,true_boss_only,weapon_mismatch	weapon_generic,role_break,deck_posture_break,ai_chip	generated_card_pool.tsv	
enemy_elite_dual_blade_raider_elite_basic	enemy_elite_dual_blade_raider_elite_basic	elite_dual_blade_raider	big_map_elite	common	elite	elite	1	basic	11	tempo	generic_tempo_shift	tempo	generic	uncommon	combo_bridge	tempo	4	0	1	2	83.00	role_match,generic_fallback,distance_match,rarity_fit	enemy_elite,role_control,role_mixed_weapon,role_pressure,variant_basic	player_only,true_boss_only,weapon_mismatch	weapon_generic,role_tempo,deck_tempo,ai_setup	generated_card_pool.tsv	
enemy_elite_dual_blade_raider_elite_basic	enemy_elite_dual_blade_raider_elite_basic	elite_dual_blade_raider	big_map_elite	common	elite	elite	1	basic	12	tempo	blade_tempo_feint	tempo	blademaster	uncommon	combo_bridge	tempo	5	1	1	2	73.00	role_match,distance_match,rarity_fit	enemy_elite,role_control,role_mixed_weapon,role_pressure,variant_basic	player_only,true_boss_only,weapon_mismatch	weapon_blademaster,role_tempo,deck_tempo,ai_setup	generated_card_pool.tsv	
enemy_elite_dual_blade_raider_elite_advanced	enemy_elite_dual_blade_raider_elite_advanced	elite_dual_blade_raider	big_map_elite	common	elite	elite	2	advanced	1	attack	generic_forward_press	attack	generic	common	pressure	attack	4	0	1	2	95.00	role_match,generic_fallback,required_tag_match,distance_match,tactic_match	enemy_elite,role_control,role_mixed_weapon,role_pressure,variant_advanced	player_only,true_boss_only,weapon_mismatch	weapon_generic,role_pressure,deck_attack,ai_press	generated_card_pool.tsv	
enemy_elite_dual_blade_raider_elite_advanced	enemy_elite_dual_blade_raider_elite_advanced	elite_dual_blade_raider	big_map_elite	common	elite	elite	2	advanced	2	attack	blade_follow_step	attack	blademaster	uncommon	pressure	attack	6	-2	1	2	89.00	role_match,required_tag_match,distance_match,tactic_match,rarity_fit	enemy_elite,role_control,role_mixed_weapon,role_pressure,variant_advanced	player_only,true_boss_only,weapon_mismatch	weapon_blademaster,role_pressure,deck_attack,ai_stick	generated_card_pool.tsv	
enemy_elite_dual_blade_raider_elite_advanced	enemy_elite_dual_blade_raider_elite_advanced	elite_dual_blade_raider	big_map_elite	common	elite	elite	2	advanced	3	attack	spear_pressure_jab	attack	spearman	uncommon	pressure	attack	5	-3	1	2	86.00	role_match,required_tag_match,distance_match,tactic_match,rarity_fit	enemy_elite,role_control,role_mixed_weapon,role_pressure,variant_advanced	player_only,true_boss_only,weapon_mismatch	weapon_spearman,role_pressure,deck_attack,ai_press	generated_card_pool.tsv	
enemy_elite_dual_blade_raider_elite_advanced	enemy_elite_dual_blade_raider_elite_advanced	elite_dual_blade_raider	big_map_elite	common	elite	elite	2	advanced	4	attack	generic_forward_press	attack	generic	common	pressure	attack	4	0	1	2	83.00	role_match,generic_fallback,required_tag_match,distance_match,tactic_match,repeat_penalty	enemy_elite,role_control,role_mixed_weapon,role_pressure,variant_advanced	player_only,true_boss_only,weapon_mismatch	weapon_generic,role_pressure,deck_attack,ai_press	generated_card_pool.tsv	
enemy_elite_dual_blade_raider_elite_advanced	enemy_elite_dual_blade_raider_elite_advanced	elite_dual_blade_raider	big_map_elite	common	elite	elite	2	advanced	5	guard	generic_counter_guard	guard	generic	uncommon	counter	guard	6	-2	1	2	81.00	role_match,generic_fallback,distance_match,rarity_fit	enemy_elite,role_control,role_mixed_weapon,role_pressure,variant_advanced	player_only,true_boss_only,weapon_mismatch	weapon_generic,role_counter,deck_guard,ai_counter	generated_card_pool.tsv	
enemy_elite_dual_blade_raider_elite_advanced	enemy_elite_dual_blade_raider_elite_advanced	elite_dual_blade_raider	big_map_elite	common	elite	elite	2	advanced	6	guard	generic_guard	guard	generic	common	guard	guard	5	1	1	2	77.00	role_match,generic_fallback,distance_match	enemy_elite,role_control,role_mixed_weapon,role_pressure,variant_advanced	player_only,true_boss_only,weapon_mismatch	weapon_generic,role_guard,deck_guard,ai_stabilize	generated_card_pool.tsv	
enemy_elite_dual_blade_raider_elite_advanced	enemy_elite_dual_blade_raider_elite_advanced	elite_dual_blade_raider	big_map_elite	common	elite	elite	2	advanced	7	movement	generic_side_step	movement	generic	common	approach	movement	3	-1	1	2	87.00	role_match,generic_fallback,distance_match,tactic_match	enemy_elite,role_control,role_mixed_weapon,role_pressure,variant_advanced	player_only,true_boss_only,weapon_mismatch	weapon_generic,role_approach,deck_movement,ai_tempo	generated_card_pool.tsv	
enemy_elite_dual_blade_raider_elite_advanced	enemy_elite_dual_blade_raider_elite_advanced	elite_dual_blade_raider	big_map_elite	common	elite	elite	2	advanced	8	movement	spear_hold_distance	movement	spearman	common	control	movement	4	0	1	2	85.00	role_match,required_tag_match,distance_match,tactic_match	enemy_elite,role_control,role_mixed_weapon,role_pressure,variant_advanced	player_only,true_boss_only,weapon_mismatch	weapon_spearman,role_control,deck_movement,ai_hold_distance	generated_card_pool.tsv	
enemy_elite_dual_blade_raider_elite_advanced	enemy_elite_dual_blade_raider_elite_advanced	elite_dual_blade_raider	big_map_elite	common	elite	elite	2	advanced	9	posture_break	generic_guard_split	posture_break	generic	uncommon	punish	posture_break	5	-3	1	2	78.00	role_match,generic_fallback,distance_match,rarity_fit	enemy_elite,role_control,role_mixed_weapon,role_pressure,variant_advanced	player_only,true_boss_only,weapon_mismatch	weapon_generic,role_break,deck_posture_break,ai_punish	generated_card_pool.tsv	
enemy_elite_dual_blade_raider_elite_advanced	enemy_elite_dual_blade_raider_elite_advanced	elite_dual_blade_raider	big_map_elite	common	elite	elite	2	advanced	10	posture_break	generic_posture_tap	posture_break	generic	common	break	posture_break	3	-1	1	2	77.00	role_match,generic_fallback,distance_match	enemy_elite,role_control,role_mixed_weapon,role_pressure,variant_advanced	player_only,true_boss_only,weapon_mismatch	weapon_generic,role_break,deck_posture_break,ai_chip	generated_card_pool.tsv	
enemy_elite_dual_blade_raider_elite_advanced	enemy_elite_dual_blade_raider_elite_advanced	elite_dual_blade_raider	big_map_elite	common	elite	elite	2	advanced	11	tempo	generic_tempo_shift	tempo	generic	uncommon	combo_bridge	tempo	4	0	1	2	83.00	role_match,generic_fallback,distance_match,rarity_fit	enemy_elite,role_control,role_mixed_weapon,role_pressure,variant_advanced	player_only,true_boss_only,weapon_mismatch	weapon_generic,role_tempo,deck_tempo,ai_setup	generated_card_pool.tsv	
enemy_elite_dual_blade_raider_elite_advanced	enemy_elite_dual_blade_raider_elite_advanced	elite_dual_blade_raider	big_map_elite	common	elite	elite	2	advanced	12	tempo	blade_tempo_feint	tempo	blademaster	uncommon	combo_bridge	tempo	5	1	1	2	73.00	role_match,distance_match,rarity_fit	enemy_elite,role_control,role_mixed_weapon,role_pressure,variant_advanced	player_only,true_boss_only,weapon_mismatch	weapon_blademaster,role_tempo,deck_tempo,ai_setup	generated_card_pool.tsv	
enemy_elite_dual_blade_raider_elite_advanced	enemy_elite_dual_blade_raider_elite_advanced	elite_dual_blade_raider	big_map_elite	common	elite	elite	2	advanced	13	combo	generic_link_cut	combo	generic	uncommon	combo_bridge	combo	4	0	1	2	83.00	role_match,generic_fallback,distance_match,rarity_fit	enemy_elite,role_control,role_mixed_weapon,role_pressure,variant_advanced	player_only,true_boss_only,weapon_mismatch	weapon_generic,role_combo_bridge,deck_combo,ai_link	generated_card_pool.tsv	
enemy_elite_dual_blade_raider_elite_advanced	enemy_elite_dual_blade_raider_elite_advanced	elite_dual_blade_raider	big_map_elite	common	elite	elite	2	advanced	14	combo	blade_dual_cut_chain	combo	blademaster	rare	burst	combo	7	-5	1	2	76.00	role_match,distance_match,tactic_match,rarity_fit	enemy_elite,role_control,role_mixed_weapon,role_pressure,variant_advanced	player_only,true_boss_only,weapon_mismatch	weapon_blademaster,role_burst,deck_combo,ai_burst	generated_card_pool.tsv	
enemy_elite_firearm_guard_elite_basic	enemy_elite_firearm_guard_elite_basic	elite_firearm_guard	big_map_elite	common	elite	elite	1	basic	1	attack	enemy_firearm_shot	attack	firearm	uncommon	pressure	attack	6	-2	3	4	122.00	role_match,weapon_match,required_tag_match,distance_match,tactic_match,rarity_fit	enemy_elite,role_firearm_pressure,role_tempo,variant_basic,weapon_firearm	player_only,true_boss_only,weapon_mismatch	weapon_firearm,role_firearm_pressure,deck_attack,ai_firearm	generated_card_pool.tsv	
enemy_elite_firearm_guard_elite_basic	enemy_elite_firearm_guard_elite_basic	elite_firearm_guard	big_map_elite	common	elite	elite	1	basic	2	attack	enemy_firearm_shot	attack	firearm	uncommon	pressure	attack	6	-2	3	4	110.00	role_match,weapon_match,required_tag_match,distance_match,tactic_match,rarity_fit,repeat_penalty	enemy_elite,role_firearm_pressure,role_tempo,variant_basic,weapon_firearm	player_only,true_boss_only,weapon_mismatch	weapon_firearm,role_firearm_pressure,deck_attack,ai_firearm	generated_card_pool.tsv	
enemy_elite_firearm_guard_elite_basic	enemy_elite_firearm_guard_elite_basic	elite_firearm_guard	big_map_elite	common	elite	elite	1	basic	3	attack	enemy_firearm_close_check	attack	firearm	common	punish	attack	5	1	3	4	100.00	role_match,weapon_match,required_tag_match,distance_match	enemy_elite,role_firearm_pressure,role_tempo,variant_basic,weapon_firearm	player_only,true_boss_only,weapon_mismatch	weapon_firearm,role_punish,deck_attack,ai_counterplay	generated_card_pool.tsv	
enemy_elite_firearm_guard_elite_basic	enemy_elite_firearm_guard_elite_basic	elite_firearm_guard	big_map_elite	common	elite	elite	1	basic	4	attack	enemy_firearm_close_check	attack	firearm	common	punish	attack	5	1	3	4	88.00	role_match,weapon_match,required_tag_match,distance_match,repeat_penalty	enemy_elite,role_firearm_pressure,role_tempo,variant_basic,weapon_firearm	player_only,true_boss_only,weapon_mismatch	weapon_firearm,role_punish,deck_attack,ai_counterplay	generated_card_pool.tsv	
enemy_elite_firearm_guard_elite_basic	enemy_elite_firearm_guard_elite_basic	elite_firearm_guard	big_map_elite	common	elite	elite	1	basic	5	guard	enemy_firearm_guard_cover	guard	firearm	common	guard	guard	5	1	3	4	110.00	role_match,weapon_match,required_tag_match,distance_match,tactic_match	enemy_elite,role_firearm_pressure,role_tempo,variant_basic,weapon_firearm	player_only,true_boss_only,weapon_mismatch	weapon_firearm,role_guard,deck_guard,ai_stabilize	generated_card_pool.tsv	
enemy_elite_firearm_guard_elite_basic	enemy_elite_firearm_guard_elite_basic	elite_firearm_guard	big_map_elite	common	elite	elite	1	basic	6	guard	enemy_firearm_guard_cover	guard	firearm	common	guard	guard	5	1	3	4	98.00	role_match,weapon_match,required_tag_match,distance_match,tactic_match,repeat_penalty	enemy_elite,role_firearm_pressure,role_tempo,variant_basic,weapon_firearm	player_only,true_boss_only,weapon_mismatch	weapon_firearm,role_guard,deck_guard,ai_stabilize	generated_card_pool.tsv	
enemy_elite_firearm_guard_elite_basic	enemy_elite_firearm_guard_elite_basic	elite_firearm_guard	big_map_elite	common	elite	elite	1	basic	7	movement	enemy_firearm_reposition	movement	firearm	common	retreat	movement	3	-1	3	4	100.00	role_match,weapon_match,required_tag_match,distance_match	enemy_elite,role_firearm_pressure,role_tempo,variant_basic,weapon_firearm	player_only,true_boss_only,weapon_mismatch	weapon_firearm,role_retreat,deck_movement,ai_counterplay	generated_card_pool.tsv	
enemy_elite_firearm_guard_elite_basic	enemy_elite_firearm_guard_elite_basic	elite_firearm_guard	big_map_elite	common	elite	elite	1	basic	8	movement	enemy_firearm_reposition	movement	firearm	common	retreat	movement	3	-1	3	4	88.00	role_match,weapon_match,required_tag_match,distance_match,repeat_penalty	enemy_elite,role_firearm_pressure,role_tempo,variant_basic,weapon_firearm	player_only,true_boss_only,weapon_mismatch	weapon_firearm,role_retreat,deck_movement,ai_counterplay	generated_card_pool.tsv	
enemy_elite_firearm_guard_elite_basic	enemy_elite_firearm_guard_elite_basic	elite_firearm_guard	big_map_elite	common	elite	elite	1	basic	9	posture_break	enemy_firearm_break_bayonet	posture_break	firearm	uncommon	break	posture_break	5	-3	3	4	91.00	role_match,weapon_match,required_tag_match,rarity_fit	enemy_elite,role_firearm_pressure,role_tempo,variant_basic,weapon_firearm	player_only,true_boss_only,weapon_mismatch	weapon_firearm,role_break,deck_posture_break,ai_counterplay	generated_card_pool.tsv	
enemy_elite_firearm_guard_elite_basic	enemy_elite_firearm_guard_elite_basic	elite_firearm_guard	big_map_elite	common	elite	elite	1	basic	10	posture_break	enemy_firearm_break_bayonet	posture_break	firearm	uncommon	break	posture_break	5	-3	3	4	79.00	role_match,weapon_match,required_tag_match,rarity_fit,repeat_penalty	enemy_elite,role_firearm_pressure,role_tempo,variant_basic,weapon_firearm	player_only,true_boss_only,weapon_mismatch	weapon_firearm,role_break,deck_posture_break,ai_counterplay	generated_card_pool.tsv	
enemy_elite_firearm_guard_elite_basic	enemy_elite_firearm_guard_elite_basic	elite_firearm_guard	big_map_elite	common	elite	elite	1	basic	11	tempo	enemy_firearm_aim	tempo	firearm	common	firearm_pressure	tempo	5	1	3	4	126.00	role_match,weapon_match,required_tag_match,distance_match,tactic_match,firearm_counterplay	enemy_elite,role_firearm_pressure,role_tempo,variant_basic,weapon_firearm	player_only,true_boss_only,weapon_mismatch	weapon_firearm,role_firearm_pressure,deck_tempo,ai_setup	generated_card_pool.tsv	
enemy_elite_firearm_guard_elite_basic	enemy_elite_firearm_guard_elite_basic	elite_firearm_guard	big_map_elite	common	elite	elite	1	basic	12	tempo	enemy_firearm_aim	tempo	firearm	common	firearm_pressure	tempo	5	1	3	4	114.00	role_match,weapon_match,required_tag_match,distance_match,tactic_match,repeat_penalty,firearm_counterplay	enemy_elite,role_firearm_pressure,role_tempo,variant_basic,weapon_firearm	player_only,true_boss_only,weapon_mismatch	weapon_firearm,role_firearm_pressure,deck_tempo,ai_setup	generated_card_pool.tsv	
enemy_elite_military_officer_elite_basic	enemy_elite_military_officer_elite_basic	elite_military_officer	big_map_elite	common	elite	elite	1	basic	1	attack	official_basic_cut	attack	official	common	exam_fundamental	attack	4	0	1	3	100.00	role_match,weapon_match,required_tag_match,distance_match	enemy_elite,role_control,role_fundamental,variant_basic	player_only,true_boss_only,weapon_mismatch	weapon_official,role_fundamental,deck_attack,ai_standard	generated_card_pool.tsv	
enemy_elite_military_officer_elite_basic	enemy_elite_military_officer_elite_basic	elite_military_officer	big_map_elite	common	elite	elite	1	basic	2	attack	official_basic_cut	attack	official	common	exam_fundamental	attack	4	0	1	3	88.00	role_match,weapon_match,required_tag_match,distance_match,repeat_penalty	enemy_elite,role_control,role_fundamental,variant_basic	player_only,true_boss_only,weapon_mismatch	weapon_official,role_fundamental,deck_attack,ai_standard	generated_card_pool.tsv	
enemy_elite_military_officer_elite_basic	enemy_elite_military_officer_elite_basic	elite_military_officer	big_map_elite	common	elite	elite	1	basic	3	attack	spear_line_thrust	attack	spearman	common	poke	attack	6	2	1	3	83.00	role_match,required_tag_match,distance_match,tactic_match	enemy_elite,role_control,role_fundamental,variant_basic	player_only,true_boss_only,weapon_mismatch	weapon_spearman,role_control,deck_attack,ai_hold_distance	generated_card_pool.tsv	
enemy_elite_military_officer_elite_basic	enemy_elite_military_officer_elite_basic	elite_military_officer	big_map_elite	common	elite	elite	1	basic	4	guard	official_guard_frame	guard	official	common	guard	guard	5	1	1	3	110.00	role_match,weapon_match,required_tag_match,distance_match,tactic_match	enemy_elite,role_control,role_fundamental,variant_basic	player_only,true_boss_only,weapon_mismatch	weapon_official,role_fundamental,deck_guard,ai_standard	generated_card_pool.tsv	
enemy_elite_military_officer_elite_basic	enemy_elite_military_officer_elite_basic	elite_military_officer	big_map_elite	common	elite	elite	1	basic	5	guard	official_counter_ritual	guard	official	uncommon	counter	guard	6	-2	1	3	106.00	role_match,weapon_match,distance_match,tactic_match,rarity_fit	enemy_elite,role_control,role_fundamental,variant_basic	player_only,true_boss_only,weapon_mismatch	weapon_official,role_counter,deck_guard,ai_discipline	generated_card_pool.tsv	
enemy_elite_military_officer_elite_basic	enemy_elite_military_officer_elite_basic	elite_military_officer	big_map_elite	common	elite	elite	1	basic	6	guard	official_guard_frame	guard	official	common	guard	guard	5	1	1	3	98.00	role_match,weapon_match,required_tag_match,distance_match,tactic_match,repeat_penalty	enemy_elite,role_control,role_fundamental,variant_basic	player_only,true_boss_only,weapon_mismatch	weapon_official,role_fundamental,deck_guard,ai_standard	generated_card_pool.tsv	
enemy_elite_military_officer_elite_basic	enemy_elite_military_officer_elite_basic	elite_military_officer	big_map_elite	common	elite	elite	1	basic	7	movement	official_step_set	movement	official	common	approach	movement	3	-1	1	3	100.00	role_match,weapon_match,required_tag_match,distance_match	enemy_elite,role_control,role_fundamental,variant_basic	player_only,true_boss_only,weapon_mismatch	weapon_official,role_fundamental,deck_movement,ai_standard	generated_card_pool.tsv	
enemy_elite_military_officer_elite_basic	enemy_elite_military_officer_elite_basic	elite_military_officer	big_map_elite	common	elite	elite	1	basic	8	movement	official_step_set	movement	official	common	approach	movement	3	-1	1	3	88.00	role_match,weapon_match,required_tag_match,distance_match,repeat_penalty	enemy_elite,role_control,role_fundamental,variant_basic	player_only,true_boss_only,weapon_mismatch	weapon_official,role_fundamental,deck_movement,ai_standard	generated_card_pool.tsv	
enemy_elite_military_officer_elite_basic	enemy_elite_military_officer_elite_basic	elite_military_officer	big_map_elite	common	elite	elite	1	basic	9	posture_break	official_break_drill	posture_break	official	uncommon	break	posture_break	5	-3	1	3	111.00	role_match,weapon_match,required_tag_match,distance_match,tactic_match,rarity_fit	enemy_elite,role_control,role_fundamental,variant_basic	player_only,true_boss_only,weapon_mismatch	weapon_official,role_fundamental,deck_posture_break,ai_drill	generated_card_pool.tsv	
enemy_elite_military_officer_elite_basic	enemy_elite_military_officer_elite_basic	elite_military_officer	big_map_elite	common	elite	elite	1	basic	10	posture_break	official_break_drill	posture_break	official	uncommon	break	posture_break	5	-3	1	3	99.00	role_match,weapon_match,required_tag_match,distance_match,tactic_match,rarity_fit,repeat_penalty	enemy_elite,role_control,role_fundamental,variant_basic	player_only,true_boss_only,weapon_mismatch	weapon_official,role_fundamental,deck_posture_break,ai_drill	generated_card_pool.tsv	
enemy_elite_military_officer_elite_basic	enemy_elite_military_officer_elite_basic	elite_military_officer	big_map_elite	common	elite	elite	1	basic	11	posture_break	generic_guard_split	posture_break	generic	uncommon	punish	posture_break	5	-3	1	3	88.00	role_match,generic_fallback,distance_match,tactic_match,rarity_fit	enemy_elite,role_control,role_fundamental,variant_basic	player_only,true_boss_only,weapon_mismatch	weapon_generic,role_break,deck_posture_break,ai_punish	generated_card_pool.tsv	
enemy_elite_military_officer_elite_basic	enemy_elite_military_officer_elite_basic	elite_military_officer	big_map_elite	common	elite	elite	1	basic	12	tempo	exam_fundamental_probe	tempo	official	common	exam_fundamental	tempo	5	5	1	3	95.00	role_match,weapon_match,required_tag_match,distance_match	enemy_elite,role_control,role_fundamental,variant_basic	player_only,true_boss_only,weapon_mismatch	weapon_official,role_fundamental,deck_tempo,ai_test	generated_card_pool.tsv	
boss_normal_boss_old_case_officer_phase_1	boss_normal_boss_old_case_officer_phase_1	normal_boss_old_case_officer	boss_normal	normal	boss	boss	1	phase_1	1	attack	boss_range_check	attack	boss	boss	control	attack	7	-1	1	3	103.00	role_match,boss_phase_card,distance_match,tactic_match,rarity_fit	boss_only,role_boss_phase,role_control,role_fundamental,variant_phase_1	lightness_4_required,player_only,weapon_mismatch	weapon_boss,role_boss_pressure,deck_attack,ai_boss_range	generated_card_pool.tsv	
boss_normal_boss_old_case_officer_phase_1	boss_normal_boss_old_case_officer_phase_1	normal_boss_old_case_officer	boss_normal	normal	boss	boss	1	phase_1	2	attack	official_basic_cut	attack	official	common	exam_fundamental	attack	4	0	1	3	99.00	role_match,weapon_match,required_tag_match,distance_match	boss_only,role_boss_phase,role_control,role_fundamental,variant_phase_1	lightness_4_required,player_only,weapon_mismatch	weapon_official,role_fundamental,deck_attack,ai_standard	generated_card_pool.tsv	
boss_normal_boss_old_case_officer_phase_1	boss_normal_boss_old_case_officer_phase_1	normal_boss_old_case_officer	boss_normal	normal	boss	boss	1	phase_1	3	attack	boss_range_check	attack	boss	boss	control	attack	7	-1	1	3	91.00	role_match,boss_phase_card,distance_match,tactic_match,rarity_fit,repeat_penalty	boss_only,role_boss_phase,role_control,role_fundamental,variant_phase_1	lightness_4_required,player_only,weapon_mismatch	weapon_boss,role_boss_pressure,deck_attack,ai_boss_range	generated_card_pool.tsv	
boss_normal_boss_old_case_officer_phase_1	boss_normal_boss_old_case_officer_phase_1	normal_boss_old_case_officer	boss_normal	normal	boss	boss	1	phase_1	4	attack	official_basic_cut	attack	official	common	exam_fundamental	attack	4	0	1	3	87.00	role_match,weapon_match,required_tag_match,distance_match,repeat_penalty	boss_only,role_boss_phase,role_control,role_fundamental,variant_phase_1	lightness_4_required,player_only,weapon_mismatch	weapon_official,role_fundamental,deck_attack,ai_standard	generated_card_pool.tsv	
boss_normal_boss_old_case_officer_phase_1	boss_normal_boss_old_case_officer_phase_1	normal_boss_old_case_officer	boss_normal	normal	boss	boss	1	phase_1	5	guard	official_guard_frame	guard	official	common	guard	guard	5	1	1	3	109.00	role_match,weapon_match,required_tag_match,distance_match,tactic_match	boss_only,role_boss_phase,role_control,role_fundamental,variant_phase_1	lightness_4_required,player_only,weapon_mismatch	weapon_official,role_fundamental,deck_guard,ai_standard	generated_card_pool.tsv	
boss_normal_boss_old_case_officer_phase_1	boss_normal_boss_old_case_officer_phase_1	normal_boss_old_case_officer	boss_normal	normal	boss	boss	1	phase_1	6	guard	boss_guard_wall	guard	boss	boss	guard	guard	6	2	1	3	101.00	role_match,boss_phase_card,distance_match,tactic_match,rarity_fit	boss_only,role_boss_phase,role_control,role_fundamental,variant_phase_1	lightness_4_required,player_only,weapon_mismatch	weapon_boss,role_boss_pressure,deck_guard,ai_boss_guard	generated_card_pool.tsv	
boss_normal_boss_old_case_officer_phase_1	boss_normal_boss_old_case_officer_phase_1	normal_boss_old_case_officer	boss_normal	normal	boss	boss	1	phase_1	7	guard	boss_phase_counter	guard	boss	boss	counter	guard	10	2	1	3	101.00	role_match,boss_phase_card,distance_match,tactic_match,rarity_fit	boss_only,role_boss_phase,role_control,role_fundamental,variant_phase_1	lightness_4_required,player_only,weapon_mismatch	weapon_boss,role_boss_pressure,deck_guard,ai_boss_counter	generated_card_pool.tsv	
boss_normal_boss_old_case_officer_phase_1	boss_normal_boss_old_case_officer_phase_1	normal_boss_old_case_officer	boss_normal	normal	boss	boss	1	phase_1	8	movement	official_step_set	movement	official	common	approach	movement	3	-1	1	3	99.00	role_match,weapon_match,required_tag_match,distance_match	boss_only,role_boss_phase,role_control,role_fundamental,variant_phase_1	lightness_4_required,player_only,weapon_mismatch	weapon_official,role_fundamental,deck_movement,ai_standard	generated_card_pool.tsv	
boss_normal_boss_old_case_officer_phase_1	boss_normal_boss_old_case_officer_phase_1	normal_boss_old_case_officer	boss_normal	normal	boss	boss	1	phase_1	9	movement	boss_forward_step	movement	boss	boss	approach	movement	4	0	1	3	93.00	role_match,boss_phase_card,distance_match,rarity_fit	boss_only,role_boss_phase,role_control,role_fundamental,variant_phase_1	lightness_4_required,player_only,weapon_mismatch	weapon_boss,role_boss_pressure,deck_movement,ai_boss_step	generated_card_pool.tsv	
boss_normal_boss_old_case_officer_phase_1	boss_normal_boss_old_case_officer_phase_1	normal_boss_old_case_officer	boss_normal	normal	boss	boss	1	phase_1	10	posture_break	official_break_drill	posture_break	official	uncommon	break	posture_break	5	-3	1	3	104.00	role_match,weapon_match,required_tag_match,distance_match,tactic_match	boss_only,role_boss_phase,role_control,role_fundamental,variant_phase_1	lightness_4_required,player_only,weapon_mismatch	weapon_official,role_fundamental,deck_posture_break,ai_drill	generated_card_pool.tsv	
boss_normal_boss_old_case_officer_phase_1	boss_normal_boss_old_case_officer_phase_1	normal_boss_old_case_officer	boss_normal	normal	boss	boss	1	phase_1	11	posture_break	boss_phase_break	posture_break	boss	boss	break	posture_break	8	-4	1	3	98.00	role_match,boss_phase_card,distance_match,tactic_match,rarity_fit	boss_only,role_boss_phase,role_control,role_fundamental,variant_phase_1	lightness_4_required,player_only,weapon_mismatch	weapon_boss,role_boss_pressure,deck_posture_break,ai_boss_break	generated_card_pool.tsv	
boss_normal_boss_old_case_officer_phase_1	boss_normal_boss_old_case_officer_phase_1	normal_boss_old_case_officer	boss_normal	normal	boss	boss	1	phase_1	12	posture_break	official_break_drill	posture_break	official	uncommon	break	posture_break	5	-3	1	3	92.00	role_match,weapon_match,required_tag_match,distance_match,tactic_match,repeat_penalty	boss_only,role_boss_phase,role_control,role_fundamental,variant_phase_1	lightness_4_required,player_only,weapon_mismatch	weapon_official,role_fundamental,deck_posture_break,ai_drill	generated_card_pool.tsv	
boss_normal_boss_old_case_officer_phase_1	boss_normal_boss_old_case_officer_phase_1	normal_boss_old_case_officer	boss_normal	normal	boss	boss	1	phase_1	13	tempo	exam_fundamental_probe	tempo	official	common	exam_fundamental	tempo	5	5	1	3	94.00	role_match,weapon_match,required_tag_match,distance_match	boss_only,role_boss_phase,role_control,role_fundamental,variant_phase_1	lightness_4_required,player_only,weapon_mismatch	weapon_official,role_fundamental,deck_tempo,ai_test	generated_card_pool.tsv	
boss_normal_boss_old_case_officer_phase_1	boss_normal_boss_old_case_officer_phase_1	normal_boss_old_case_officer	boss_normal	normal	boss	boss	1	phase_1	14	tempo	boss_tempo_surge	tempo	boss	boss	boss_pressure	tempo	8	0	1	3	93.00	role_match,boss_phase_card,distance_match,rarity_fit	boss_only,role_boss_phase,role_control,role_fundamental,variant_phase_1	lightness_4_required,player_only,weapon_mismatch	weapon_boss,role_boss_pressure,deck_tempo,ai_boss_tempo	generated_card_pool.tsv	
boss_normal_boss_old_case_officer_phase_1	boss_normal_boss_old_case_officer_phase_1	normal_boss_old_case_officer	boss_normal	normal	boss	boss	1	phase_1	15	special	official_standard_special	special	official	special	exam_fundamental	special	7	-1	1	3	106.00	role_match,weapon_match,required_tag_match,distance_match,rarity_fit	boss_only,role_boss_phase,role_control,role_fundamental,variant_phase_1	lightness_4_required,player_only,weapon_mismatch	weapon_official,role_fundamental,deck_special,ai_discipline	generated_card_pool.tsv	
boss_true_boss_gatekeeper_phase_1	boss_true_boss_gatekeeper_phase_1	true_boss_gatekeeper	boss_true	true_route	boss	boss	1	phase_1	1	attack	boss_range_check	attack	boss	boss	control	attack	7	-1	1	3	103.00	role_match,boss_phase_card,distance_match,tactic_match,rarity_fit	boss_only,role_boss_phase,role_control,role_mixed_weapon,role_pressure,variant_phase_1	lightness_4_required,player_only,weapon_mismatch	weapon_boss,role_boss_pressure,deck_attack,ai_boss_range	generated_card_pool.tsv	
boss_true_boss_gatekeeper_phase_1	boss_true_boss_gatekeeper_phase_1	true_boss_gatekeeper	boss_true	true_route	boss	boss	1	phase_1	2	attack	boss_range_check	attack	boss	boss	control	attack	7	-1	1	3	91.00	role_match,boss_phase_card,distance_match,tactic_match,rarity_fit,repeat_penalty	boss_only,role_boss_phase,role_control,role_mixed_weapon,role_pressure,variant_phase_1	lightness_4_required,player_only,weapon_mismatch	weapon_boss,role_boss_pressure,deck_attack,ai_boss_range	generated_card_pool.tsv	
boss_true_boss_gatekeeper_phase_1	boss_true_boss_gatekeeper_phase_1	true_boss_gatekeeper	boss_true	true_route	boss	boss	1	phase_1	3	attack	generic_forward_press	attack	generic	common	pressure	attack	4	0	1	3	84.00	role_match,generic_fallback,required_tag_match,distance_match	boss_only,role_boss_phase,role_control,role_mixed_weapon,role_pressure,variant_phase_1	lightness_4_required,player_only,weapon_mismatch	weapon_generic,role_pressure,deck_attack,ai_press	generated_card_pool.tsv	
boss_true_boss_gatekeeper_phase_1	boss_true_boss_gatekeeper_phase_1	true_boss_gatekeeper	boss_true	true_route	boss	boss	1	phase_1	4	attack	spear_line_thrust	attack	spearman	common	poke	attack	6	2	1	3	82.00	role_match,required_tag_match,distance_match,tactic_match	boss_only,role_boss_phase,role_control,role_mixed_weapon,role_pressure,variant_phase_1	lightness_4_required,player_only,weapon_mismatch	weapon_spearman,role_control,deck_attack,ai_hold_distance	generated_card_pool.tsv	
boss_true_boss_gatekeeper_phase_1	boss_true_boss_gatekeeper_phase_1	true_boss_gatekeeper	boss_true	true_route	boss	boss	1	phase_1	5	guard	boss_guard_wall	guard	boss	boss	guard	guard	6	2	1	3	101.00	role_match,boss_phase_card,distance_match,tactic_match,rarity_fit	boss_only,role_boss_phase,role_control,role_mixed_weapon,role_pressure,variant_phase_1	lightness_4_required,player_only,weapon_mismatch	weapon_boss,role_boss_pressure,deck_guard,ai_boss_guard	generated_card_pool.tsv	
boss_true_boss_gatekeeper_phase_1	boss_true_boss_gatekeeper_phase_1	true_boss_gatekeeper	boss_true	true_route	boss	boss	1	phase_1	6	guard	boss_phase_counter	guard	boss	boss	counter	guard	10	2	1	3	101.00	role_match,boss_phase_card,distance_match,tactic_match,rarity_fit	boss_only,role_boss_phase,role_control,role_mixed_weapon,role_pressure,variant_phase_1	lightness_4_required,player_only,weapon_mismatch	weapon_boss,role_boss_pressure,deck_guard,ai_boss_counter	generated_card_pool.tsv	
boss_true_boss_gatekeeper_phase_1	boss_true_boss_gatekeeper_phase_1	true_boss_gatekeeper	boss_true	true_route	boss	boss	1	phase_1	7	guard	boss_guard_wall	guard	boss	boss	guard	guard	6	2	1	3	89.00	role_match,boss_phase_card,distance_match,tactic_match,rarity_fit,repeat_penalty	boss_only,role_boss_phase,role_control,role_mixed_weapon,role_pressure,variant_phase_1	lightness_4_required,player_only,weapon_mismatch	weapon_boss,role_boss_pressure,deck_guard,ai_boss_guard	generated_card_pool.tsv	
boss_true_boss_gatekeeper_phase_1	boss_true_boss_gatekeeper_phase_1	true_boss_gatekeeper	boss_true	true_route	boss	boss	1	phase_1	8	movement	boss_forward_step	movement	boss	boss	approach	movement	4	0	1	3	93.00	role_match,boss_phase_card,distance_match,rarity_fit	boss_only,role_boss_phase,role_control,role_mixed_weapon,role_pressure,variant_phase_1	lightness_4_required,player_only,weapon_mismatch	weapon_boss,role_boss_pressure,deck_movement,ai_boss_step	generated_card_pool.tsv	
boss_true_boss_gatekeeper_phase_1	boss_true_boss_gatekeeper_phase_1	true_boss_gatekeeper	boss_true	true_route	boss	boss	1	phase_1	9	movement	spear_hold_distance	movement	spearman	common	control	movement	4	0	1	3	84.00	role_match,required_tag_match,distance_match,tactic_match	boss_only,role_boss_phase,role_control,role_mixed_weapon,role_pressure,variant_phase_1	lightness_4_required,player_only,weapon_mismatch	weapon_spearman,role_control,deck_movement,ai_hold_distance	generated_card_pool.tsv	
boss_true_boss_gatekeeper_phase_1	boss_true_boss_gatekeeper_phase_1	true_boss_gatekeeper	boss_true	true_route	boss	boss	1	phase_1	10	posture_break	boss_phase_break	posture_break	boss	boss	break	posture_break	8	-4	1	3	98.00	role_match,boss_phase_card,distance_match,tactic_match,rarity_fit	boss_only,role_boss_phase,role_control,role_mixed_weapon,role_pressure,variant_phase_1	lightness_4_required,player_only,weapon_mismatch	weapon_boss,role_boss_pressure,deck_posture_break,ai_boss_break	generated_card_pool.tsv	
boss_true_boss_gatekeeper_phase_1	boss_true_boss_gatekeeper_phase_1	true_boss_gatekeeper	boss_true	true_route	boss	boss	1	phase_1	11	posture_break	boss_phase_break	posture_break	boss	boss	break	posture_break	8	-4	1	3	86.00	role_match,boss_phase_card,distance_match,tactic_match,rarity_fit,repeat_penalty	boss_only,role_boss_phase,role_control,role_mixed_weapon,role_pressure,variant_phase_1	lightness_4_required,player_only,weapon_mismatch	weapon_boss,role_boss_pressure,deck_posture_break,ai_boss_break	generated_card_pool.tsv	
boss_true_boss_gatekeeper_phase_1	boss_true_boss_gatekeeper_phase_1	true_boss_gatekeeper	boss_true	true_route	boss	boss	1	phase_1	12	posture_break	generic_posture_tap	posture_break	generic	common	break	posture_break	3	-1	1	3	86.00	role_match,generic_fallback,distance_match,tactic_match	boss_only,role_boss_phase,role_control,role_mixed_weapon,role_pressure,variant_phase_1	lightness_4_required,player_only,weapon_mismatch	weapon_generic,role_break,deck_posture_break,ai_chip	generated_card_pool.tsv	
boss_true_boss_gatekeeper_phase_1	boss_true_boss_gatekeeper_phase_1	true_boss_gatekeeper	boss_true	true_route	boss	boss	1	phase_1	13	tempo	boss_tempo_surge	tempo	boss	boss	boss_pressure	tempo	8	0	1	3	93.00	role_match,boss_phase_card,distance_match,rarity_fit	boss_only,role_boss_phase,role_control,role_mixed_weapon,role_pressure,variant_phase_1	lightness_4_required,player_only,weapon_mismatch	weapon_boss,role_boss_pressure,deck_tempo,ai_boss_tempo	generated_card_pool.tsv	
boss_true_boss_gatekeeper_phase_1	boss_true_boss_gatekeeper_phase_1	true_boss_gatekeeper	boss_true	true_route	boss	boss	1	phase_1	14	tempo	boss_tempo_surge	tempo	boss	boss	boss_pressure	tempo	8	0	1	3	81.00	role_match,boss_phase_card,distance_match,rarity_fit,repeat_penalty	boss_only,role_boss_phase,role_control,role_mixed_weapon,role_pressure,variant_phase_1	lightness_4_required,player_only,weapon_mismatch	weapon_boss,role_boss_pressure,deck_tempo,ai_boss_tempo	generated_card_pool.tsv	
boss_true_boss_gatekeeper_phase_1	boss_true_boss_gatekeeper_phase_1	true_boss_gatekeeper	boss_true	true_route	boss	boss	1	phase_1	15	combo	boss_punish_slice	combo	boss	boss	punish	combo	8	-4	1	3	98.00	role_match,boss_phase_card,distance_match,tactic_match,rarity_fit	boss_only,role_boss_phase,role_control,role_mixed_weapon,role_pressure,variant_phase_1	lightness_4_required,player_only,weapon_mismatch	weapon_boss,role_boss_pressure,deck_combo,ai_boss_punish	generated_card_pool.tsv	
boss_true_boss_gatekeeper_phase_1	boss_true_boss_gatekeeper_phase_1	true_boss_gatekeeper	boss_true	true_route	boss	boss	1	phase_1	16	special	spear_control_special	special	spearman	special	control	special	9	1	1	3	91.00	role_match,required_tag_match,distance_match,tactic_match,rarity_fit	boss_only,role_boss_phase,role_control,role_mixed_weapon,role_pressure,variant_phase_1	lightness_4_required,player_only,weapon_mismatch	weapon_spearman,role_control,deck_special,ai_hold_distance	generated_card_pool.tsv	
boss_true_boss_hidden_commander_phase_1	boss_true_boss_hidden_commander_phase_1	true_boss_hidden_commander	boss_true	true_route	true_boss	boss	1	phase_1	1	attack	boss_range_check	attack	boss	boss	control	attack	7	-1	2	4	103.00	role_match,boss_phase_card,distance_match,tactic_match,rarity_fit	boss_only,role_boss_phase,role_control,role_mixed_weapon,role_pressure,true_boss_only,variant_phase_1	lightness_4_required,player_only,weapon_mismatch	weapon_boss,role_boss_pressure,deck_attack,ai_boss_range	generated_card_pool.tsv	
boss_true_boss_hidden_commander_phase_1	boss_true_boss_hidden_commander_phase_1	true_boss_hidden_commander	boss_true	true_route	true_boss	boss	1	phase_1	2	attack	generic_forward_press	attack	generic	common	pressure	attack	4	0	2	4	94.00	role_match,generic_fallback,required_tag_match,distance_match,tactic_match	boss_only,role_boss_phase,role_control,role_mixed_weapon,role_pressure,true_boss_only,variant_phase_1	lightness_4_required,player_only,weapon_mismatch	weapon_generic,role_pressure,deck_attack,ai_press	generated_card_pool.tsv	
boss_true_boss_hidden_commander_phase_1	boss_true_boss_hidden_commander_phase_1	true_boss_hidden_commander	boss_true	true_route	true_boss	boss	1	phase_1	3	attack	boss_range_check	attack	boss	boss	control	attack	7	-1	2	4	91.00	role_match,boss_phase_card,distance_match,tactic_match,rarity_fit,repeat_penalty	boss_only,role_boss_phase,role_control,role_mixed_weapon,role_pressure,true_boss_only,variant_phase_1	lightness_4_required,player_only,weapon_mismatch	weapon_boss,role_boss_pressure,deck_attack,ai_boss_range	generated_card_pool.tsv	
boss_true_boss_hidden_commander_phase_1	boss_true_boss_hidden_commander_phase_1	true_boss_hidden_commander	boss_true	true_route	true_boss	boss	1	phase_1	4	attack	blade_follow_step	attack	blademaster	uncommon	pressure	attack	6	-2	2	4	82.00	role_match,required_tag_match,distance_match,tactic_match	boss_only,role_boss_phase,role_control,role_mixed_weapon,role_pressure,true_boss_only,variant_phase_1	lightness_4_required,player_only,weapon_mismatch	weapon_blademaster,role_pressure,deck_attack,ai_stick	generated_card_pool.tsv	
boss_true_boss_hidden_commander_phase_1	boss_true_boss_hidden_commander_phase_1	true_boss_hidden_commander	boss_true	true_route	true_boss	boss	1	phase_1	5	attack	generic_forward_press	attack	generic	common	pressure	attack	4	0	2	4	82.00	role_match,generic_fallback,required_tag_match,distance_match,tactic_match,repeat_penalty	boss_only,role_boss_phase,role_control,role_mixed_weapon,role_pressure,true_boss_only,variant_phase_1	lightness_4_required,player_only,weapon_mismatch	weapon_generic,role_pressure,deck_attack,ai_press	generated_card_pool.tsv	
boss_true_boss_hidden_commander_phase_1	boss_true_boss_hidden_commander_phase_1	true_boss_hidden_commander	boss_true	true_route	true_boss	boss	1	phase_1	6	guard	boss_guard_wall	guard	boss	boss	guard	guard	6	2	2	4	91.00	role_match,boss_phase_card,distance_match,rarity_fit	boss_only,role_boss_phase,role_control,role_mixed_weapon,role_pressure,true_boss_only,variant_phase_1	lightness_4_required,player_only,weapon_mismatch	weapon_boss,role_boss_pressure,deck_guard,ai_boss_guard	generated_card_pool.tsv	
boss_true_boss_hidden_commander_phase_1	boss_true_boss_hidden_commander_phase_1	true_boss_hidden_commander	boss_true	true_route	true_boss	boss	1	phase_1	7	guard	boss_phase_counter	guard	boss	boss	counter	guard	10	2	2	4	91.00	role_match,boss_phase_card,distance_match,rarity_fit	boss_only,role_boss_phase,role_control,role_mixed_weapon,role_pressure,true_boss_only,variant_phase_1	lightness_4_required,player_only,weapon_mismatch	weapon_boss,role_boss_pressure,deck_guard,ai_boss_counter	generated_card_pool.tsv	
boss_true_boss_hidden_commander_phase_1	boss_true_boss_hidden_commander_phase_1	true_boss_hidden_commander	boss_true	true_route	true_boss	boss	1	phase_1	8	guard	boss_guard_wall	guard	boss	boss	guard	guard	6	2	2	4	79.00	role_match,boss_phase_card,distance_match,rarity_fit,repeat_penalty	boss_only,role_boss_phase,role_control,role_mixed_weapon,role_pressure,true_boss_only,variant_phase_1	lightness_4_required,player_only,weapon_mismatch	weapon_boss,role_boss_pressure,deck_guard,ai_boss_guard	generated_card_pool.tsv	
boss_true_boss_hidden_commander_phase_1	boss_true_boss_hidden_commander_phase_1	true_boss_hidden_commander	boss_true	true_route	true_boss	boss	1	phase_1	9	movement	boss_forward_step	movement	boss	boss	approach	movement	4	0	2	4	93.00	role_match,boss_phase_card,distance_match,rarity_fit	boss_only,role_boss_phase,role_control,role_mixed_weapon,role_pressure,true_boss_only,variant_phase_1	lightness_4_required,player_only,weapon_mismatch	weapon_boss,role_boss_pressure,deck_movement,ai_boss_step	generated_card_pool.tsv	
boss_true_boss_hidden_commander_phase_1	boss_true_boss_hidden_commander_phase_1	true_boss_hidden_commander	boss_true	true_route	true_boss	boss	1	phase_1	10	movement	spear_hold_distance	movement	spearman	common	control	movement	4	0	2	4	84.00	role_match,required_tag_match,distance_match,tactic_match	boss_only,role_boss_phase,role_control,role_mixed_weapon,role_pressure,true_boss_only,variant_phase_1	lightness_4_required,player_only,weapon_mismatch	weapon_spearman,role_control,deck_movement,ai_hold_distance	generated_card_pool.tsv	
boss_true_boss_hidden_commander_phase_1	boss_true_boss_hidden_commander_phase_1	true_boss_hidden_commander	boss_true	true_route	true_boss	boss	1	phase_1	11	posture_break	boss_phase_break	posture_break	boss	boss	break	posture_break	8	-4	2	4	98.00	role_match,boss_phase_card,distance_match,tactic_match,rarity_fit	boss_only,role_boss_phase,role_control,role_mixed_weapon,role_pressure,true_boss_only,variant_phase_1	lightness_4_required,player_only,weapon_mismatch	weapon_boss,role_boss_pressure,deck_posture_break,ai_boss_break	generated_card_pool.tsv	
boss_true_boss_hidden_commander_phase_1	boss_true_boss_hidden_commander_phase_1	true_boss_hidden_commander	boss_true	true_route	true_boss	boss	1	phase_1	12	posture_break	boss_phase_break	posture_break	boss	boss	break	posture_break	8	-4	2	4	86.00	role_match,boss_phase_card,distance_match,tactic_match,rarity_fit,repeat_penalty	boss_only,role_boss_phase,role_control,role_mixed_weapon,role_pressure,true_boss_only,variant_phase_1	lightness_4_required,player_only,weapon_mismatch	weapon_boss,role_boss_pressure,deck_posture_break,ai_boss_break	generated_card_pool.tsv	
boss_true_boss_hidden_commander_phase_1	boss_true_boss_hidden_commander_phase_1	true_boss_hidden_commander	boss_true	true_route	true_boss	boss	1	phase_1	13	posture_break	generic_posture_tap	posture_break	generic	common	break	posture_break	3	-1	2	4	86.00	role_match,generic_fallback,distance_match,tactic_match	boss_only,role_boss_phase,role_control,role_mixed_weapon,role_pressure,true_boss_only,variant_phase_1	lightness_4_required,player_only,weapon_mismatch	weapon_generic,role_break,deck_posture_break,ai_chip	generated_card_pool.tsv	
boss_true_boss_hidden_commander_phase_1	boss_true_boss_hidden_commander_phase_1	true_boss_hidden_commander	boss_true	true_route	true_boss	boss	1	phase_1	14	tempo	boss_tempo_surge	tempo	boss	boss	boss_pressure	tempo	8	0	2	4	93.00	role_match,boss_phase_card,distance_match,rarity_fit	boss_only,role_boss_phase,role_control,role_mixed_weapon,role_pressure,true_boss_only,variant_phase_1	lightness_4_required,player_only,weapon_mismatch	weapon_boss,role_boss_pressure,deck_tempo,ai_boss_tempo	generated_card_pool.tsv	
boss_true_boss_hidden_commander_phase_1	boss_true_boss_hidden_commander_phase_1	true_boss_hidden_commander	boss_true	true_route	true_boss	boss	1	phase_1	15	tempo	boss_tempo_surge	tempo	boss	boss	boss_pressure	tempo	8	0	2	4	81.00	role_match,boss_phase_card,distance_match,rarity_fit,repeat_penalty	boss_only,role_boss_phase,role_control,role_mixed_weapon,role_pressure,true_boss_only,variant_phase_1	lightness_4_required,player_only,weapon_mismatch	weapon_boss,role_boss_pressure,deck_tempo,ai_boss_tempo	generated_card_pool.tsv	
boss_true_boss_hidden_commander_phase_1	boss_true_boss_hidden_commander_phase_1	true_boss_hidden_commander	boss_true	true_route	true_boss	boss	1	phase_1	16	tempo	generic_tempo_shift	tempo	generic	uncommon	combo_bridge	tempo	4	0	2	4	76.00	role_match,generic_fallback,distance_match	boss_only,role_boss_phase,role_control,role_mixed_weapon,role_pressure,true_boss_only,variant_phase_1	lightness_4_required,player_only,weapon_mismatch	weapon_generic,role_tempo,deck_tempo,ai_setup	generated_card_pool.tsv	
boss_true_boss_hidden_commander_phase_1	boss_true_boss_hidden_commander_phase_1	true_boss_hidden_commander	boss_true	true_route	true_boss	boss	1	phase_1	17	special	spear_control_special	special	spearman	special	control	special	9	1	2	4	91.00	role_match,required_tag_match,distance_match,tactic_match,rarity_fit	boss_only,role_boss_phase,role_control,role_mixed_weapon,role_pressure,true_boss_only,variant_phase_1	lightness_4_required,player_only,weapon_mismatch	weapon_spearman,role_control,deck_special,ai_hold_distance	generated_card_pool.tsv	
boss_true_boss_hidden_commander_phase_2	boss_true_boss_hidden_commander_phase_2	true_boss_hidden_commander	boss_true	true_route	true_boss	boss	2	phase_2	1	attack	boss_range_check	attack	boss	boss	control	attack	7	-1	2	4	103.00	role_match,boss_phase_card,distance_match,tactic_match,rarity_fit	boss_only,role_boss_phase,role_control,role_mixed_weapon,role_pressure,true_boss_only,variant_phase_2	lightness_4_required,player_only,weapon_mismatch	weapon_boss,role_boss_pressure,deck_attack,ai_boss_range	generated_card_pool.tsv	
boss_true_boss_hidden_commander_phase_2	boss_true_boss_hidden_commander_phase_2	true_boss_hidden_commander	boss_true	true_route	true_boss	boss	2	phase_2	2	attack	generic_forward_press	attack	generic	common	pressure	attack	4	0	2	4	94.00	role_match,generic_fallback,required_tag_match,distance_match,tactic_match	boss_only,role_boss_phase,role_control,role_mixed_weapon,role_pressure,true_boss_only,variant_phase_2	lightness_4_required,player_only,weapon_mismatch	weapon_generic,role_pressure,deck_attack,ai_press	generated_card_pool.tsv	
boss_true_boss_hidden_commander_phase_2	boss_true_boss_hidden_commander_phase_2	true_boss_hidden_commander	boss_true	true_route	true_boss	boss	2	phase_2	3	attack	boss_range_check	attack	boss	boss	control	attack	7	-1	2	4	91.00	role_match,boss_phase_card,distance_match,tactic_match,rarity_fit,repeat_penalty	boss_only,role_boss_phase,role_control,role_mixed_weapon,role_pressure,true_boss_only,variant_phase_2	lightness_4_required,player_only,weapon_mismatch	weapon_boss,role_boss_pressure,deck_attack,ai_boss_range	generated_card_pool.tsv	
boss_true_boss_hidden_commander_phase_2	boss_true_boss_hidden_commander_phase_2	true_boss_hidden_commander	boss_true	true_route	true_boss	boss	2	phase_2	4	attack	blade_follow_step	attack	blademaster	uncommon	pressure	attack	6	-2	2	4	82.00	role_match,required_tag_match,distance_match,tactic_match	boss_only,role_boss_phase,role_control,role_mixed_weapon,role_pressure,true_boss_only,variant_phase_2	lightness_4_required,player_only,weapon_mismatch	weapon_blademaster,role_pressure,deck_attack,ai_stick	generated_card_pool.tsv	
boss_true_boss_hidden_commander_phase_2	boss_true_boss_hidden_commander_phase_2	true_boss_hidden_commander	boss_true	true_route	true_boss	boss	2	phase_2	5	attack	generic_forward_press	attack	generic	common	pressure	attack	4	0	2	4	82.00	role_match,generic_fallback,required_tag_match,distance_match,tactic_match,repeat_penalty	boss_only,role_boss_phase,role_control,role_mixed_weapon,role_pressure,true_boss_only,variant_phase_2	lightness_4_required,player_only,weapon_mismatch	weapon_generic,role_pressure,deck_attack,ai_press	generated_card_pool.tsv	
boss_true_boss_hidden_commander_phase_2	boss_true_boss_hidden_commander_phase_2	true_boss_hidden_commander	boss_true	true_route	true_boss	boss	2	phase_2	6	guard	boss_guard_wall	guard	boss	boss	guard	guard	6	2	2	4	91.00	role_match,boss_phase_card,distance_match,rarity_fit	boss_only,role_boss_phase,role_control,role_mixed_weapon,role_pressure,true_boss_only,variant_phase_2	lightness_4_required,player_only,weapon_mismatch	weapon_boss,role_boss_pressure,deck_guard,ai_boss_guard	generated_card_pool.tsv	
boss_true_boss_hidden_commander_phase_2	boss_true_boss_hidden_commander_phase_2	true_boss_hidden_commander	boss_true	true_route	true_boss	boss	2	phase_2	7	guard	boss_phase_counter	guard	boss	boss	counter	guard	10	2	2	4	91.00	role_match,boss_phase_card,distance_match,rarity_fit	boss_only,role_boss_phase,role_control,role_mixed_weapon,role_pressure,true_boss_only,variant_phase_2	lightness_4_required,player_only,weapon_mismatch	weapon_boss,role_boss_pressure,deck_guard,ai_boss_counter	generated_card_pool.tsv	
boss_true_boss_hidden_commander_phase_2	boss_true_boss_hidden_commander_phase_2	true_boss_hidden_commander	boss_true	true_route	true_boss	boss	2	phase_2	8	guard	boss_guard_wall	guard	boss	boss	guard	guard	6	2	2	4	79.00	role_match,boss_phase_card,distance_match,rarity_fit,repeat_penalty	boss_only,role_boss_phase,role_control,role_mixed_weapon,role_pressure,true_boss_only,variant_phase_2	lightness_4_required,player_only,weapon_mismatch	weapon_boss,role_boss_pressure,deck_guard,ai_boss_guard	generated_card_pool.tsv	
boss_true_boss_hidden_commander_phase_2	boss_true_boss_hidden_commander_phase_2	true_boss_hidden_commander	boss_true	true_route	true_boss	boss	2	phase_2	9	movement	boss_forward_step	movement	boss	boss	approach	movement	4	0	2	4	93.00	role_match,boss_phase_card,distance_match,rarity_fit	boss_only,role_boss_phase,role_control,role_mixed_weapon,role_pressure,true_boss_only,variant_phase_2	lightness_4_required,player_only,weapon_mismatch	weapon_boss,role_boss_pressure,deck_movement,ai_boss_step	generated_card_pool.tsv	
boss_true_boss_hidden_commander_phase_2	boss_true_boss_hidden_commander_phase_2	true_boss_hidden_commander	boss_true	true_route	true_boss	boss	2	phase_2	10	movement	spear_hold_distance	movement	spearman	common	control	movement	4	0	2	4	84.00	role_match,required_tag_match,distance_match,tactic_match	boss_only,role_boss_phase,role_control,role_mixed_weapon,role_pressure,true_boss_only,variant_phase_2	lightness_4_required,player_only,weapon_mismatch	weapon_spearman,role_control,deck_movement,ai_hold_distance	generated_card_pool.tsv	
boss_true_boss_hidden_commander_phase_2	boss_true_boss_hidden_commander_phase_2	true_boss_hidden_commander	boss_true	true_route	true_boss	boss	2	phase_2	11	posture_break	boss_phase_break	posture_break	boss	boss	break	posture_break	8	-4	2	4	98.00	role_match,boss_phase_card,distance_match,tactic_match,rarity_fit	boss_only,role_boss_phase,role_control,role_mixed_weapon,role_pressure,true_boss_only,variant_phase_2	lightness_4_required,player_only,weapon_mismatch	weapon_boss,role_boss_pressure,deck_posture_break,ai_boss_break	generated_card_pool.tsv	
boss_true_boss_hidden_commander_phase_2	boss_true_boss_hidden_commander_phase_2	true_boss_hidden_commander	boss_true	true_route	true_boss	boss	2	phase_2	12	posture_break	boss_phase_break	posture_break	boss	boss	break	posture_break	8	-4	2	4	86.00	role_match,boss_phase_card,distance_match,tactic_match,rarity_fit,repeat_penalty	boss_only,role_boss_phase,role_control,role_mixed_weapon,role_pressure,true_boss_only,variant_phase_2	lightness_4_required,player_only,weapon_mismatch	weapon_boss,role_boss_pressure,deck_posture_break,ai_boss_break	generated_card_pool.tsv	
boss_true_boss_hidden_commander_phase_2	boss_true_boss_hidden_commander_phase_2	true_boss_hidden_commander	boss_true	true_route	true_boss	boss	2	phase_2	13	posture_break	generic_posture_tap	posture_break	generic	common	break	posture_break	3	-1	2	4	86.00	role_match,generic_fallback,distance_match,tactic_match	boss_only,role_boss_phase,role_control,role_mixed_weapon,role_pressure,true_boss_only,variant_phase_2	lightness_4_required,player_only,weapon_mismatch	weapon_generic,role_break,deck_posture_break,ai_chip	generated_card_pool.tsv	
boss_true_boss_hidden_commander_phase_2	boss_true_boss_hidden_commander_phase_2	true_boss_hidden_commander	boss_true	true_route	true_boss	boss	2	phase_2	14	posture_break	generic_guard_split	posture_break	generic	uncommon	punish	posture_break	5	-3	2	4	81.00	role_match,generic_fallback,distance_match,tactic_match	boss_only,role_boss_phase,role_control,role_mixed_weapon,role_pressure,true_boss_only,variant_phase_2	lightness_4_required,player_only,weapon_mismatch	weapon_generic,role_break,deck_posture_break,ai_punish	generated_card_pool.tsv	
boss_true_boss_hidden_commander_phase_2	boss_true_boss_hidden_commander_phase_2	true_boss_hidden_commander	boss_true	true_route	true_boss	boss	2	phase_2	15	tempo	boss_tempo_surge	tempo	boss	boss	boss_pressure	tempo	8	0	2	4	93.00	role_match,boss_phase_card,distance_match,rarity_fit	boss_only,role_boss_phase,role_control,role_mixed_weapon,role_pressure,true_boss_only,variant_phase_2	lightness_4_required,player_only,weapon_mismatch	weapon_boss,role_boss_pressure,deck_tempo,ai_boss_tempo	generated_card_pool.tsv	
boss_true_boss_hidden_commander_phase_2	boss_true_boss_hidden_commander_phase_2	true_boss_hidden_commander	boss_true	true_route	true_boss	boss	2	phase_2	16	tempo	boss_tempo_surge	tempo	boss	boss	boss_pressure	tempo	8	0	2	4	81.00	role_match,boss_phase_card,distance_match,rarity_fit,repeat_penalty	boss_only,role_boss_phase,role_control,role_mixed_weapon,role_pressure,true_boss_only,variant_phase_2	lightness_4_required,player_only,weapon_mismatch	weapon_boss,role_boss_pressure,deck_tempo,ai_boss_tempo	generated_card_pool.tsv	
boss_true_boss_hidden_commander_phase_2	boss_true_boss_hidden_commander_phase_2	true_boss_hidden_commander	boss_true	true_route	true_boss	boss	2	phase_2	17	tempo	generic_tempo_shift	tempo	generic	uncommon	combo_bridge	tempo	4	0	2	4	76.00	role_match,generic_fallback,distance_match	boss_only,role_boss_phase,role_control,role_mixed_weapon,role_pressure,true_boss_only,variant_phase_2	lightness_4_required,player_only,weapon_mismatch	weapon_generic,role_tempo,deck_tempo,ai_setup	generated_card_pool.tsv	
boss_true_boss_hidden_commander_phase_2	boss_true_boss_hidden_commander_phase_2	true_boss_hidden_commander	boss_true	true_route	true_boss	boss	2	phase_2	18	special	spear_control_special	special	spearman	special	control	special	9	1	2	4	91.00	role_match,required_tag_match,distance_match,tactic_match,rarity_fit	boss_only,role_boss_phase,role_control,role_mixed_weapon,role_pressure,true_boss_only,variant_phase_2	lightness_4_required,player_only,weapon_mismatch	weapon_spearman,role_control,deck_special,ai_hold_distance	generated_card_pool.tsv	
exam_exam_capital_basic_weapon	exam_exam_capital_basic_weapon	exam_capital_basic_weapon	wuzhuangyuan_exam	wuzhuangyuan	wuzhuangyuan_exam	exam	1	exam_standard	1	attack	official_basic_cut	attack	official	common	exam_fundamental	attack	4	0	1	2	102.00	role_match,weapon_match,required_tag_match,distance_match,rarity_fit	exam_official,role_control,role_fundamental,variant_exam_standard	player_only,weapon_mismatch	weapon_official,role_fundamental,deck_attack,ai_standard	generated_card_pool.tsv	
exam_exam_capital_basic_weapon	exam_exam_capital_basic_weapon	exam_capital_basic_weapon	wuzhuangyuan_exam	wuzhuangyuan	wuzhuangyuan_exam	exam	1	exam_standard	2	attack	official_basic_cut	attack	official	common	exam_fundamental	attack	4	0	1	2	90.00	role_match,weapon_match,required_tag_match,distance_match,rarity_fit,repeat_penalty	exam_official,role_control,role_fundamental,variant_exam_standard	player_only,weapon_mismatch	weapon_official,role_fundamental,deck_attack,ai_standard	generated_card_pool.tsv	
exam_exam_capital_basic_weapon	exam_exam_capital_basic_weapon	exam_capital_basic_weapon	wuzhuangyuan_exam	wuzhuangyuan	wuzhuangyuan_exam	exam	1	exam_standard	3	attack	spear_line_thrust	attack	spearman	common	poke	attack	6	2	1	2	85.00	role_match,required_tag_match,distance_match,tactic_match,rarity_fit	exam_official,role_control,role_fundamental,variant_exam_standard	player_only,weapon_mismatch	weapon_spearman,role_control,deck_attack,ai_hold_distance	generated_card_pool.tsv	
exam_exam_capital_basic_weapon	exam_exam_capital_basic_weapon	exam_capital_basic_weapon	wuzhuangyuan_exam	wuzhuangyuan	wuzhuangyuan_exam	exam	1	exam_standard	4	guard	official_guard_frame	guard	official	common	guard	guard	5	1	1	2	112.00	role_match,weapon_match,required_tag_match,distance_match,tactic_match,rarity_fit	exam_official,role_control,role_fundamental,variant_exam_standard	player_only,weapon_mismatch	weapon_official,role_fundamental,deck_guard,ai_standard	generated_card_pool.tsv	
exam_exam_capital_basic_weapon	exam_exam_capital_basic_weapon	exam_capital_basic_weapon	wuzhuangyuan_exam	wuzhuangyuan	wuzhuangyuan_exam	exam	1	exam_standard	5	guard	official_guard_frame	guard	official	common	guard	guard	5	1	1	2	100.00	role_match,weapon_match,required_tag_match,distance_match,tactic_match,rarity_fit,repeat_penalty	exam_official,role_control,role_fundamental,variant_exam_standard	player_only,weapon_mismatch	weapon_official,role_fundamental,deck_guard,ai_standard	generated_card_pool.tsv	
exam_exam_capital_basic_weapon	exam_exam_capital_basic_weapon	exam_capital_basic_weapon	wuzhuangyuan_exam	wuzhuangyuan	wuzhuangyuan_exam	exam	1	exam_standard	6	guard	official_counter_ritual	guard	official	uncommon	counter	guard	6	-2	1	2	96.00	role_match,weapon_match,distance_match,rarity_fit	exam_official,role_control,role_fundamental,variant_exam_standard	player_only,weapon_mismatch	weapon_official,role_counter,deck_guard,ai_discipline	generated_card_pool.tsv	
exam_exam_capital_basic_weapon	exam_exam_capital_basic_weapon	exam_capital_basic_weapon	wuzhuangyuan_exam	wuzhuangyuan	wuzhuangyuan_exam	exam	1	exam_standard	7	movement	official_step_set	movement	official	common	approach	movement	3	-1	1	2	102.00	role_match,weapon_match,required_tag_match,distance_match,rarity_fit	exam_official,role_control,role_fundamental,variant_exam_standard	player_only,weapon_mismatch	weapon_official,role_fundamental,deck_movement,ai_standard	generated_card_pool.tsv	
exam_exam_capital_basic_weapon	exam_exam_capital_basic_weapon	exam_capital_basic_weapon	wuzhuangyuan_exam	wuzhuangyuan	wuzhuangyuan_exam	exam	1	exam_standard	8	movement	official_step_set	movement	official	common	approach	movement	3	-1	1	2	90.00	role_match,weapon_match,required_tag_match,distance_match,rarity_fit,repeat_penalty	exam_official,role_control,role_fundamental,variant_exam_standard	player_only,weapon_mismatch	weapon_official,role_fundamental,deck_movement,ai_standard	generated_card_pool.tsv	
exam_exam_capital_basic_weapon	exam_exam_capital_basic_weapon	exam_capital_basic_weapon	wuzhuangyuan_exam	wuzhuangyuan	wuzhuangyuan_exam	exam	1	exam_standard	9	posture_break	official_break_drill	posture_break	official	uncommon	break	posture_break	5	-3	1	2	111.00	role_match,weapon_match,required_tag_match,distance_match,tactic_match,rarity_fit	exam_official,role_control,role_fundamental,variant_exam_standard	player_only,weapon_mismatch	weapon_official,role_fundamental,deck_posture_break,ai_drill	generated_card_pool.tsv	
exam_exam_capital_basic_weapon	exam_exam_capital_basic_weapon	exam_capital_basic_weapon	wuzhuangyuan_exam	wuzhuangyuan	wuzhuangyuan_exam	exam	1	exam_standard	10	posture_break	official_break_drill	posture_break	official	uncommon	break	posture_break	5	-3	1	2	99.00	role_match,weapon_match,required_tag_match,distance_match,tactic_match,rarity_fit,repeat_penalty	exam_official,role_control,role_fundamental,variant_exam_standard	player_only,weapon_mismatch	weapon_official,role_fundamental,deck_posture_break,ai_drill	generated_card_pool.tsv	
exam_exam_capital_basic_weapon	exam_exam_capital_basic_weapon	exam_capital_basic_weapon	wuzhuangyuan_exam	wuzhuangyuan	wuzhuangyuan_exam	exam	1	exam_standard	11	posture_break	generic_posture_tap	posture_break	generic	common	break	posture_break	3	-1	1	2	89.00	role_match,generic_fallback,distance_match,tactic_match,rarity_fit	exam_official,role_control,role_fundamental,variant_exam_standard	player_only,weapon_mismatch	weapon_generic,role_break,deck_posture_break,ai_chip	generated_card_pool.tsv	
exam_exam_capital_basic_weapon	exam_exam_capital_basic_weapon	exam_capital_basic_weapon	wuzhuangyuan_exam	wuzhuangyuan	wuzhuangyuan_exam	exam	1	exam_standard	12	tempo	exam_fundamental_probe	tempo	official	common	exam_fundamental	tempo	5	5	1	2	97.00	role_match,weapon_match,required_tag_match,distance_match,rarity_fit	exam_official,role_control,role_fundamental,variant_exam_standard	player_only,weapon_mismatch	weapon_official,role_fundamental,deck_tempo,ai_test	generated_card_pool.tsv	
exam_exam_capital_basic_weapon	exam_exam_capital_basic_weapon	exam_capital_basic_weapon	wuzhuangyuan_exam	wuzhuangyuan	wuzhuangyuan_exam	exam	1	exam_standard	13	tempo	exam_fundamental_probe	tempo	official	common	exam_fundamental	tempo	5	5	1	2	85.00	role_match,weapon_match,required_tag_match,distance_match,rarity_fit,repeat_penalty	exam_official,role_control,role_fundamental,variant_exam_standard	player_only,weapon_mismatch	weapon_official,role_fundamental,deck_tempo,ai_test	generated_card_pool.tsv	
exam_exam_capital_basic_weapon	exam_exam_capital_basic_weapon	exam_capital_basic_weapon	wuzhuangyuan_exam	wuzhuangyuan	wuzhuangyuan_exam	exam	1	exam_standard	14	combo	official_punish_form	combo	official	rare	punish	combo	7	-1	1	2	107.00	role_match,weapon_match,distance_match,tactic_match,rarity_fit	exam_official,role_control,role_fundamental,variant_exam_standard	player_only,weapon_mismatch	weapon_official,role_punish,deck_combo,ai_discipline	generated_card_pool.tsv	
exam_exam_capital_footwork	exam_exam_capital_footwork	exam_capital_footwork	wuzhuangyuan_exam	wuzhuangyuan	wuzhuangyuan_exam	exam	1	exam_standard	1	attack	footwork_evade_cut	attack	footwork	uncommon	counter	attack	6	2	1	3	104.00	role_match,weapon_match,required_tag_match,distance_match,rarity_fit	exam_official,role_fundamental,role_movement,role_tempo,variant_exam_standard,weapon_footwork	player_only,weapon_mismatch	weapon_footwork,role_counter,deck_attack,ai_evade	generated_card_pool.tsv	
exam_exam_capital_footwork	exam_exam_capital_footwork	exam_capital_footwork	wuzhuangyuan_exam	wuzhuangyuan	wuzhuangyuan_exam	exam	1	exam_standard	2	attack	footwork_evade_cut	attack	footwork	uncommon	counter	attack	6	2	1	3	92.00	role_match,weapon_match,required_tag_match,distance_match,rarity_fit,repeat_penalty	exam_official,role_fundamental,role_movement,role_tempo,variant_exam_standard,weapon_footwork	player_only,weapon_mismatch	weapon_footwork,role_counter,deck_attack,ai_evade	generated_card_pool.tsv	
exam_exam_capital_footwork	exam_exam_capital_footwork	exam_capital_footwork	wuzhuangyuan_exam	wuzhuangyuan	wuzhuangyuan_exam	exam	1	exam_standard	3	attack	official_basic_cut	attack	official	common	exam_fundamental	attack	4	0	1	3	91.00	role_match,exam_official_fundamental,required_tag_match,distance_match,rarity_fit	exam_official,role_fundamental,role_movement,role_tempo,variant_exam_standard,weapon_footwork	player_only,weapon_mismatch	weapon_official,role_fundamental,deck_attack,ai_standard	generated_card_pool.tsv	
exam_exam_capital_footwork	exam_exam_capital_footwork	exam_capital_footwork	wuzhuangyuan_exam	wuzhuangyuan	wuzhuangyuan_exam	exam	1	exam_standard	4	guard	footwork_guard_drift	guard	footwork	common	guard	guard	4	0	1	3	112.00	role_match,weapon_match,required_tag_match,distance_match,tactic_match,rarity_fit	exam_official,role_fundamental,role_movement,role_tempo,variant_exam_standard,weapon_footwork	player_only,weapon_mismatch	weapon_footwork,role_guard,deck_guard,ai_evade	generated_card_pool.tsv	
exam_exam_capital_footwork	exam_exam_capital_footwork	exam_capital_footwork	wuzhuangyuan_exam	wuzhuangyuan	wuzhuangyuan_exam	exam	1	exam_standard	5	guard	official_guard_frame	guard	official	common	guard	guard	5	1	1	3	101.00	role_match,exam_official_fundamental,required_tag_match,distance_match,tactic_match,rarity_fit	exam_official,role_fundamental,role_movement,role_tempo,variant_exam_standard,weapon_footwork	player_only,weapon_mismatch	weapon_official,role_fundamental,deck_guard,ai_standard	generated_card_pool.tsv	
exam_exam_capital_footwork	exam_exam_capital_footwork	exam_capital_footwork	wuzhuangyuan_exam	wuzhuangyuan	wuzhuangyuan_exam	exam	1	exam_standard	6	guard	footwork_guard_drift	guard	footwork	common	guard	guard	4	0	1	3	100.00	role_match,weapon_match,required_tag_match,distance_match,tactic_match,rarity_fit,repeat_penalty	exam_official,role_fundamental,role_movement,role_tempo,variant_exam_standard,weapon_footwork	player_only,weapon_mismatch	weapon_footwork,role_guard,deck_guard,ai_evade	generated_card_pool.tsv	
exam_exam_capital_footwork	exam_exam_capital_footwork	exam_capital_footwork	wuzhuangyuan_exam	wuzhuangyuan	wuzhuangyuan_exam	exam	1	exam_standard	7	movement	footwork_circle_step	movement	footwork	common	control	movement	3	3	1	3	115.00	role_match,weapon_match,required_tag_match,distance_match,tactic_match,rarity_fit	exam_official,role_fundamental,role_movement,role_tempo,variant_exam_standard,weapon_footwork	player_only,weapon_mismatch	weapon_footwork,role_movement,deck_movement,ai_angle	generated_card_pool.tsv	
exam_exam_capital_footwork	exam_exam_capital_footwork	exam_capital_footwork	wuzhuangyuan_exam	wuzhuangyuan	wuzhuangyuan_exam	exam	1	exam_standard	8	movement	footwork_reverse_slide	movement	footwork	common	retreat	movement	3	3	1	3	107.00	role_match,weapon_match,required_tag_match,distance_match,tactic_match,rarity_fit	exam_official,role_fundamental,role_movement,role_tempo,variant_exam_standard,weapon_footwork	player_only,weapon_mismatch	weapon_footwork,role_retreat,deck_movement,ai_evade	generated_card_pool.tsv	
exam_exam_capital_footwork	exam_exam_capital_footwork	exam_capital_footwork	wuzhuangyuan_exam	wuzhuangyuan	wuzhuangyuan_exam	exam	1	exam_standard	9	movement	footwork_circle_step	movement	footwork	common	control	movement	3	3	1	3	103.00	role_match,weapon_match,required_tag_match,distance_match,tactic_match,rarity_fit,repeat_penalty	exam_official,role_fundamental,role_movement,role_tempo,variant_exam_standard,weapon_footwork	player_only,weapon_mismatch	weapon_footwork,role_movement,deck_movement,ai_angle	generated_card_pool.tsv	
exam_exam_capital_footwork	exam_exam_capital_footwork	exam_capital_footwork	wuzhuangyuan_exam	wuzhuangyuan	wuzhuangyuan_exam	exam	1	exam_standard	10	posture_break	footwork_low_break	posture_break	footwork	uncommon	break	posture_break	3	-1	1	3	106.00	role_match,weapon_match,required_tag_match,distance_match,rarity_fit	exam_official,role_fundamental,role_movement,role_tempo,variant_exam_standard,weapon_footwork	player_only,weapon_mismatch	weapon_footwork,role_break,deck_posture_break,ai_trip	generated_card_pool.tsv	
exam_exam_capital_footwork	exam_exam_capital_footwork	exam_capital_footwork	wuzhuangyuan_exam	wuzhuangyuan	wuzhuangyuan_exam	exam	1	exam_standard	11	posture_break	footwork_low_break	posture_break	footwork	uncommon	break	posture_break	3	-1	1	3	94.00	role_match,weapon_match,required_tag_match,distance_match,rarity_fit,repeat_penalty	exam_official,role_fundamental,role_movement,role_tempo,variant_exam_standard,weapon_footwork	player_only,weapon_mismatch	weapon_footwork,role_break,deck_posture_break,ai_trip	generated_card_pool.tsv	
exam_exam_capital_footwork	exam_exam_capital_footwork	exam_capital_footwork	wuzhuangyuan_exam	wuzhuangyuan	wuzhuangyuan_exam	exam	1	exam_standard	12	tempo	footwork_tempo_steal	tempo	footwork	uncommon	tempo	tempo	5	1	1	3	114.00	role_match,weapon_match,required_tag_match,distance_match,rarity_fit	exam_official,role_fundamental,role_movement,role_tempo,variant_exam_standard,weapon_footwork	player_only,weapon_mismatch	weapon_footwork,role_tempo,deck_tempo,ai_steal	generated_card_pool.tsv	
exam_exam_capital_footwork	exam_exam_capital_footwork	exam_capital_footwork	wuzhuangyuan_exam	wuzhuangyuan	wuzhuangyuan_exam	exam	1	exam_standard	13	tempo	footwork_tempo_steal	tempo	footwork	uncommon	tempo	tempo	5	1	1	3	102.00	role_match,weapon_match,required_tag_match,distance_match,rarity_fit,repeat_penalty	exam_official,role_fundamental,role_movement,role_tempo,variant_exam_standard,weapon_footwork	player_only,weapon_mismatch	weapon_footwork,role_tempo,deck_tempo,ai_steal	generated_card_pool.tsv	
exam_exam_capital_footwork	exam_exam_capital_footwork	exam_capital_footwork	wuzhuangyuan_exam	wuzhuangyuan	wuzhuangyuan_exam	exam	1	exam_standard	14	combo	exam_chain_form	combo	official	uncommon	combo_bridge	combo	6	2	1	3	93.00	role_match,exam_official_fundamental,required_tag_match,distance_match,rarity_fit	exam_official,role_fundamental,role_movement,role_tempo,variant_exam_standard,weapon_footwork	player_only,weapon_mismatch	weapon_official,role_fundamental,deck_combo,ai_test	generated_card_pool.tsv	
exam_exam_capital_mixed_weapon	exam_exam_capital_mixed_weapon	exam_capital_mixed_weapon	wuzhuangyuan_exam	wuzhuangyuan	wuzhuangyuan_exam	exam	1	exam_standard	1	attack	generic_forward_press	attack	generic	common	pressure	attack	4	0	1	3	97.00	role_match,generic_fallback,required_tag_match,distance_match,tactic_match,rarity_fit	exam_official,role_control,role_fundamental,role_mixed_weapon,role_pressure,variant_exam_standard	player_only,weapon_mismatch	weapon_generic,role_pressure,deck_attack,ai_press	generated_card_pool.tsv	
exam_exam_capital_mixed_weapon	exam_exam_capital_mixed_weapon	exam_capital_mixed_weapon	wuzhuangyuan_exam	wuzhuangyuan	wuzhuangyuan_exam	exam	1	exam_standard	2	attack	official_basic_cut	attack	official	common	exam_fundamental	attack	4	0	1	3	91.00	role_match,exam_official_fundamental,required_tag_match,distance_match,rarity_fit	exam_official,role_control,role_fundamental,role_mixed_weapon,role_pressure,variant_exam_standard	player_only,weapon_mismatch	weapon_official,role_fundamental,deck_attack,ai_standard	generated_card_pool.tsv	
exam_exam_capital_mixed_weapon	exam_exam_capital_mixed_weapon	exam_capital_mixed_weapon	wuzhuangyuan_exam	wuzhuangyuan	wuzhuangyuan_exam	exam	1	exam_standard	3	attack	blade_follow_step	attack	blademaster	uncommon	pressure	attack	6	-2	1	3	89.00	role_match,required_tag_match,distance_match,tactic_match,rarity_fit	exam_official,role_control,role_fundamental,role_mixed_weapon,role_pressure,variant_exam_standard	player_only,weapon_mismatch	weapon_blademaster,role_pressure,deck_attack,ai_stick	generated_card_pool.tsv	
exam_exam_capital_mixed_weapon	exam_exam_capital_mixed_weapon	exam_capital_mixed_weapon	wuzhuangyuan_exam	wuzhuangyuan	wuzhuangyuan_exam	exam	1	exam_standard	4	guard	official_guard_frame	guard	official	common	guard	guard	5	1	1	3	91.00	role_match,exam_official_fundamental,required_tag_match,distance_match,rarity_fit	exam_official,role_control,role_fundamental,role_mixed_weapon,role_pressure,variant_exam_standard	player_only,weapon_mismatch	weapon_official,role_fundamental,deck_guard,ai_standard	generated_card_pool.tsv	
exam_exam_capital_mixed_weapon	exam_exam_capital_mixed_weapon	exam_capital_mixed_weapon	wuzhuangyuan_exam	wuzhuangyuan	wuzhuangyuan_exam	exam	1	exam_standard	5	guard	official_counter_ritual	guard	official	uncommon	counter	guard	6	-2	1	3	85.00	role_match,exam_official_fundamental,distance_match,rarity_fit	exam_official,role_control,role_fundamental,role_mixed_weapon,role_pressure,variant_exam_standard	player_only,weapon_mismatch	weapon_official,role_counter,deck_guard,ai_discipline	generated_card_pool.tsv	
exam_exam_capital_mixed_weapon	exam_exam_capital_mixed_weapon	exam_capital_mixed_weapon	wuzhuangyuan_exam	wuzhuangyuan	wuzhuangyuan_exam	exam	1	exam_standard	6	guard	generic_counter_guard	guard	generic	uncommon	counter	guard	6	-2	1	3	81.00	role_match,generic_fallback,distance_match,rarity_fit	exam_official,role_control,role_fundamental,role_mixed_weapon,role_pressure,variant_exam_standard	player_only,weapon_mismatch	weapon_generic,role_counter,deck_guard,ai_counter	generated_card_pool.tsv	
exam_exam_capital_mixed_weapon	exam_exam_capital_mixed_weapon	exam_capital_mixed_weapon	wuzhuangyuan_exam	wuzhuangyuan	wuzhuangyuan_exam	exam	1	exam_standard	7	movement	official_step_set	movement	official	common	approach	movement	3	-1	1	3	91.00	role_match,exam_official_fundamental,required_tag_match,distance_match,rarity_fit	exam_official,role_control,role_fundamental,role_mixed_weapon,role_pressure,variant_exam_standard	player_only,weapon_mismatch	weapon_official,role_fundamental,deck_movement,ai_standard	generated_card_pool.tsv	
exam_exam_capital_mixed_weapon	exam_exam_capital_mixed_weapon	exam_capital_mixed_weapon	wuzhuangyuan_exam	wuzhuangyuan	wuzhuangyuan_exam	exam	1	exam_standard	8	movement	spear_hold_distance	movement	spearman	common	control	movement	4	0	1	3	87.00	role_match,required_tag_match,distance_match,tactic_match,rarity_fit	exam_official,role_control,role_fundamental,role_mixed_weapon,role_pressure,variant_exam_standard	player_only,weapon_mismatch	weapon_spearman,role_control,deck_movement,ai_hold_distance	generated_card_pool.tsv	
exam_exam_capital_mixed_weapon	exam_exam_capital_mixed_weapon	exam_capital_mixed_weapon	wuzhuangyuan_exam	wuzhuangyuan	wuzhuangyuan_exam	exam	1	exam_standard	9	posture_break	official_break_drill	posture_break	official	uncommon	break	posture_break	5	-3	1	3	100.00	role_match,exam_official_fundamental,required_tag_match,distance_match,tactic_match,rarity_fit	exam_official,role_control,role_fundamental,role_mixed_weapon,role_pressure,variant_exam_standard	player_only,weapon_mismatch	weapon_official,role_fundamental,deck_posture_break,ai_drill	generated_card_pool.tsv	
exam_exam_capital_mixed_weapon	exam_exam_capital_mixed_weapon	exam_capital_mixed_weapon	wuzhuangyuan_exam	wuzhuangyuan	wuzhuangyuan_exam	exam	1	exam_standard	10	posture_break	generic_posture_tap	posture_break	generic	common	break	posture_break	3	-1	1	3	89.00	role_match,generic_fallback,distance_match,tactic_match,rarity_fit	exam_official,role_control,role_fundamental,role_mixed_weapon,role_pressure,variant_exam_standard	player_only,weapon_mismatch	weapon_generic,role_break,deck_posture_break,ai_chip	generated_card_pool.tsv	
exam_exam_capital_mixed_weapon	exam_exam_capital_mixed_weapon	exam_capital_mixed_weapon	wuzhuangyuan_exam	wuzhuangyuan	wuzhuangyuan_exam	exam	1	exam_standard	11	posture_break	generic_guard_split	posture_break	generic	uncommon	punish	posture_break	5	-3	1	3	88.00	role_match,generic_fallback,distance_match,tactic_match,rarity_fit	exam_official,role_control,role_fundamental,role_mixed_weapon,role_pressure,variant_exam_standard	player_only,weapon_mismatch	weapon_generic,role_break,deck_posture_break,ai_punish	generated_card_pool.tsv	
exam_exam_capital_mixed_weapon	exam_exam_capital_mixed_weapon	exam_capital_mixed_weapon	wuzhuangyuan_exam	wuzhuangyuan	wuzhuangyuan_exam	exam	1	exam_standard	12	tempo	exam_fundamental_probe	tempo	official	common	exam_fundamental	tempo	5	5	1	3	86.00	role_match,exam_official_fundamental,required_tag_match,distance_match,rarity_fit	exam_official,role_control,role_fundamental,role_mixed_weapon,role_pressure,variant_exam_standard	player_only,weapon_mismatch	weapon_official,role_fundamental,deck_tempo,ai_test	generated_card_pool.tsv	
exam_exam_capital_mixed_weapon	exam_exam_capital_mixed_weapon	exam_capital_mixed_weapon	wuzhuangyuan_exam	wuzhuangyuan	wuzhuangyuan_exam	exam	1	exam_standard	13	tempo	generic_tempo_shift	tempo	generic	uncommon	combo_bridge	tempo	4	0	1	3	83.00	role_match,generic_fallback,distance_match,rarity_fit	exam_official,role_control,role_fundamental,role_mixed_weapon,role_pressure,variant_exam_standard	player_only,weapon_mismatch	weapon_generic,role_tempo,deck_tempo,ai_setup	generated_card_pool.tsv	
exam_exam_capital_mixed_weapon	exam_exam_capital_mixed_weapon	exam_capital_mixed_weapon	wuzhuangyuan_exam	wuzhuangyuan	wuzhuangyuan_exam	exam	1	exam_standard	14	combo	official_punish_form	combo	official	rare	punish	combo	7	-1	1	3	96.00	role_match,exam_official_fundamental,distance_match,tactic_match,rarity_fit	exam_official,role_control,role_fundamental,role_mixed_weapon,role_pressure,variant_exam_standard	player_only,weapon_mismatch	weapon_official,role_punish,deck_combo,ai_discipline	generated_card_pool.tsv	
exam_exam_capital_duel_chain	exam_exam_capital_duel_chain	exam_capital_duel_chain	wuzhuangyuan_exam	wuzhuangyuan	wuzhuangyuan_exam	exam	1	exam_standard	1	attack	blade_follow_step	attack	blademaster	uncommon	pressure	attack	6	-2	1	2	114.00	role_match,weapon_match,required_tag_match,distance_match,tactic_match,rarity_fit	exam_official,role_approach,role_counter,role_fundamental,variant_exam_standard,weapon_blademaster	player_only,weapon_mismatch	weapon_blademaster,role_pressure,deck_attack,ai_stick	generated_card_pool.tsv	
exam_exam_capital_duel_chain	exam_exam_capital_duel_chain	exam_capital_duel_chain	wuzhuangyuan_exam	wuzhuangyuan	wuzhuangyuan_exam	exam	1	exam_standard	2	attack	blade_close_slash	attack	blademaster	common	approach	attack	5	1	1	2	110.00	role_match,weapon_match,required_tag_match,distance_match,rarity_fit	exam_official,role_approach,role_counter,role_fundamental,variant_exam_standard,weapon_blademaster	player_only,weapon_mismatch	weapon_blademaster,role_approach,deck_attack,ai_close_in	generated_card_pool.tsv	
exam_exam_capital_duel_chain	exam_exam_capital_duel_chain	exam_capital_duel_chain	wuzhuangyuan_exam	wuzhuangyuan	wuzhuangyuan_exam	exam	1	exam_standard	3	attack	blade_follow_step	attack	blademaster	uncommon	pressure	attack	6	-2	1	2	102.00	role_match,weapon_match,required_tag_match,distance_match,tactic_match,rarity_fit,repeat_penalty	exam_official,role_approach,role_counter,role_fundamental,variant_exam_standard,weapon_blademaster	player_only,weapon_mismatch	weapon_blademaster,role_pressure,deck_attack,ai_stick	generated_card_pool.tsv	
exam_exam_capital_duel_chain	exam_exam_capital_duel_chain	exam_capital_duel_chain	wuzhuangyuan_exam	wuzhuangyuan	wuzhuangyuan_exam	exam	1	exam_standard	4	attack	blade_close_slash	attack	blademaster	common	approach	attack	5	1	1	2	98.00	role_match,weapon_match,required_tag_match,distance_match,rarity_fit,repeat_penalty	exam_official,role_approach,role_counter,role_fundamental,variant_exam_standard,weapon_blademaster	player_only,weapon_mismatch	weapon_blademaster,role_approach,deck_attack,ai_close_in	generated_card_pool.tsv	
exam_exam_capital_duel_chain	exam_exam_capital_duel_chain	exam_capital_duel_chain	wuzhuangyuan_exam	wuzhuangyuan	wuzhuangyuan_exam	exam	1	exam_standard	5	guard	blade_counter_cut	guard	blademaster	uncommon	counter	guard	7	-1	1	2	124.00	role_match,weapon_match,required_tag_match,distance_match,tactic_match,rarity_fit	exam_official,role_approach,role_counter,role_fundamental,variant_exam_standard,weapon_blademaster	player_only,weapon_mismatch	weapon_blademaster,role_counter,deck_guard,ai_counter	generated_card_pool.tsv	
exam_exam_capital_duel_chain	exam_exam_capital_duel_chain	exam_capital_duel_chain	wuzhuangyuan_exam	wuzhuangyuan	wuzhuangyuan_exam	exam	1	exam_standard	6	guard	blade_counter_cut	guard	blademaster	uncommon	counter	guard	7	-1	1	2	112.00	role_match,weapon_match,required_tag_match,distance_match,tactic_match,rarity_fit,repeat_penalty	exam_official,role_approach,role_counter,role_fundamental,variant_exam_standard,weapon_blademaster	player_only,weapon_mismatch	weapon_blademaster,role_counter,deck_guard,ai_counter	generated_card_pool.tsv	
exam_exam_capital_duel_chain	exam_exam_capital_duel_chain	exam_capital_duel_chain	wuzhuangyuan_exam	wuzhuangyuan	wuzhuangyuan_exam	exam	1	exam_standard	7	guard	blade_inside_guard	guard	blademaster	common	guard	guard	5	1	1	2	112.00	role_match,weapon_match,required_tag_match,distance_match,tactic_match,rarity_fit	exam_official,role_approach,role_counter,role_fundamental,variant_exam_standard,weapon_blademaster	player_only,weapon_mismatch	weapon_blademaster,role_guard,deck_guard,ai_stabilize	generated_card_pool.tsv	
exam_exam_capital_duel_chain	exam_exam_capital_duel_chain	exam_capital_duel_chain	wuzhuangyuan_exam	wuzhuangyuan	wuzhuangyuan_exam	exam	1	exam_standard	8	movement	blade_quick_entry	movement	blademaster	common	approach	movement	4	0	1	2	110.00	role_match,weapon_match,required_tag_match,distance_match,rarity_fit	exam_official,role_approach,role_counter,role_fundamental,variant_exam_standard,weapon_blademaster	player_only,weapon_mismatch	weapon_blademaster,role_approach,deck_movement,ai_setup	generated_card_pool.tsv	
exam_exam_capital_duel_chain	exam_exam_capital_duel_chain	exam_capital_duel_chain	wuzhuangyuan_exam	wuzhuangyuan	wuzhuangyuan_exam	exam	1	exam_standard	9	movement	blade_shoulder_shift	movement	blademaster	common	retreat	movement	3	-1	1	2	102.00	role_match,weapon_match,required_tag_match,distance_match,rarity_fit	exam_official,role_approach,role_counter,role_fundamental,variant_exam_standard,weapon_blademaster	player_only,weapon_mismatch	weapon_blademaster,role_retreat,deck_movement,ai_reset	generated_card_pool.tsv	
exam_exam_capital_duel_chain	exam_exam_capital_duel_chain	exam_capital_duel_chain	wuzhuangyuan_exam	wuzhuangyuan	wuzhuangyuan_exam	exam	1	exam_standard	10	posture_break	blade_opening_break	posture_break	blademaster	uncommon	break	posture_break	6	-2	1	2	104.00	role_match,weapon_match,required_tag_match,distance_match,rarity_fit	exam_official,role_approach,role_counter,role_fundamental,variant_exam_standard,weapon_blademaster	player_only,weapon_mismatch	weapon_blademaster,role_break,deck_posture_break,ai_break_open	generated_card_pool.tsv	
exam_exam_capital_duel_chain	exam_exam_capital_duel_chain	exam_capital_duel_chain	wuzhuangyuan_exam	wuzhuangyuan	wuzhuangyuan_exam	exam	1	exam_standard	11	posture_break	blade_punish_riposte	posture_break	blademaster	rare	punish	posture_break	7	-5	1	2	100.00	role_match,weapon_match,required_tag_match,distance_match,rarity_fit	exam_official,role_approach,role_counter,role_fundamental,variant_exam_standard,weapon_blademaster	player_only,weapon_mismatch	weapon_blademaster,role_punish,deck_posture_break,ai_punish	generated_card_pool.tsv	
exam_exam_capital_duel_chain	exam_exam_capital_duel_chain	exam_capital_duel_chain	wuzhuangyuan_exam	wuzhuangyuan	wuzhuangyuan_exam	exam	1	exam_standard	12	tempo	blade_tempo_feint	tempo	blademaster	uncommon	combo_bridge	tempo	5	1	1	2	106.00	role_match,weapon_match,required_tag_match,distance_match,rarity_fit	exam_official,role_approach,role_counter,role_fundamental,variant_exam_standard,weapon_blademaster	player_only,weapon_mismatch	weapon_blademaster,role_tempo,deck_tempo,ai_setup	generated_card_pool.tsv	
exam_exam_capital_duel_chain	exam_exam_capital_duel_chain	exam_capital_duel_chain	wuzhuangyuan_exam	wuzhuangyuan	wuzhuangyuan_exam	exam	1	exam_standard	13	tempo	blade_focus_recover	tempo	blademaster	common	recovery	tempo	5	5	1	2	97.00	role_match,weapon_match,required_tag_match,distance_match,rarity_fit	exam_official,role_approach,role_counter,role_fundamental,variant_exam_standard,weapon_blademaster	player_only,weapon_mismatch	weapon_blademaster,role_recovery,deck_tempo,ai_reset	generated_card_pool.tsv	
exam_exam_capital_duel_chain	exam_exam_capital_duel_chain	exam_capital_duel_chain	wuzhuangyuan_exam	wuzhuangyuan	wuzhuangyuan_exam	exam	1	exam_standard	14	combo	blade_dual_cut_chain	combo	blademaster	rare	burst	combo	7	-5	1	2	110.00	role_match,weapon_match,required_tag_match,distance_match,tactic_match,rarity_fit	exam_official,role_approach,role_counter,role_fundamental,variant_exam_standard,weapon_blademaster	player_only,weapon_mismatch	weapon_blademaster,role_burst,deck_combo,ai_burst	generated_card_pool.tsv	
exam_exam_imperial_final_examiner	exam_exam_imperial_final_examiner	exam_imperial_final_examiner	wuzhuangyuan_exam	wuzhuangyuan	wuzhuangyuan_exam	exam	1	exam_final	1	attack	official_basic_cut	attack	official	common	exam_fundamental	attack	4	0	1	3	102.00	role_match,weapon_match,required_tag_match,distance_match,rarity_fit	exam_official,role_control,role_fundamental,variant_exam_final	lightness_4_required,player_only,weapon_mismatch	weapon_official,role_fundamental,deck_attack,ai_standard	generated_card_pool.tsv	
exam_exam_imperial_final_examiner	exam_exam_imperial_final_examiner	exam_imperial_final_examiner	wuzhuangyuan_exam	wuzhuangyuan	wuzhuangyuan_exam	exam	1	exam_final	2	attack	official_basic_cut	attack	official	common	exam_fundamental	attack	4	0	1	3	90.00	role_match,weapon_match,required_tag_match,distance_match,rarity_fit,repeat_penalty	exam_official,role_control,role_fundamental,variant_exam_final	lightness_4_required,player_only,weapon_mismatch	weapon_official,role_fundamental,deck_attack,ai_standard	generated_card_pool.tsv	
exam_exam_imperial_final_examiner	exam_exam_imperial_final_examiner	exam_imperial_final_examiner	wuzhuangyuan_exam	wuzhuangyuan	wuzhuangyuan_exam	exam	1	exam_final	3	attack	spear_line_thrust	attack	spearman	common	poke	attack	6	2	1	3	85.00	role_match,required_tag_match,distance_match,tactic_match,rarity_fit	exam_official,role_control,role_fundamental,variant_exam_final	lightness_4_required,player_only,weapon_mismatch	weapon_spearman,role_control,deck_attack,ai_hold_distance	generated_card_pool.tsv	
exam_exam_imperial_final_examiner	exam_exam_imperial_final_examiner	exam_imperial_final_examiner	wuzhuangyuan_exam	wuzhuangyuan	wuzhuangyuan_exam	exam	1	exam_final	4	attack	footwork_evade_cut	attack	footwork	uncommon	counter	attack	6	2	1	3	81.00	role_match,distance_match,tactic_match,rarity_fit	exam_official,role_control,role_fundamental,variant_exam_final	lightness_4_required,player_only,weapon_mismatch	weapon_footwork,role_counter,deck_attack,ai_evade	generated_card_pool.tsv	
exam_exam_imperial_final_examiner	exam_exam_imperial_final_examiner	exam_imperial_final_examiner	wuzhuangyuan_exam	wuzhuangyuan	wuzhuangyuan_exam	exam	1	exam_final	5	guard	official_guard_frame	guard	official	common	guard	guard	5	1	1	3	112.00	role_match,weapon_match,required_tag_match,distance_match,tactic_match,rarity_fit	exam_official,role_control,role_fundamental,variant_exam_final	lightness_4_required,player_only,weapon_mismatch	weapon_official,role_fundamental,deck_guard,ai_standard	generated_card_pool.tsv	
exam_exam_imperial_final_examiner	exam_exam_imperial_final_examiner	exam_imperial_final_examiner	wuzhuangyuan_exam	wuzhuangyuan	wuzhuangyuan_exam	exam	1	exam_final	6	guard	official_counter_ritual	guard	official	uncommon	counter	guard	6	-2	1	3	106.00	role_match,weapon_match,distance_match,tactic_match,rarity_fit	exam_official,role_control,role_fundamental,variant_exam_final	lightness_4_required,player_only,weapon_mismatch	weapon_official,role_counter,deck_guard,ai_discipline	generated_card_pool.tsv	
exam_exam_imperial_final_examiner	exam_exam_imperial_final_examiner	exam_imperial_final_examiner	wuzhuangyuan_exam	wuzhuangyuan	wuzhuangyuan_exam	exam	1	exam_final	7	guard	official_guard_frame	guard	official	common	guard	guard	5	1	1	3	100.00	role_match,weapon_match,required_tag_match,distance_match,tactic_match,rarity_fit,repeat_penalty	exam_official,role_control,role_fundamental,variant_exam_final	lightness_4_required,player_only,weapon_mismatch	weapon_official,role_fundamental,deck_guard,ai_standard	generated_card_pool.tsv	
exam_exam_imperial_final_examiner	exam_exam_imperial_final_examiner	exam_imperial_final_examiner	wuzhuangyuan_exam	wuzhuangyuan	wuzhuangyuan_exam	exam	1	exam_final	8	movement	official_step_set	movement	official	common	approach	movement	3	-1	1	3	102.00	role_match,weapon_match,required_tag_match,distance_match,rarity_fit	exam_official,role_control,role_fundamental,variant_exam_final	lightness_4_required,player_only,weapon_mismatch	weapon_official,role_fundamental,deck_movement,ai_standard	generated_card_pool.tsv	
exam_exam_imperial_final_examiner	exam_exam_imperial_final_examiner	exam_imperial_final_examiner	wuzhuangyuan_exam	wuzhuangyuan	wuzhuangyuan_exam	exam	1	exam_final	9	movement	official_step_set	movement	official	common	approach	movement	3	-1	1	3	90.00	role_match,weapon_match,required_tag_match,distance_match,rarity_fit,repeat_penalty	exam_official,role_control,role_fundamental,variant_exam_final	lightness_4_required,player_only,weapon_mismatch	weapon_official,role_fundamental,deck_movement,ai_standard	generated_card_pool.tsv	
exam_exam_imperial_final_examiner	exam_exam_imperial_final_examiner	exam_imperial_final_examiner	wuzhuangyuan_exam	wuzhuangyuan	wuzhuangyuan_exam	exam	1	exam_final	10	movement	spear_hold_distance	movement	spearman	common	control	movement	4	0	1	3	87.00	role_match,required_tag_match,distance_match,tactic_match,rarity_fit	exam_official,role_control,role_fundamental,variant_exam_final	lightness_4_required,player_only,weapon_mismatch	weapon_spearman,role_control,deck_movement,ai_hold_distance	generated_card_pool.tsv	
exam_exam_imperial_final_examiner	exam_exam_imperial_final_examiner	exam_imperial_final_examiner	wuzhuangyuan_exam	wuzhuangyuan	wuzhuangyuan_exam	exam	1	exam_final	11	posture_break	official_break_drill	posture_break	official	uncommon	break	posture_break	5	-3	1	3	111.00	role_match,weapon_match,required_tag_match,distance_match,tactic_match,rarity_fit	exam_official,role_control,role_fundamental,variant_exam_final	lightness_4_required,player_only,weapon_mismatch	weapon_official,role_fundamental,deck_posture_break,ai_drill	generated_card_pool.tsv	
exam_exam_imperial_final_examiner	exam_exam_imperial_final_examiner	exam_imperial_final_examiner	wuzhuangyuan_exam	wuzhuangyuan	wuzhuangyuan_exam	exam	1	exam_final	12	posture_break	official_break_drill	posture_break	official	uncommon	break	posture_break	5	-3	1	3	99.00	role_match,weapon_match,required_tag_match,distance_match,tactic_match,rarity_fit,repeat_penalty	exam_official,role_control,role_fundamental,variant_exam_final	lightness_4_required,player_only,weapon_mismatch	weapon_official,role_fundamental,deck_posture_break,ai_drill	generated_card_pool.tsv	
exam_exam_imperial_final_examiner	exam_exam_imperial_final_examiner	exam_imperial_final_examiner	wuzhuangyuan_exam	wuzhuangyuan	wuzhuangyuan_exam	exam	1	exam_final	13	posture_break	generic_posture_tap	posture_break	generic	common	break	posture_break	3	-1	1	3	89.00	role_match,generic_fallback,distance_match,tactic_match,rarity_fit	exam_official,role_control,role_fundamental,variant_exam_final	lightness_4_required,player_only,weapon_mismatch	weapon_generic,role_break,deck_posture_break,ai_chip	generated_card_pool.tsv	
exam_exam_imperial_final_examiner	exam_exam_imperial_final_examiner	exam_imperial_final_examiner	wuzhuangyuan_exam	wuzhuangyuan	wuzhuangyuan_exam	exam	1	exam_final	14	tempo	exam_fundamental_probe	tempo	official	common	exam_fundamental	tempo	5	5	1	3	97.00	role_match,weapon_match,required_tag_match,distance_match,rarity_fit	exam_official,role_control,role_fundamental,variant_exam_final	lightness_4_required,player_only,weapon_mismatch	weapon_official,role_fundamental,deck_tempo,ai_test	generated_card_pool.tsv	
exam_exam_imperial_final_examiner	exam_exam_imperial_final_examiner	exam_imperial_final_examiner	wuzhuangyuan_exam	wuzhuangyuan	wuzhuangyuan_exam	exam	1	exam_final	15	tempo	exam_fundamental_probe	tempo	official	common	exam_fundamental	tempo	5	5	1	3	85.00	role_match,weapon_match,required_tag_match,distance_match,rarity_fit,repeat_penalty	exam_official,role_control,role_fundamental,variant_exam_final	lightness_4_required,player_only,weapon_mismatch	weapon_official,role_fundamental,deck_tempo,ai_test	generated_card_pool.tsv	
exam_exam_imperial_final_examiner	exam_exam_imperial_final_examiner	exam_imperial_final_examiner	wuzhuangyuan_exam	wuzhuangyuan	wuzhuangyuan_exam	exam	1	exam_final	16	combo	official_punish_form	combo	official	rare	punish	combo	7	-1	1	3	107.00	role_match,weapon_match,distance_match,tactic_match,rarity_fit	exam_official,role_control,role_fundamental,variant_exam_final	lightness_4_required,player_only,weapon_mismatch	weapon_official,role_punish,deck_combo,ai_discipline	generated_card_pool.tsv	
