candidate_type	file_path	symbol_or_line	matched_keyword	evidence	likely_role	confidence	risk_level	recommended_action	notes
high_risk_touchpoint	data/story_battles/story_encounters.tsv	line:1	settlement	"encounter_id	display_name	player_template_id	player_deck_id	player_stat_set_id	opponent_template_id	opponent_deck_id	opponent_stat_set_id	settlement_mode	pressure_profile	intent_visibility_policy	notes"	不建议直接修改的高风险文件触点	high	high	保持只读，避免在 v1.0a 修改该文件。	主流程关键文件，当前阶段仅允许静态定位。
high_risk_touchpoint	scenes/MainVisual.tscn	line:13	settlement	"settlement_mode_id = ""reactive"""	不建议直接修改的高风险文件触点	high	high	保持只读，避免在 v1.0a 修改该文件。	主流程关键文件，当前阶段仅允许静态定位。
high_risk_touchpoint	scripts/battle_state_machine.gd	set_settlement_mode	settlement	settlement_mode = value	不建议直接修改的高风险文件触点	high	high	保持只读，避免在 v1.0a 修改该文件。	主流程关键文件，当前阶段仅允许静态定位。
high_risk_touchpoint	scripts/battle_state_machine.gd	set_settlement_mode_id	settlement	settlement_mode = SettlementMode.SYMMETRIC	不建议直接修改的高风险文件触点	high	high	保持只读，避免在 v1.0a 修改该文件。	主流程关键文件，当前阶段仅允许静态定位。
high_risk_touchpoint	scripts/battle_state_machine.gd	settlement_mode	settlement	var settlement_mode: SettlementMode = SettlementMode.REACTIVE	不建议直接修改的高风险文件触点	high	high	保持只读，避免在 v1.0a 修改该文件。	主流程关键文件，当前阶段仅允许静态定位。
high_risk_touchpoint	scripts/battle_state_machine.gd	settlement_mode_id	settlement	return MODE_REACTIVE_ID if settlement_mode == SettlementMode.REACTIVE else MODE_SYMMETRIC_ID	不建议直接修改的高风险文件触点	high	high	保持只读，避免在 v1.0a 修改该文件。	主流程关键文件，当前阶段仅允许静态定位。
legacy_reward_source	data/enemy_manifest.json	line:1090	reward	"""reward"": {"	可能是旧奖励数据源	high	medium	纳入 adapter 的 legacy 读取分支，不直接改写原源数据。	可作为 shadow 对比基线。
legacy_reward_source	data/enemy_manifest.json	line:226	reward	"""reward"": {"	可能是旧奖励数据源	high	medium	纳入 adapter 的 legacy 读取分支，不直接改写原源数据。	可作为 shadow 对比基线。
legacy_reward_source	data/enemy_manifest.json	line:364	reward	"""reward"": {"	可能是旧奖励数据源	high	medium	纳入 adapter 的 legacy 读取分支，不直接改写原源数据。	可作为 shadow 对比基线。
legacy_reward_source	data/enemy_manifest.json	line:4	reward	"""purpose"": ""Enemy stat, identity, deck, AI intent weights, phase behavior and reward configuration for narrative battles."","	可能是旧奖励数据源	high	medium	纳入 adapter 的 legacy 读取分支，不直接改写原源数据。	可作为 shadow 对比基线。
legacy_reward_source	data/enemy_manifest.json	line:505	reward	"""reward"": {"	可能是旧奖励数据源	high	medium	纳入 adapter 的 legacy 读取分支，不直接改写原源数据。	可作为 shadow 对比基线。
legacy_reward_source	data/enemy_manifest.json	line:660	reward	"""reward"": {"	可能是旧奖励数据源	high	medium	纳入 adapter 的 legacy 读取分支，不直接改写原源数据。	可作为 shadow 对比基线。
legacy_reward_source	data/enemy_manifest.json	line:800	reward	"""reward"": {"	可能是旧奖励数据源	high	medium	纳入 adapter 的 legacy 读取分支，不直接改写原源数据。	可作为 shadow 对比基线。
legacy_reward_source	data/enemy_manifest.json	line:961	reward	"""reward"": {"	可能是旧奖励数据源	high	medium	纳入 adapter 的 legacy 读取分支，不直接改写原源数据。	可作为 shadow 对比基线。
legacy_reward_source	data/rewards.json	line:1	reward	[	可能是旧奖励数据源	high	medium	纳入 adapter 的 legacy 读取分支，不直接改写原源数据。	可作为 shadow 对比基线。（seed）
legacy_reward_source	data/story_battles.json	line:577	settlement	"""settlement_mode"": ""reactive"","	可能是旧奖励数据源	high	medium	纳入 adapter 的 legacy 读取分支，不直接改写原源数据。	可作为 shadow 对比基线。
legacy_reward_source	data/story_battles.json	line:591	settlement	"""settlement_mode"": ""reactive"","	可能是旧奖励数据源	high	medium	纳入 adapter 的 legacy 读取分支，不直接改写原源数据。	可作为 shadow 对比基线。
legacy_reward_source	data/story_battles.json	line:605	settlement	"""settlement_mode"": ""reactive"","	可能是旧奖励数据源	high	medium	纳入 adapter 的 legacy 读取分支，不直接改写原源数据。	可作为 shadow 对比基线。
legacy_reward_source	data/story_battles.json	line:619	settlement	"""settlement_mode"": ""reactive"","	可能是旧奖励数据源	high	medium	纳入 adapter 的 legacy 读取分支，不直接改写原源数据。	可作为 shadow 对比基线。
legacy_reward_source	data/story_battles.json	line:633	settlement	"""settlement_mode"": ""reactive"","	可能是旧奖励数据源	high	medium	纳入 adapter 的 legacy 读取分支，不直接改写原源数据。	可作为 shadow 对比基线。
legacy_reward_source	data/story_battles.json	line:647	settlement	"""settlement_mode"": ""reactive"","	可能是旧奖励数据源	high	medium	纳入 adapter 的 legacy 读取分支，不直接改写原源数据。	可作为 shadow 对比基线。
legacy_reward_source	data/story_battles.json	line:661	settlement	"""settlement_mode"": ""reactive"","	可能是旧奖励数据源	high	medium	纳入 adapter 的 legacy 读取分支，不直接改写原源数据。	可作为 shadow 对比基线。
legacy_reward_source	data/story_battles.json	line:675	settlement	"""settlement_mode"": ""reactive"","	可能是旧奖励数据源	high	medium	纳入 adapter 的 legacy 读取分支，不直接改写原源数据。	可作为 shadow 对比基线。
legacy_reward_source	scripts/Main_data.gd	_load_game_data	reward	"reward_pool = _load_json_file(DATA_PATHS[""rewards""], TYPE_ARRAY, ""奖励池"")"	可能是旧奖励数据源	medium	medium	纳入 adapter 的 legacy 读取分支，不直接改写原源数据。	可作为 shadow 对比基线。
legacy_reward_source	scripts/narrative/focus_ui_runtime.gd	_battle_growth_reward_for_source	reward	"return c._formal_reward_for_encounter(encounter_id, str(node.get(""type"", """")))"	可能是旧奖励数据源	medium	medium	纳入 adapter 的 legacy 读取分支，不直接改写原源数据。	可作为 shadow 对比基线。
legacy_reward_source	scripts/narrative_demo_canonical_controller.gd	_battle_reward_for_source	reward	"if has_method(""_formal_reward_for_encounter""):"	可能是旧奖励数据源	medium	medium	纳入 adapter 的 legacy 读取分支，不直接改写原源数据。	可作为 shadow 对比基线。
legacy_reward_source	scripts/narrative_demo_choice_combat_controller.gd	_battle_growth_reward_for_source	reward	"return _formal_reward_for_encounter(encounter_id, str(node.get(""type"", """")))"	可能是旧奖励数据源	medium	medium	纳入 adapter 的 legacy 读取分支，不直接改写原源数据。	可作为 shadow 对比基线。
legacy_reward_source	scripts/narrative_demo_formal_controller.gd	_apply_battle_result_reward	reward	"var reward: Dictionary = _formal_reward_for_encounter(encounter_id, str(node.get(""type"", """")))"	可能是旧奖励数据源	medium	medium	纳入 adapter 的 legacy 读取分支，不直接改写原源数据。	可作为 shadow 对比基线。
battle_settlement_entry	scripts/battle_controller_core_round_resolution.gd	_finish_battle	battle_end	func _finish_battle() -> void:	可能是战斗结束结算入口	high	medium	避免直接改动结算主流程，在外层增加可控接入点。	优先采用旁路接入和结果对比，降低回归风险。（seed）
battle_settlement_entry	scripts/narrative/focus_ui_runtime.gd	_consume_battle_result_if_needed	结算	"c.last_hint = ""战斗胜利：未找到待结算选择，暂不推进。"""	可能是战斗结束结算入口	high	medium	避免直接改动结算主流程，在外层增加可控接入点。	优先采用旁路接入和结果对比，降低回归风险。
battle_settlement_entry	scripts/narrative_battle_context.gd	set_result	result	last_result = p_result	可能是战斗结束结算入口	high	medium	避免直接改动结算主流程，在外层增加可控接入点。	优先采用旁路接入和结果对比，降低回归风险。
battle_settlement_entry	scripts/narrative_demo_choice_combat_controller.gd	_consume_battle_result_if_needed	结算	"last_hint = ""战斗胜利：未找到待结算选择，暂不推进。"""	可能是战斗结束结算入口	high	medium	避免直接改动结算主流程，在外层增加可控接入点。	优先采用旁路接入和结果对比，降低回归风险。
reward_generation_function	scripts/battle_controller_core_session_rewards.gd	_sample_rewards	reward	for template in reward_pool:	可能是奖励生成逻辑	medium	medium	后续由单一 adapter 接管奖励生成输入，函数保持调用层稳定。	需区分卡牌奖励与叙事资源奖励两条链路。
reward_generation_function	scripts/battle_controller_core_session_rewards.gd	_sample_rewards	rewards	func _sample_rewards(count: int) -> Array[CardData]:	可能是奖励生成逻辑	medium	medium	后续由单一 adapter 接管奖励生成输入，函数保持调用层稳定。	需区分卡牌奖励与叙事资源奖励两条链路。
reward_generation_function	scripts/narrative/canonical_battle_reward_runtime.gd	reward_from_context_or_node	reward	static func reward_from_context_or_node(context_reward: Dictionary, source_index: int, active_node_count: int, node: Dictionary, formal_reward: Dictionary = {}) -> Dictionary:	可能是奖励生成逻辑	medium	medium	后续由单一 adapter 接管奖励生成输入，函数保持调用层稳定。	需区分卡牌奖励与叙事资源奖励两条链路。
reward_generation_function	scripts/narrative/focus_ui_runtime.gd	_battle_growth_reward_for_source	reward	func _battle_growth_reward_for_source(source_index: int) -> Dictionary:	可能是奖励生成逻辑	medium	medium	后续由单一 adapter 接管奖励生成输入，函数保持调用层稳定。	需区分卡牌奖励与叙事资源奖励两条链路。
reward_generation_function	scripts/narrative_demo_canonical_controller.gd	_battle_reward_for_source	battle_reward	func _battle_reward_for_source(source_index: int) -> Dictionary:	可能是奖励生成逻辑	high	medium	后续由单一 adapter 接管奖励生成输入，函数保持调用层稳定。	最小接入点候选：建议将 runtime/legacy 决策集中到该链路前。（seed）
reward_generation_function	scripts/narrative_demo_canonical_controller.gd	_battle_reward_for_source	reward	var formal_reward: Dictionary = {}	可能是奖励生成逻辑	high	medium	后续由单一 adapter 接管奖励生成输入，函数保持调用层稳定。	最小接入点候选：建议将 runtime/legacy 决策集中到该链路前。
reward_generation_function	scripts/narrative_demo_choice_combat_controller.gd	_battle_growth_reward_for_source	reward	func _battle_growth_reward_for_source(source_index: int) -> Dictionary:	可能是奖励生成逻辑	medium	medium	后续由单一 adapter 接管奖励生成输入，函数保持调用层稳定。	需区分卡牌奖励与叙事资源奖励两条链路。
reward_generation_function	scripts/narrative_demo_ui_focus_controller.gd	_battle_growth_reward_for_source	reward	return _runtime()._battle_growth_reward_for_source(source_index)	可能是奖励生成逻辑	medium	medium	后续由单一 adapter 接管奖励生成输入，函数保持调用层稳定。	需区分卡牌奖励与叙事资源奖励两条链路。
reward_apply_entry	scripts/battle_controller_core_session_rewards.gd	_pick_reward_card	reward	"func _pick_reward_card(card: CardData, source_label: String = ""得招"") -> void:"	可能是奖励写入玩家状态逻辑	high	medium	adapter 输出标准奖励结构后，通过单一应用入口落地。	要求 adapter 失败不影响该入口的 legacy 执行。
reward_apply_entry	scripts/battle_controller_core_session_rewards.gd	_pick_reward_card	获得	"_log(""你通过【%s】获得了 [color=#95e1d3]%s[/color]，已加入长期牌库。"" % [source_label, card.display_name])"	可能是奖励写入玩家状态逻辑	high	medium	adapter 输出标准奖励结构后，通过单一应用入口落地。	要求 adapter 失败不影响该入口的 legacy 执行。
reward_apply_entry	scripts/narrative_battle_context.gd	apply_player_growth	reward	static func apply_player_growth(source: String, hp_gain: int = 0, posture_gain: int = 0, martial_gain: int = 0, heal_full: bool = false) -> void:	可能是奖励写入玩家状态逻辑	high	medium	adapter 输出标准奖励结构后，通过单一应用入口落地。	要求 adapter 失败不影响该入口的 legacy 执行。（seed）
reward_apply_entry	scripts/narrative_battle_context.gd	grant_player_cards	reward	static func grant_player_cards(card_ids: Array) -> void:	可能是奖励写入玩家状态逻辑	high	medium	adapter 输出标准奖励结构后，通过单一应用入口落地。	要求 adapter 失败不影响该入口的 legacy 执行。（seed）
reward_apply_entry	scripts/narrative_demo_formal_controller.gd	_apply_battle_result_reward	reward	"int(reward.get(""martial_gain"", 0)),"	可能是奖励写入玩家状态逻辑	high	medium	adapter 输出标准奖励结构后，通过单一应用入口落地。	要求 adapter 失败不影响该入口的 legacy 执行。
reward_apply_entry	scripts/narrative_demo_safe_controller.gd	_apply_battle_result_reward	reward	_safe_runtime().apply_battle_result_reward(source_index)	可能是奖励写入玩家状态逻辑	high	medium	adapter 输出标准奖励结构后，通过单一应用入口落地。	要求 adapter 失败不影响该入口的 legacy 执行。
reward_display_entry	scripts/battle_controller_core_session_rewards.gd	_open_gain_move	gain	func _open_gain_move() -> void:	可能是奖励展示逻辑	high	medium	保持 UI 展示层不感知 runtime 细节，只接收统一奖励结果。	展示层可用于 shadow 信息透出，但不改变正式奖励写入。
reward_display_entry	scripts/battle_controller_core_session_rewards.gd	_open_gain_move	reward	"actions.append({""text"": card.short_summary(), ""callback"": Callable(self, ""_pick_reward_card"").bind(card)})"	可能是奖励展示逻辑	high	medium	保持 UI 展示层不感知 runtime 细节，只接收统一奖励结果。	展示层可用于 shadow 信息透出，但不改变正式奖励写入。
reward_display_entry	scripts/battle_controller_core_session_rewards.gd	_open_gain_move	rewards	var picks := _sample_rewards(3)	可能是奖励展示逻辑	high	medium	保持 UI 展示层不感知 runtime 细节，只接收统一奖励结果。	展示层可用于 shadow 信息透出，但不改变正式奖励写入。
reward_display_entry	scripts/battle_controller_visual_story_return.gd	_show_battle_result_overlay	result	func _show_battle_result_overlay(victory: bool) -> void:	可能是奖励展示逻辑	high	medium	保持 UI 展示层不感知 runtime 细节，只接收统一奖励结果。	展示层可用于 shadow 信息透出，但不改变正式奖励写入。（seed）
debug_or_test_entry	scripts/Main_combat.gd	_begin_player_turn	获得	"_log(""你在优势距离起势，额外获得 1 势，且本回合首次攻击额外削敌 1 势。"")"	可能是测试战斗或 debug 入口	medium	low	runtime_test 模式仅允许从这类入口显式启用。	可作为 runtime_test 白名单入口。
debug_or_test_entry	scripts/Main_combat.gd	_effect_guard	获得	"_log(""你获得 %d 格挡。"" % amount)"	可能是测试战斗或 debug 入口	medium	low	runtime_test 模式仅允许从这类入口显式启用。	可作为 runtime_test 白名单入口。
debug_or_test_entry	scripts/Main_combat.gd	_enemy_phase	获得	"_log(""%s 先稳住架势，获得 %d 格挡。"" % [enemy[""name""], intent[""guard""]])"	可能是测试战斗或 debug 入口	medium	low	runtime_test 模式仅允许从这类入口显式启用。	可作为 runtime_test 白名单入口。
debug_or_test_entry	scripts/Main_combat.gd	_on_card_pressed	reward	if battle_over or reward_pending:	可能是测试战斗或 debug 入口	medium	low	runtime_test 模式仅允许从这类入口显式启用。	可作为 runtime_test 白名单入口。
debug_or_test_entry	scripts/Main_combat.gd	_on_end_turn_pressed	reward	if battle_over or reward_pending:	可能是测试战斗或 debug 入口	medium	low	runtime_test 模式仅允许从这类入口显式启用。	可作为 runtime_test 白名单入口。
debug_or_test_entry	scripts/Main_combat.gd	_reward_text	reward	func _reward_text(card_id: String) -> String:	可能是测试战斗或 debug 入口	medium	low	runtime_test 模式仅允许从这类入口显式启用。	可作为 runtime_test 白名单入口。
debug_or_test_entry	scripts/Main_combat.gd	_start_battle	reward	reward_pending = false	可能是测试战斗或 debug 入口	medium	low	runtime_test 模式仅允许从这类入口显式启用。	可作为 runtime_test 白名单入口。
debug_or_test_entry	scripts/Main_data.gd	_validate_game_data	reward	"_set_data_error(""奖励池引用了不存在的卡牌 %s"" % reward_card_id)"	可能是测试战斗或 debug 入口	medium	low	runtime_test 模式仅允许从这类入口显式启用。	可作为 runtime_test 白名单入口。
debug_or_test_entry	scripts/Main_foundation.gd	line:12	rewards	"""rewards"": ""res://data/rewards.json"""	可能是测试战斗或 debug 入口	medium	low	runtime_test 模式仅允许从这类入口显式启用。	可作为 runtime_test 白名单入口。
debug_or_test_entry	scripts/Main_foundation.gd	reward_options	reward	var reward_options: Array = []	可能是测试战斗或 debug 入口	medium	low	runtime_test 模式仅允许从这类入口显式启用。	可作为 runtime_test 白名单入口。
debug_or_test_entry	scripts/Main_foundation.gd	reward_pending	reward	var reward_pending := false	可能是测试战斗或 debug 入口	medium	low	runtime_test 模式仅允许从这类入口显式启用。	可作为 runtime_test 白名单入口。
debug_or_test_entry	scripts/Main_foundation.gd	reward_pool	reward	var reward_pool: Array = []	可能是测试战斗或 debug 入口	medium	low	runtime_test 模式仅允许从这类入口显式启用。	可作为 runtime_test 白名单入口。
debug_or_test_entry	scripts/Main_route.gd	_apply_order_choice	reward	var pool := reward_pool.duplicate()	可能是测试战斗或 debug 入口	medium	low	runtime_test 模式仅允许从这类入口显式启用。	可作为 runtime_test 白名单入口。
debug_or_test_entry	scripts/Main_route.gd	_resolve_school_node	reward	"actions.append({""text"": _reward_text(card_id), ""callback"": Callable(self, ""_pick_reward_from_school"").bind(card_id, node[""next""])})"	可能是测试战斗或 debug 入口	medium	low	runtime_test 模式仅允许从这类入口显式启用。	可作为 runtime_test 白名单入口。
debug_or_test_entry	scripts/Main_route.gd	_show_class_select	reward	reward_pending = false	可能是测试战斗或 debug 入口	medium	low	runtime_test 模式仅允许从这类入口显式启用。	可作为 runtime_test 白名单入口。
debug_or_test_entry	scripts/Main_runtime.gd	_on_next_pressed	reward	if reward_pending:	可能是测试战斗或 debug 入口	medium	low	runtime_test 模式仅允许从这类入口显式启用。	可作为 runtime_test 白名单入口。
debug_or_test_entry	scripts/Main_ui.gd	_intent_status_text	获得	"extras.append(""获得 %d 格挡"" % intent[""guard""])"	可能是测试战斗或 debug 入口	medium	low	runtime_test 模式仅允许从这类入口显式启用。	可作为 runtime_test 白名单入口。
debug_or_test_entry	scripts/Main_ui.gd	_refresh_hand_buttons	reward	"button.disabled = battle_over or reward_pending or _card_cost(card_id) > player[""momentum""]"	可能是测试战斗或 debug 入口	medium	low	runtime_test 模式仅允许从这类入口显式启用。	可作为 runtime_test 白名单入口。
debug_or_test_entry	scripts/battle_controller_visual_narrative_context_result.gd	_on_continue_narrative_pressed	result	"_set_battle_result_debug_text(""战斗结果：debug 强制胜利，进入结算确认"")"	可能是测试战斗或 debug 入口	medium	low	runtime_test 模式仅允许从这类入口显式启用。	可作为 runtime_test 白名单入口。
debug_or_test_entry	scripts/battle_controller_visual_narrative_context_result.gd	_update_battle_result_debug	result	"_set_battle_result_debug_text(""战斗结果：phase=%s｜player_hp=%d｜enemy_hp=%d｜未结算，可点击返回剧情"" % [str(state_machine.phase), player.hp, enemy.hp])"	可能是测试战斗或 debug 入口	medium	low	runtime_test 模式仅允许从这类入口显式启用。	可作为 runtime_test 白名单入口。
debug_or_test_entry	scripts/narrative_battle_context.gd	consume_debug_entry	clear	pending_debug_entry.clear()	可能是测试战斗或 debug 入口	medium	low	runtime_test 模式仅允许从这类入口显式启用。	可作为 runtime_test 白名单入口。
debug_or_test_entry	scripts/narrative_demo_canonical_controller.gd	CanonicalBattleRewardRuntime	reward	"const CanonicalBattleRewardRuntime := preload(""res://scripts/narrative/canonical_battle_reward_runtime.gd"")"	可能是测试战斗或 debug 入口	medium	low	runtime_test 模式仅允许从这类入口显式启用。	可作为 runtime_test 白名单入口。
debug_or_test_entry	scripts/narrative_demo_choice_combat_controller.gd	_apply_battle_growth	reward	var growth := _battle_growth_reward_for_source(source_index)	可能是测试战斗或 debug 入口	medium	low	runtime_test 模式仅允许从这类入口显式启用。	可作为 runtime_test 白名单入口。
debug_or_test_entry	scripts/narrative_demo_fragmented_controller.gd	_render_ending	结算	"status_label.text = ""单局结算"""	可能是测试战斗或 debug 入口	medium	low	runtime_test 模式仅允许从这类入口显式启用。	可作为 runtime_test 白名单入口。
debug_or_test_entry	scripts/narrative_demo_safe_controller.gd	_apply_default_map_reward	reward	_safe_runtime().apply_default_map_reward(target_index)	可能是测试战斗或 debug 入口	medium	low	runtime_test 模式仅允许从这类入口显式启用。	可作为 runtime_test 白名单入口。
debug_or_test_entry	scripts/narrative_demo_ui_focus_controller.gd	_ensure_ending_settlement_popup	settlement	func _ensure_ending_settlement_popup() -> void:	可能是测试战斗或 debug 入口	medium	low	runtime_test 模式仅允许从这类入口显式启用。	可作为 runtime_test 白名单入口。
debug_or_test_entry	scripts/narrative_demo_ui_focus_controller.gd	_render_ending	settlement	_show_ending_settlement_popup()	可能是测试战斗或 debug 入口	medium	low	runtime_test 模式仅允许从这类入口显式启用。	可作为 runtime_test 白名单入口。
debug_or_test_entry	scripts/narrative_demo_ui_focus_controller.gd	ending_settlement_confirm	settlement	var ending_settlement_confirm: Button	可能是测试战斗或 debug 入口	medium	low	runtime_test 模式仅允许从这类入口显式启用。	可作为 runtime_test 白名单入口。
debug_or_test_entry	scripts/narrative_demo_ui_focus_controller.gd	ending_settlement_layer	settlement	var ending_settlement_layer: Control	可能是测试战斗或 debug 入口	medium	low	runtime_test 模式仅允许从这类入口显式启用。	可作为 runtime_test 白名单入口。
debug_or_test_entry	scripts/narrative_demo_ui_focus_controller.gd	ending_settlement_panel	settlement	var ending_settlement_panel: PanelContainer	可能是测试战斗或 debug 入口	medium	low	runtime_test 模式仅允许从这类入口显式启用。	可作为 runtime_test 白名单入口。
debug_or_test_entry	scripts/narrative_demo_ui_focus_controller.gd	ending_settlement_text	settlement	var ending_settlement_text: RichTextLabel	可能是测试战斗或 debug 入口	medium	low	runtime_test 模式仅允许从这类入口显式启用。	可作为 runtime_test 白名单入口。
debug_or_test_entry	scripts/narrative_demo_ui_focus_tuned_controller.gd	StrategicRewardRuntime	reward	"const StrategicRewardRuntime := preload(""res://scripts/narrative/strategic_reward_runtime.gd"")"	可能是测试战斗或 debug 入口	medium	low	runtime_test 模式仅允许从这类入口显式启用。	可作为 runtime_test 白名单入口。
debug_or_test_entry	scripts/narrative_demo_ui_focus_tuned_controller.gd	_reward_runtime	reward	return _strategic_reward_runtime	可能是测试战斗或 debug 入口	medium	low	runtime_test 模式仅允许从这类入口显式启用。	可作为 runtime_test 白名单入口。
debug_or_test_entry	scripts/narrative_demo_ui_focus_tuned_controller.gd	_strategic_reward_runtime	reward	var _strategic_reward_runtime	可能是测试战斗或 debug 入口	medium	low	runtime_test 模式仅允许从这类入口显式启用。	可作为 runtime_test 白名单入口。
debug_or_test_entry	scripts/narrative_demo_ui_focus_tuned_controller.gd	line:6	reward	# Do not add new business logic here directly. New strategic, network, reward,	可能是测试战斗或 debug 入口	medium	low	runtime_test 模式仅允许从这类入口显式启用。	可作为 runtime_test 白名单入口。
debug_or_test_entry	scripts/narrative_demo_ui_focus_tuned_controller.gd	selected_strategic_card_reward	reward	"var selected_strategic_card_reward := """""	可能是测试战斗或 debug 入口	medium	low	runtime_test 模式仅允许从这类入口显式启用。	可作为 runtime_test 白名单入口。
debug_or_test_entry	scripts/safe_demo_runtime.gd	consume_battle_result_if_needed	clear	NarrativeBattleContext.clear()	可能是测试战斗或 debug 入口	medium	low	runtime_test 模式仅允许从这类入口显式启用。	可作为 runtime_test 白名单入口。
debug_or_test_entry	scripts/safe_demo_runtime.gd	consume_battle_result_if_needed	result	"elif result == ""lose"":"	可能是测试战斗或 debug 入口	medium	low	runtime_test 模式仅允许从这类入口显式启用。	可作为 runtime_test 白名单入口。
debug_or_test_entry	scripts/safe_demo_runtime.gd	consume_battle_result_if_needed	reward	apply_battle_result_reward(c.node_index)	可能是测试战斗或 debug 入口	medium	low	runtime_test 模式仅允许从这类入口显式启用。	可作为 runtime_test 白名单入口。
debug_or_test_entry	scripts/safe_demo_view.gd	render_ending	结算	"c.status_label.text = ""单局结算"""	可能是测试战斗或 debug 入口	medium	low	runtime_test 模式仅允许从这类入口显式启用。	可作为 runtime_test 白名单入口。
unknown_candidate	data/cards.json	line:106	获得	"""text"": ""获得 6 格挡。若本回合未受伤，回合结束再获得 1 势。"","	可能只是 UI 文案或无关匹配	low	low	保留观察，不作为首批接入点。	后续按上下文二次人工筛选。
unknown_candidate	data/cards.json	line:140	获得	"""text"": ""获得 4 格挡，并削敌 2 势。若处于优势距离，再削 1 势。"","	可能只是 UI 文案或无关匹配	low	low	保留观察，不作为首批接入点。	后续按上下文二次人工筛选。
unknown_candidate	data/cards.json	line:194	获得	"""text"": ""距离 +1，本回合获得 2 格挡。"","	可能只是 UI 文案或无关匹配	low	low	保留观察，不作为首批接入点。	后续按上下文二次人工筛选。
unknown_candidate	data/cards.json	line:210	获得	"""text"": ""距离 +1，若进入你的优势距离则获得 1 格挡。"","	可能只是 UI 文案或无关匹配	low	low	保留观察，不作为首批接入点。	后续按上下文二次人工筛选。
unknown_candidate	data/cards.json	line:6	获得	"""text"": ""获得 2 势并抽 1 张牌。"","	可能只是 UI 文案或无关匹配	low	low	保留观察，不作为首批接入点。	后续按上下文二次人工筛选。
unknown_candidate	data/design/generated_battle_reward_legacy_flow_report.md	line:1	reward	# Battle Reward 旧流程定位报告	可能只是 UI 文案或无关匹配	low	low	保留观察，不作为首批接入点。	后续按上下文二次人工筛选。
unknown_candidate	data/design/generated_battle_reward_legacy_flow_report.md	line:12	奖励	- 旧奖励数据源候选数：22	可能只是 UI 文案或无关匹配	low	low	保留观察，不作为首批接入点。	后续按上下文二次人工筛选。
unknown_candidate	data/design/generated_battle_reward_legacy_flow_report.md	line:13	奖励	- 奖励生成函数候选数：8	可能只是 UI 文案或无关匹配	low	low	保留观察，不作为首批接入点。	后续按上下文二次人工筛选。
unknown_candidate	data/design/generated_battle_reward_legacy_flow_report.md	line:14	战斗结算	- 战斗结算入口候选数：4	可能只是 UI 文案或无关匹配	low	low	保留观察，不作为首批接入点。	后续按上下文二次人工筛选。
unknown_candidate	data/design/generated_battle_reward_legacy_flow_report.md	line:15	奖励	- 奖励展示入口候选数：4	可能只是 UI 文案或无关匹配	low	low	保留观察，不作为首批接入点。	后续按上下文二次人工筛选。
unknown_candidate	data/design/generated_battle_reward_legacy_flow_report.md	line:16	奖励	- 奖励应用入口候选数：6	可能只是 UI 文案或无关匹配	low	low	保留观察，不作为首批接入点。	后续按上下文二次人工筛选。
unknown_candidate	data/design/generated_battle_reward_legacy_flow_report.md	line:19	奖励	- 是否存在多个奖励来源：是	可能只是 UI 文案或无关匹配	low	low	保留观察，不作为首批接入点。	后续按上下文二次人工筛选。
unknown_candidate	data/design/generated_battle_reward_legacy_flow_report.md	line:23	reward	- `scripts/narrative_demo_canonical_controller.gd`::_battle_reward_for_source：可作为 shadow 对比基线。	可能只是 UI 文案或无关匹配	low	low	保留观察，不作为首批接入点。	后续按上下文二次人工筛选。
unknown_candidate	data/design/generated_battle_reward_legacy_flow_report.tsv	line:2	settlement	"high_risk_touchpoint	data/story_battles/story_encounters.tsv	line:1	settlement	""encounter_id	display_name	player_template_id	player_deck_id	player_stat_set_id	opponent_template_id	opponent_deck_id	opponent_stat_set_id	settlement_mode	pressure_profile	intent_visibility_policy	notes""	不建议直接修改的高风险文件触点	high	high	保持只读，避免在 v1.0a 修改该文件。	主流程关键文件，当前阶段仅允许静态定位。"	可能只是 UI 文案或无关匹配	low	low	保留观察，不作为首批接入点。	后续按上下文二次人工筛选。
unknown_candidate	data/design/generated_battle_reward_legacy_flow_report.tsv	line:3	settlement	"high_risk_touchpoint	scenes/MainVisual.tscn	line:13	settlement	""settlement_mode_id = """"reactive""""""	不建议直接修改的高风险文件触点	high	high	保持只读，避免在 v1.0a 修改该文件。	主流程关键文件，当前阶段仅允许静态定位。"	可能只是 UI 文案或无关匹配	low	low	保留观察，不作为首批接入点。	后续按上下文二次人工筛选。
unknown_candidate	data/design/generated_battle_reward_legacy_flow_report.tsv	line:4	settlement	"high_risk_touchpoint	scripts/battle_state_machine.gd	set_settlement_mode	settlement	settlement_mode = value	不建议直接修改的高风险文件触点	high	high	保持只读，避免在 v1.0a 修改该文件。	主流程关键文件，当前阶段仅允许静态定位。"	可能只是 UI 文案或无关匹配	low	low	保留观察，不作为首批接入点。	后续按上下文二次人工筛选。
unknown_candidate	data/design/generated_battle_reward_legacy_flow_report.tsv	line:5	settlement	"high_risk_touchpoint	scripts/battle_state_machine.gd	set_settlement_mode_id	settlement	settlement_mode = SettlementMode.SYMMETRIC	不建议直接修改的高风险文件触点	high	high	保持只读，避免在 v1.0a 修改该文件。	主流程关键文件，当前阶段仅允许静态定位。"	可能只是 UI 文案或无关匹配	low	low	保留观察，不作为首批接入点。	后续按上下文二次人工筛选。
unknown_candidate	data/design/generated_battle_reward_legacy_flow_report.tsv	line:6	settlement	"high_risk_touchpoint	scripts/battle_state_machine.gd	settlement_mode	settlement	var settlement_mode: SettlementMode = SettlementMode.REACTIVE	不建议直接修改的高风险文件触点	high	high	保持只读，避免在 v1.0a 修改该文件。	主流程关键文件，当前阶段仅允许静态定位。"	可能只是 UI 文案或无关匹配	low	low	保留观察，不作为首批接入点。	后续按上下文二次人工筛选。
unknown_candidate	data/design/generated_battle_reward_legacy_flow_report.tsv	line:7	settlement	"high_risk_touchpoint	scripts/battle_state_machine.gd	settlement_mode_id	settlement	return MODE_REACTIVE_ID if settlement_mode == SettlementMode.REACTIVE else MODE_SYMMETRIC_ID	不建议直接修改的高风险文件触点	high	high	保持只读，避免在 v1.0a 修改该文件。	主流程关键文件，当前阶段仅允许静态定位。"	可能只是 UI 文案或无关匹配	low	low	保留观察，不作为首批接入点。	后续按上下文二次人工筛选。
unknown_candidate	data/design/generated_battle_reward_legacy_flow_report.tsv	line:8	reward	"legacy_reward_source	data/enemy_manifest.json	line:1090	reward	""""""reward"""": {""	可能是旧奖励数据源	high	medium	纳入 adapter 的 legacy 读取分支，不直接改写原源数据。	可作为 shadow 对比基线。"	可能只是 UI 文案或无关匹配	low	low	保留观察，不作为首批接入点。	后续按上下文二次人工筛选。
unknown_candidate	data/design/generated_battle_reward_legacy_flow_report.tsv	line:9	reward	"legacy_reward_source	data/enemy_manifest.json	line:226	reward	""""""reward"""": {""	可能是旧奖励数据源	high	medium	纳入 adapter 的 legacy 读取分支，不直接改写原源数据。	可作为 shadow 对比基线。"	可能只是 UI 文案或无关匹配	low	low	保留观察，不作为首批接入点。	后续按上下文二次人工筛选。
unknown_candidate	data/design/generated_battle_reward_plan.tsv	line:1	reward	"reward_plan_id	battle_slot_id	deck_id	deck_skeleton_id	archetype_id	scope	route_type	battle_type	tier	expected_player_realm	expected_lightness_level	reward_profile	martial_xp_reward	weapon_xp_reward	military_merit_reward	clean_reputation_reward	old_case_progress_reward	lightness_reward_type	lightness_cap_unlock	card_reward_pool	resource_reward_type	resource_reward_amount	risk_level	can_trigger_realm_10	can_trigger_lightness_breakthrough	can_trigger_wuzhuangyuan_route	ending_route	source_route_checkpoint	source_deck_id	notes"	可能只是 UI 文案或无关匹配	low	low	保留观察，不作为首批接入点。	后续按上下文二次人工筛选。
unknown_candidate	data/design/generated_battle_reward_plan.tsv	line:2	奖励	"rw_prologue_01	prologue_01				tutorial	common	tutorial		1	0	tutorial	3	0	0	1	0	none	none	none	heal	1	low	false	false	false	none	normal_after_wuju		序章教学奖励，不承担路线分流。"	可能只是 UI 文案或无关匹配	low	low	保留观察，不作为首批接入点。	后续按上下文二次人工筛选。
unknown_candidate	data/design/generated_battle_reward_plan.tsv	line:3	奖励	"rw_wuju_weapon_01	wuju_weapon_01				wuju_weapon	common	weapon_trial		2	0-1	weapon_trial	5	4	1	0	0	practice	cap_1	weapon_basic	supply	1	low	false	false	false	none	normal_after_wuju		兵器试长枪基础奖励。"	可能只是 UI 文案或无关匹配	low	low	保留观察，不作为首批接入点。	后续按上下文二次人工筛选。
unknown_candidate	data/design/generated_battle_reward_plan.tsv	line:4	奖励	"rw_wuju_weapon_02	wuju_weapon_02				wuju_weapon	common	weapon_trial		2-3	0-1	weapon_trial	5	4	1	0	0	practice	cap_1	weapon_basic	supply	1	low	false	false	false	none	normal_after_wuju		兵器试单刀基础奖励。"	可能只是 UI 文案或无关匹配	low	low	保留观察，不作为首批接入点。	后续按上下文二次人工筛选。
unknown_candidate	data/design/generated_battle_reward_plan.tsv	line:6	奖励	"rw_wuju_exam_02	wuju_exam_02				wuju_exam	common	exam		3	1	wuju_exam	6	2	1	0	0	practice	cap_1	weapon_common	supply	1	medium	false	false	false	none	normal_after_wuju		武举兵器考核奖励。"	可能只是 UI 文案或无关匹配	low	low	保留观察，不作为首批接入点。	后续按上下文二次人工筛选。
unknown_candidate	data/design/generated_battle_reward_plan.tsv	line:7	奖励	"rw_wuju_exam_03	wuju_exam_03				wuju_exam	common	exam		3-4	1	wuju_exam	8	3	2	0	0	practice	cap_1	weapon_uncommon	upgrade_card	1	medium	false	false	false	none	normal_after_wuju		武举对人战奖励，累计前置达到 32 xp。"	可能只是 UI 文案或无关匹配	low	low	保留观察，不作为首批接入点。	后续按上下文二次人工筛选。
unknown_candidate	data/design/generated_battle_reward_plan.tsv	line:8	奖励	"rw_big_map_normal_enemy_coastal_raider_blade_advanced	big_map_normal_pool	enemy_coastal_raider_blade_advanced	enemy_coastal_raider_blade_advanced	coastal_raider_blade	big_map_normal	common	normal	basic	4-8	1-2	normal_high	5	3	1	0	0	practice	cap_2	weapon_common	silver	30	medium	false	false	false	none	normal_after_big_map	enemy_coastal_raider_blade_advanced	普通池奖励，主用于 8-9 境成长。"	可能只是 UI 文案或无关匹配	low	low	保留观察，不作为首批接入点。	后续按上下文二次人工筛选。
unknown_candidate	data/design/generated_battle_reward_plan.tsv	line:9	奖励	"rw_big_map_normal_enemy_coastal_raider_blade_aggressive	big_map_normal_pool	enemy_coastal_raider_blade_aggressive	enemy_coastal_raider_blade_aggressive	coastal_raider_blade	big_map_normal	common	normal	basic	4-8	1-2	normal_high	5	3	1	0	0	practice	cap_2	weapon_common	silver	30	medium	false	false	false	none	normal_after_big_map	enemy_coastal_raider_blade_aggressive	普通池奖励，主用于 8-9 境成长。"	可能只是 UI 文案或无关匹配	low	low	保留观察，不作为首批接入点。	后续按上下文二次人工筛选。
unknown_candidate	data/design/generated_battle_reward_readonly_integration_probe_report.md	line:1	reward	# Battle Reward 受控只读接入试验报告	可能只是 UI 文案或无关匹配	low	low	保留观察，不作为首批接入点。	后续按上下文二次人工筛选。
unknown_candidate	data/design/generated_battle_reward_readonly_integration_probe_report.md	line:26	reward	- 本试验仅做 battle_reward 受控只读对齐验证，不接入正式奖励逻辑，不替换正式数据源。	可能只是 UI 文案或无关匹配	low	low	保留观察，不作为首批接入点。	后续按上下文二次人工筛选。
unknown_candidate	data/design/generated_battle_reward_readonly_integration_probe_report.md	line:3	reward	- 阶段：battle_reward_readonly_integration_probe	可能只是 UI 文案或无关匹配	low	low	保留观察，不作为首批接入点。	后续按上下文二次人工筛选。
unknown_candidate	data/design/generated_battle_reward_readonly_integration_probe_report.tsv	line:2	reward	"battle_reward	0	true	true	true	true	45	45	matched	matched	0	0	0	false	disabled	true	false	false	false	true	0	readonly_probe_only	low		本试验仅做 battle_reward 受控只读对齐验证，不接入正式奖励逻辑，不替换正式数据源。"	可能只是 UI 文案或无关匹配	low	low	保留观察，不作为首批接入点。	后续按上下文二次人工筛选。
unknown_candidate	data/design/generated_battle_reward_runtime_adapter_scaffold_report.md	line:1	reward	# Battle Reward Runtime Adapter Scaffold 探测报告	可能只是 UI 文案或无关匹配	low	low	保留观察，不作为首批接入点。	后续按上下文二次人工筛选。
unknown_candidate	data/design/generated_battle_reward_runtime_adapter_scaffold_report.md	line:19	reward	- selected_reward_runtime_effective: false	可能只是 UI 文案或无关匹配	low	low	保留观察，不作为首批接入点。	后续按上下文二次人工筛选。
unknown_candidate	data/design/generated_battle_reward_runtime_adapter_scaffold_report.md	line:25	reward	- v1.0b 仅 scaffold：selected_reward 固定 legacy，runtime 仅候选/对比，不接入正式主流程。	可能只是 UI 文案或无关匹配	low	low	保留观察，不作为首批接入点。	后续按上下文二次人工筛选。
unknown_candidate	data/design/generated_battle_reward_runtime_adapter_scaffold_report.md	line:8	reward	- runtime battle_reward 记录数: 45	可能只是 UI 文案或无关匹配	low	low	保留观察，不作为首批接入点。	后续按上下文二次人工筛选。
unknown_candidate	data/design/generated_battle_reward_runtime_adapter_scaffold_report.md	line:9	reward	- selected_reward 是否仍 legacy: true	可能只是 UI 文案或无关匹配	low	low	保留观察，不作为首批接入点。	后续按上下文二次人工筛选。
unknown_candidate	data/design/generated_battle_reward_runtime_adapter_scaffold_report.tsv	line:1	reward	"adapter_file_exists	adapter_class_declared	adapter_resolve_api_present	adapter_referenced_by_main_flow	dangerous_call_count	dangerous_calls	runtime_loader_config_disabled	runtime_battle_reward_exists	runtime_battle_reward_record_count	read_only	formal_data_source_replaced	combat_flow_touched	battle_state_touched	config_enabled	selected_reward_runtime_effective	selected_reward_is_legacy	runtime_only_as_candidate_or_compare	high_risk_modified_count	high_risk_modified_files	formal_reward_source_modified_count	formal_reward_source_modified_files	blocked_reason	notes"	可能只是 UI 文案或无关匹配	low	low	保留观察，不作为首批接入点。	后续按上下文二次人工筛选。
unknown_candidate	data/design/generated_battle_reward_runtime_adapter_scaffold_report.tsv	line:2	reward	"true	true	true	false	0		true	true	45	true	false	false	false	false	false	true	true	0		0			v1.0b 仅 scaffold：selected_reward 固定 legacy，runtime 仅候选/对比，不接入正式主流程。"	可能只是 UI 文案或无关匹配	low	low	保留观察，不作为首批接入点。	后续按上下文二次人工筛选。
unknown_candidate	data/design/generated_battle_reward_shadow_integration_plan_report.md	line:1	reward	# Battle Reward Shadow Integration Plan 探测报告	可能只是 UI 文案或无关匹配	low	low	保留观察，不作为首批接入点。	后续按上下文二次人工筛选。
unknown_candidate	data/design/generated_battle_reward_shadow_integration_plan_report.md	line:12	reward	| plan_phrase::legacy reward 仍然是正式奖励 | PASS | present | present | blocking |	可能只是 UI 文案或无关匹配	low	low	保留观察，不作为首批接入点。	后续按上下文二次人工筛选。
unknown_candidate	data/design/generated_battle_reward_shadow_integration_plan_report.md	line:13	reward	| plan_phrase::runtime reward 只作为 runtime_candidate | PASS | present | present | blocking |	可能只是 UI 文案或无关匹配	low	low	保留观察，不作为首批接入点。	后续按上下文二次人工筛选。
unknown_candidate	data/design/generated_battle_reward_shadow_integration_plan_report.md	line:14	reward	| plan_phrase::selected_reward 必须来自 legacy | PASS | present | present | blocking |	可能只是 UI 文案或无关匹配	low	low	保留观察，不作为首批接入点。	后续按上下文二次人工筛选。
unknown_candidate	data/design/generated_battle_reward_shadow_integration_plan_report.md	line:15	reward	| plan_phrase::runtime_reward_effective=false | PASS | present | present | blocking |	可能只是 UI 文案或无关匹配	low	low	保留观察，不作为首批接入点。	后续按上下文二次人工筛选。
unknown_candidate	data/design/generated_battle_reward_shadow_integration_plan_report.md	line:19	奖励	| plan_phrase::不替换正式奖励源 | PASS | present | present | blocking |	可能只是 UI 文案或无关匹配	low	low	保留观察，不作为首批接入点。	后续按上下文二次人工筛选。
unknown_candidate	data/design/generated_battle_reward_shadow_integration_plan_report.md	line:21	reward	| preferred_entry_recorded | PASS | scripts/narrative_demo_canonical_controller.gd::_battle_reward_for_source | present | blocking |	可能只是 UI 文案或无关匹配	low	low	保留观察，不作为首批接入点。	后续按上下文二次人工筛选。
unknown_candidate	data/design/generated_battle_reward_shadow_integration_plan_report.md	line:27	reward	| battle_reward_runtime_exists | PASS | true | true | blocking |	可能只是 UI 文案或无关匹配	low	low	保留观察，不作为首批接入点。	后续按上下文二次人工筛选。
unknown_candidate	data/design/generated_battle_reward_shadow_integration_plan_report.tsv	line:12	奖励	"plan_phrase::不替换正式奖励源	PASS	present	present	文档应包含关键短语：不替换正式奖励源	blocking"	可能只是 UI 文案或无关匹配	low	low	保留观察，不作为首批接入点。	后续按上下文二次人工筛选。
unknown_candidate	data/design/generated_battle_reward_shadow_integration_plan_report.tsv	line:14	reward	"preferred_entry_recorded	PASS	scripts/narrative_demo_canonical_controller.gd::_battle_reward_for_source	present	应明确记录首选最小接入点。	blocking"	可能只是 UI 文案或无关匹配	low	low	保留观察，不作为首批接入点。	后续按上下文二次人工筛选。
unknown_candidate	data/design/generated_battle_reward_shadow_integration_plan_report.tsv	line:20	reward	"battle_reward_runtime_exists	PASS	true	true	runtime battle_reward.json 必须存在。	blocking"	可能只是 UI 文案或无关匹配	low	low	保留观察，不作为首批接入点。	后续按上下文二次人工筛选。
unknown_candidate	data/design/generated_battle_reward_shadow_integration_plan_report.tsv	line:21	reward	"battle_reward_runtime_record_count	PASS	45	45	runtime battle_reward 记录数应为 45。	blocking"	可能只是 UI 文案或无关匹配	low	low	保留观察，不作为首批接入点。	后续按上下文二次人工筛选。
unknown_candidate	data/design/generated_battle_reward_shadow_integration_plan_report.tsv	line:5	reward	"plan_phrase::legacy reward 仍然是正式奖励	PASS	present	present	文档应包含关键短语：legacy reward 仍然是正式奖励	blocking"	可能只是 UI 文案或无关匹配	low	low	保留观察，不作为首批接入点。	后续按上下文二次人工筛选。
unknown_candidate	data/design/generated_battle_reward_shadow_integration_plan_report.tsv	line:6	reward	"plan_phrase::runtime reward 只作为 runtime_candidate	PASS	present	present	文档应包含关键短语：runtime reward 只作为 runtime_candidate	blocking"	可能只是 UI 文案或无关匹配	low	low	保留观察，不作为首批接入点。	后续按上下文二次人工筛选。
unknown_candidate	data/design/generated_battle_reward_shadow_integration_plan_report.tsv	line:7	reward	"plan_phrase::selected_reward 必须来自 legacy	PASS	present	present	文档应包含关键短语：selected_reward 必须来自 legacy	blocking"	可能只是 UI 文案或无关匹配	low	low	保留观察，不作为首批接入点。	后续按上下文二次人工筛选。
unknown_candidate	data/design/generated_battle_reward_shadow_integration_plan_report.tsv	line:8	reward	"plan_phrase::runtime_reward_effective=false	PASS	present	present	文档应包含关键短语：runtime_reward_effective=false	blocking"	可能只是 UI 文案或无关匹配	low	low	保留观察，不作为首批接入点。	后续按上下文二次人工筛选。
unknown_candidate	data/design/generated_content_engine_lite_check_report.md	line:21	reward	| 1 | lite_export_battle_reward | 0 | PASS | 102 |  |	可能只是 UI 文案或无关匹配	low	low	保留观察，不作为首批接入点。	后续按上下文二次人工筛选。
unknown_candidate	data/design/generated_content_engine_lite_check_report.md	line:24	reward	| 4 | battle_reward_runtime_adapter_scaffold_probe | 0 | PASS | 99 |  |	可能只是 UI 文案或无关匹配	low	low	保留观察，不作为首批接入点。	后续按上下文二次人工筛选。
unknown_candidate	data/design/generated_content_engine_lite_check_report.md	line:25	reward	| 5 | battle_reward_runtime_adapter_scaffold_validator | 0 | PASS | 56 |  |	可能只是 UI 文案或无关匹配	low	low	保留观察，不作为首批接入点。	后续按上下文二次人工筛选。
unknown_candidate	data/design/generated_content_engine_lite_check_report.md	line:26	reward	| 6 | battle_reward_shadow_integration_plan_probe | 0 | PASS | 104 |  |	可能只是 UI 文案或无关匹配	low	low	保留观察，不作为首批接入点。	后续按上下文二次人工筛选。
unknown_candidate	data/design/generated_content_engine_lite_check_report.md	line:27	reward	| 7 | battle_reward_shadow_integration_plan_validator | 0 | PASS | 57 |  |	可能只是 UI 文案或无关匹配	low	low	保留观察，不作为首批接入点。	后续按上下文二次人工筛选。
unknown_candidate	data/design/generated_content_engine_lite_check_report.md	line:4	reward	- battle_reward record_count: 45	可能只是 UI 文案或无关匹配	low	low	保留观察，不作为首批接入点。	后续按上下文二次人工筛选。
unknown_candidate	data/design/generated_content_engine_lite_check_report.md	line:5	reward	- battle_reward Godot record_count: 45	可能只是 UI 文案或无关匹配	low	low	保留观察，不作为首批接入点。	后续按上下文二次人工筛选。
unknown_candidate	data/design/generated_content_engine_lite_check_report.md	line:6	reward	- runtime 目录文件列表: battle_reward.json, card_pool.json, runtime_loader_config.json, runtime_manifest.json	可能只是 UI 文案或无关匹配	low	low	保留观察，不作为首批接入点。	后续按上下文二次人工筛选。
unknown_candidate	data/design/generated_content_engine_lite_check_report.tsv	line:2	reward	"1	lite_export_battle_reward	python3 tools/content_engine/content_engine_export.py --domain battle_reward --write	0	PASS	102		none"	可能只是 UI 文案或无关匹配	low	low	保留观察，不作为首批接入点。	后续按上下文二次人工筛选。
unknown_candidate	data/design/generated_content_engine_lite_check_report.tsv	line:5	reward	"4	battle_reward_runtime_adapter_scaffold_probe	python3 tools/content_engine/battle_reward_runtime_adapter_scaffold_probe.py	0	PASS	99		none"	可能只是 UI 文案或无关匹配	low	low	保留观察，不作为首批接入点。	后续按上下文二次人工筛选。
unknown_candidate	data/design/generated_content_engine_lite_check_report.tsv	line:6	reward	"5	battle_reward_runtime_adapter_scaffold_validator	python3 tools/content_engine/battle_reward_runtime_adapter_scaffold_validator.py	0	PASS	56		none"	可能只是 UI 文案或无关匹配	low	low	保留观察，不作为首批接入点。	后续按上下文二次人工筛选。
unknown_candidate	data/design/generated_content_engine_lite_check_report.tsv	line:7	reward	"6	battle_reward_shadow_integration_plan_probe	python3 tools/content_engine/battle_reward_shadow_integration_plan_probe.py	0	PASS	104		none"	可能只是 UI 文案或无关匹配	low	low	保留观察，不作为首批接入点。	后续按上下文二次人工筛选。
unknown_candidate	data/design/generated_content_engine_lite_check_report.tsv	line:8	reward	"7	battle_reward_shadow_integration_plan_validator	python3 tools/content_engine/battle_reward_shadow_integration_plan_validator.py	0	PASS	57		none"	可能只是 UI 文案或无关匹配	low	low	保留观察，不作为首批接入点。	后续按上下文二次人工筛选。
unknown_candidate	data/design/generated_content_engine_regression_report.tsv	line:2	reward	"1	compile	py_compile	python3 -m py_compile tools/content_engine/runtime_export_dry_run.py tools/content_engine/runtime_export_dry_run_validator.py tools/content_engine/runtime_export_approval_overlay.py tools/content_engine/runtime_export_approval_validator.py tools/content_engine/runtime_export_diff_report.py tools/content_engine/runtime_export_diff_report_validator.py tools/content_engine/runtime_exporter.py tools/content_engine/runtime_exporter_validator.py tools/content_engine/runtime_export_manifest.py tools/content_engine/runtime_export_manifest_validator.py tools/content_engine/runtime_loader_preflight.py tools/content_engine/runtime_loader_preflight_validator.py tools/content_engine/runtime_loader_scaffold_probe.py tools/content_engine/runtime_loader_scaffold_validator.py tools/content_engine/runtime_loader_godot_probe.py tools/content_engine/runtime_loader_godot_probe_validator.py tools/content_engine/runtime_loader_negative_fixture_builder.py tools/content_engine/runtime_loader_negative_fixture_probe.py tools/content_engine/runtime_loader_negative_fixture_validator.py tools/content_engine/battle_reward_runtime_adapter_scaffold_probe.py tools/content_engine/battle_reward_runtime_adapter_scaffold_validator.py	0	PASS	96			true	none	none"	可能只是 UI 文案或无关匹配	low	low	保留观察，不作为首批接入点。	后续按上下文二次人工筛选。
unknown_candidate	data/design/generated_content_engine_regression_report.tsv	line:43	reward	"10	preview	preview_formal_runtime_sha_unchanged	<internal-check>	0	PASS	1			true	none	baseline={'card_pool.json': 'e437f39674b288702686baf6e8a257a9bc105b5cde235ffe36997f880b70a645', 'battle_reward.json': '49e8b8816ecdaccf035558e321d8202f60b98b115637b5824eb17096cf5b6b2a', 'runtime_manifest.json': '0f05798478c057c1c486853ede3b59494a19a12cb3811182e20eabd42de326f3', 'runtime_loader_config.json': 'd26d369fe2d9a5c8d6a95fc720e1c3f16f36ea9cca5018e52d6ab04759fdf1fa'} current={'card_pool.json': 'e437f39674b288702686baf6e8a257a9bc105b5cde235ffe36997f880b70a645', 'battle_reward.json': '49e8b8816ecdaccf035558e321d8202f60b98b115637b5824eb17096cf5b6b2a', 'runtime_manifest.json': '0f05798478c057c1c486853ede3b59494a19a12cb3811182e20eabd42de326f3', 'runtime_loader_config.json': 'd26d369fe2d9a5c8d6a95fc720e1c3f16f36ea9cca5018e52d6ab04759fdf1fa'}"	可能只是 UI 文案或无关匹配	low	low	保留观察，不作为首批接入点。	后续按上下文二次人工筛选。
unknown_candidate	data/design/generated_content_engine_regression_report.tsv	line:44	reward	"11	preview	preview_runtime_dir_allowed_only	<internal-check>	0	PASS	1			true	none	runtime_files=['battle_reward.json', 'card_pool.json', 'runtime_loader_config.json', 'runtime_manifest.json']"	可能只是 UI 文案或无关匹配	low	low	保留观察，不作为首批接入点。	后续按上下文二次人工筛选。
unknown_candidate	data/design/generated_content_engine_regression_report.tsv	line:45	reward	"12	adapter_scaffold	battle_reward_runtime_adapter_scaffold_probe	python3 tools/content_engine/battle_reward_runtime_adapter_scaffold_probe.py	0	PASS	116	Wrote data/design/generated_battle_reward_runtime_adapter_scaffold_report.tsv and data/design/generated_battle_reward_runtime_adapter_scaffold_report.md.		true	none	none"	可能只是 UI 文案或无关匹配	low	low	保留观察，不作为首批接入点。	后续按上下文二次人工筛选。
unknown_candidate	data/design/generated_content_engine_regression_report.tsv	line:46	reward	"13	adapter_scaffold	battle_reward_runtime_adapter_scaffold_validator	python3 tools/content_engine/battle_reward_runtime_adapter_scaffold_validator.py	0	PASS	60	""PASS: runtime 目录白名单校验通过"	可能只是 UI 文案或无关匹配	low	low	保留观察，不作为首批接入点。	后续按上下文二次人工筛选。
unknown_candidate	data/design/generated_content_engine_regression_report.tsv	line:58	reward	FAIL: runtime directory must contain exactly allowlisted files: expected=['battle_reward.json', 'card_pool.json'], actual=['battle_reward.json', 'card_pool.json', 'runtime_loader_config.json', 'runtime_manifest.json']	可能只是 UI 文案或无关匹配	low	low	保留观察，不作为首批接入点。	后续按上下文二次人工筛选。
unknown_candidate	data/design/generated_content_engine_regression_report.tsv	line:64	reward	PASS: manifest lists exactly card_pool.json and battle_reward.json.	可能只是 UI 文案或无关匹配	low	low	保留观察，不作为首批接入点。	后续按上下文二次人工筛选。
unknown_candidate	data/design/generated_content_engine_regression_report.tsv	line:70	reward	PASS: manifest lists exactly card_pool.json and battle_reward.json.	可能只是 UI 文案或无关匹配	low	low	保留观察，不作为首批接入点。	后续按上下文二次人工筛选。
unknown_candidate	data/design/generated_content_package_approval.tsv	line:11	reward	"approval_generated_battle_reward_plan	v0.6d	generated_battle_reward_plan	data/design/generated_battle_reward_plan.tsv	reward_plan	v0.5a	PASS	0	0	pending_review	false	true	validator_pass_but_runtime_schema_not_defined	medium	future_runtime	runtime_exporter_not_implemented,runtime_schema_not_defined,needs_manual_review,approval_not_granted	manual_review_required,define_runtime_schema,add_runtime_export_mapping,approve_before_v0_7		59c4e869ed80bd2aa757dc3279077194564c38a2a1b0120de75e5b1c6ece69ab	data/design/validator_logs/battle_reward_validator.log	Design-layer artifact only; runtime export still requires explicit approval gate and exporter implementation."	可能只是 UI 文案或无关匹配	low	low	保留观察，不作为首批接入点。	后续按上下文二次人工筛选。
unknown_candidate	data/design/generated_content_package_approval_report.md	line:33	reward	| generated_battle_reward_plan | PASS | pending_review | medium | false | manual_review_required, define_runtime_schema, add_runtime_export_mapping, approve_before_v0_7 |	可能只是 UI 文案或无关匹配	low	low	保留观察，不作为首批接入点。	后续按上下文二次人工筛选。
unknown_candidate	data/design/generated_content_package_manifest.tsv	line:11	reward	"content_package_manifest_v0_6a	v0.6a	generated_battle_reward_plan	reward_plan	data/design/generated_battle_reward_plan.tsv	v0.5a	tools/content_engine/battle_reward_generator.py	tools/content_engine/battle_reward_validator.py	data/design/generated_battle_slot_plan.tsv,data/design/generated_enemy_deck_skeleton.tsv,data/design/generated_enemy_deck_sets.tsv,data/design/generated_enemy_archetype_pool.tsv,data/design/generated_route_progression_curve.tsv,data/design/progression_numeric_config_v1_3.tsv	generated_battle_slot_plan,generated_enemy_deck_skeleton,generated_enemy_deck_sets,generated_enemy_archetype_pool,generated_route_progression_curve,progression_numeric_config_v1_3	45	59c4e869ed80bd2aa757dc3279077194564c38a2a1b0120de75e5b1c6ece69ab	NOT_RUN	0	0	false	future_runtime	runtime_exporter_not_implemented,runtime_schema_not_defined,needs_manual_review	Design-layer battle reward plan with route and reward traces for later export/reporting."	可能只是 UI 文案或无关匹配	low	low	保留观察，不作为首批接入点。	后续按上下文二次人工筛选。
unknown_candidate	data/design/generated_content_package_manifest.tsv	line:12	reward	"content_package_manifest_v0_6a	v0.6a	generated_operation_node_plan	generated_table	data/design/generated_operation_node_plan.tsv	v0.5b	tools/content_engine/operation_node_generator.py	tools/content_engine/operation_node_validator.py	data/design/generated_operation_node_requirement.tsv,data/design/generated_battle_reward_plan.tsv,data/design/generated_route_progression_curve.tsv,data/design/progression_numeric_config_v1_3.tsv	generated_operation_node_requirement,generated_battle_reward_plan,generated_route_progression_curve,progression_numeric_config_v1_3	10	e70a280d8c9bc5c94028fed77b06b08d3746faa7536bec94f634784121fd7f09	NOT_RUN	0	0	false	future_runtime	runtime_exporter_not_implemented,runtime_schema_not_defined,needs_manual_review	Design-layer operation node instances and route tags only."	可能只是 UI 文案或无关匹配	low	low	保留观察，不作为首批接入点。	后续按上下文二次人工筛选。
unknown_candidate	data/design/generated_content_package_manifest.tsv	line:13	reward	"content_package_manifest_v0_6a	v0.6a	generated_narrative_node_plan	narrative_plan	data/design/generated_narrative_node_plan.tsv	v0.5c	tools/content_engine/narrative_node_generator.py	tools/content_engine/narrative_node_validator.py	data/design/generated_operation_node_plan.tsv,data/design/generated_battle_reward_plan.tsv,data/design/generated_route_progression_curve.tsv,data/design/generated_battle_slot_plan.tsv	generated_operation_node_plan,generated_battle_reward_plan,generated_route_progression_curve,generated_battle_slot_plan	28	ddb8637d21f9f7765ea75083981f7e06105de3601e7170c1453f68357ca16f61	NOT_RUN	0	0	false	future_runtime	runtime_exporter_not_implemented,runtime_schema_not_defined,needs_manual_review	Narrative skeleton plan only; no prose body generation and no runtime narrative export."	可能只是 UI 文案或无关匹配	low	low	保留观察，不作为首批接入点。	后续按上下文二次人工筛选。
unknown_candidate	data/design/generated_content_package_manifest.tsv	line:14	reward	"content_package_manifest_v0_6a	v0.6a	generated_route_gate_plan	route_gate_plan	data/design/generated_route_gate_plan.tsv	v0.5d	tools/content_engine/route_gate_generator.py	tools/content_engine/route_gate_validator.py	data/design/generated_battle_reward_plan.tsv,data/design/generated_operation_node_plan.tsv,data/design/generated_narrative_node_plan.tsv,data/design/generated_route_progression_curve.tsv,data/design/progression_numeric_config_v1_3.tsv	generated_battle_reward_plan,generated_operation_node_plan,generated_narrative_node_plan,generated_route_progression_curve,progression_numeric_config_v1_3	9	7b6927b6830fdcc29bb6fc83b359d698001f30198d79e3dbcf94b3f4c8ad5bbb	NOT_RUN	0	0	false	future_runtime	runtime_exporter_not_implemented,runtime_schema_not_defined,needs_manual_review	Design-layer route gate aggregation only; runtime route gate export remains blocked."	可能只是 UI 文案或无关匹配	low	low	保留观察，不作为首批接入点。	后续按上下文二次人工筛选。
unknown_candidate	data/design/generated_content_package_report.md	line:112	reward	- generated_battle_reward_plan: validator_status=NOT_RUN, type=reward_plan, export_scope=future_runtime	可能只是 UI 文案或无关匹配	low	low	保留观察，不作为首批接入点。	后续按上下文二次人工筛选。
unknown_candidate	data/design/generated_content_package_report.md	line:30	reward	| generated_battle_reward_plan | reward_plan | v0.5a | 45 | NOT_RUN | false | future_runtime |	可能只是 UI 文案或无关匹配	low	low	保留观察，不作为首批接入点。	后续按上下文二次人工筛选。
unknown_candidate	data/design/generated_content_package_report.md	line:55	reward	- generated_battle_reward_plan	可能只是 UI 文案或无关匹配	low	low	保留观察，不作为首批接入点。	后续按上下文二次人工筛选。
unknown_candidate	data/design/generated_content_package_report.md	line:58	reward	- depends on: generated_operation_node_requirement, generated_battle_reward_plan, generated_route_progression_curve, progression_numeric_config_v1_3	可能只是 UI 文案或无关匹配	low	low	保留观察，不作为首批接入点。	后续按上下文二次人工筛选。
unknown_candidate	data/design/generated_content_package_report.md	line:60	reward	- depends on: generated_operation_node_plan, generated_battle_reward_plan, generated_route_progression_curve, generated_battle_slot_plan	可能只是 UI 文案或无关匹配	low	low	保留观察，不作为首批接入点。	后续按上下文二次人工筛选。
unknown_candidate	data/design/generated_content_package_report.md	line:62	reward	- depends on: generated_battle_reward_plan, generated_operation_node_plan, generated_narrative_node_plan, generated_route_progression_curve, progression_numeric_config_v1_3	可能只是 UI 文案或无关匹配	low	low	保留观察，不作为首批接入点。	后续按上下文二次人工筛选。
unknown_candidate	data/design/generated_content_package_report.md	line:95	reward	| generated_battle_reward_plan | future_runtime | runtime_exporter_not_implemented, runtime_schema_not_defined, needs_manual_review |	可能只是 UI 文案或无关匹配	low	low	保留观察，不作为首批接入点。	后续按上下文二次人工筛选。
unknown_candidate	data/design/generated_enemy_deck_skeleton.tsv	line:1	reward	"deck_skeleton_id	archetype_id	scope	route_type	battle_type	tier	variant_index	deck_variant_role	weapon_style	expected_player_realm	complexity_level	target_card_count	attack_card_count	guard_card_count	movement_card_count	posture_break_card_count	tempo_card_count	combo_card_count	special_card_count	preferred_distance_min	preferred_distance_max	tactic_role_ratio	required_card_tags	forbidden_card_tags	ai_behavior_hint	reward_pressure_level	source_archetype_id	source_requirement_id	notes"	可能只是 UI 文案或无关匹配	low	low	保留观察，不作为首批接入点。	后续按上下文二次人工筛选。
unknown_candidate	data/design/generated_narrative_node_plan.tsv	line:1	reward	"narrative_node_id	source_type	source_id	scope	route_type	stage	trigger_stage	node_kind	narrative_role	route_affinity	risk_level	hook_tags	route_gate_tags	old_case_tags	military_merit_tags	clean_reputation_tags	lightness_tags	wuzhuangyuan_tags	expected_player_realm	expected_lightness_level	required_flags	optional_flags	blocked_by_flags	preview_key	result_key	choice_count	choice_profile	effect_profile	should_write_body	body_style	line_budget	source_operation_node_id	source_reward_plan_id	notes"	可能只是 UI 文案或无关匹配	low	low	保留观察，不作为首批接入点。	后续按上下文二次人工筛选。
unknown_candidate	data/design/generated_narrative_node_plan.tsv	line:12	reward	"nar_battle_rw_big_map_normal_enemy_corrupt_patrolman_advanced	battle_reward	rw_big_map_normal_enemy_corrupt_patrolman_advanced	big_map_normal	common	big_map	big_map	old_case_clue	clue	common	medium	old_case	old_case_progress	old_case,old_case_progress	none	none	none	none	4-8	1-2	none	none	none	preview.battle.rw_big_map_normal_enemy_corrupt_patrolman_advanced	result.battle.rw_big_map_normal_enemy_corrupt_patrolman_advanced	1	single_continue	clue_progress_mark	false	none	0		rw_big_map_normal_enemy_corrupt_patrolman_advanced	v0.5c battle skeleton from rw_big_map_normal_enemy_corrupt_patrolman_advanced."	可能只是 UI 文案或无关匹配	low	low	保留观察，不作为首批接入点。	后续按上下文二次人工筛选。
unknown_candidate	data/design/generated_narrative_node_plan.tsv	line:13	reward	"nar_battle_rw_big_map_normal_enemy_corrupt_patrolman_basic	battle_reward	rw_big_map_normal_enemy_corrupt_patrolman_basic	big_map_normal	common	big_map	big_map	old_case_clue	clue	common	low	old_case	old_case_progress	old_case,old_case_progress	none	none	none	none	4-8	1-2	none	none	none	preview.battle.rw_big_map_normal_enemy_corrupt_patrolman_basic	result.battle.rw_big_map_normal_enemy_corrupt_patrolman_basic	1	single_continue	clue_progress_mark	false	none	0		rw_big_map_normal_enemy_corrupt_patrolman_basic	v0.5c battle skeleton from rw_big_map_normal_enemy_corrupt_patrolman_basic."	可能只是 UI 文案或无关匹配	low	low	保留观察，不作为首批接入点。	后续按上下文二次人工筛选。
unknown_candidate	data/design/generated_narrative_node_plan.tsv	line:14	reward	"nar_battle_rw_big_map_elite_enemy_elite_military_officer_elite_basic	battle_reward	rw_big_map_elite_enemy_elite_military_officer_elite_basic	big_map_elite	common	big_map	big_map	old_case_clue	clue	mixed	high	old_case,military_gate,wuzhuangyuan_offer,elite_pressure	old_case_progress,high_military_merit,realm_10_candidate,wuzhuangyuan_candidate	old_case,old_case_progress	military_gate,high_military_merit	none	none	wuzhuangyuan_offer,wuzhuangyuan_candidate	7-10	1-2	martial_realm_10,high_military_merit	realm_10_candidate,key_evidence	low_military_merit	preview.battle.rw_big_map_elite_enemy_elite_military_officer_elite_basic	result.battle.rw_big_map_elite_enemy_elite_military_officer_elite_basic	1	single_continue	clue_progress_mark	false	none	0		rw_big_map_elite_enemy_elite_military_officer_elite_basic	v0.5c battle skeleton from rw_big_map_elite_enemy_elite_military_officer_elite_basic."	可能只是 UI 文案或无关匹配	low	low	保留观察，不作为首批接入点。	后续按上下文二次人工筛选。
unknown_candidate	data/design/generated_narrative_node_plan.tsv	line:15	reward	"nar_battle_rw_big_map_elite_enemy_elite_spear_instructor_elite_advanced	battle_reward	rw_big_map_elite_enemy_elite_spear_instructor_elite_advanced	big_map_elite	common	big_map	big_map	battle_hook	choice	mixed	high	military_gate,wuzhuangyuan_offer,elite_pressure	high_military_merit,realm_10_candidate,wuzhuangyuan_candidate	none	military_gate,high_military_merit	none	none	wuzhuangyuan_offer,wuzhuangyuan_candidate	7-10	1-2	martial_realm_10,high_military_merit	realm_10_candidate	low_military_merit	preview.battle.rw_big_map_elite_enemy_elite_spear_instructor_elite_advanced	result.battle.rw_big_map_elite_enemy_elite_spear_instructor_elite_advanced	1	single_continue	battle_outcome_mark	false	none	0		rw_big_map_elite_enemy_elite_spear_instructor_elite_advanced	v0.5c battle skeleton from rw_big_map_elite_enemy_elite_spear_instructor_elite_advanced."	可能只是 UI 文案或无关匹配	low	low	保留观察，不作为首批接入点。	后续按上下文二次人工筛选。
unknown_candidate	data/design/generated_narrative_node_plan.tsv	line:16	reward	"nar_battle_rw_big_map_elite_enemy_elite_spear_instructor_elite_basic	battle_reward	rw_big_map_elite_enemy_elite_spear_instructor_elite_basic	big_map_elite	common	big_map	big_map	battle_hook	choice	mixed	high	military_gate,wuzhuangyuan_offer,elite_pressure	high_military_merit,realm_10_candidate,wuzhuangyuan_candidate	none	military_gate,high_military_merit	none	none	wuzhuangyuan_offer,wuzhuangyuan_candidate	7-10	1-2	martial_realm_10,high_military_merit	realm_10_candidate	low_military_merit	preview.battle.rw_big_map_elite_enemy_elite_spear_instructor_elite_basic	result.battle.rw_big_map_elite_enemy_elite_spear_instructor_elite_basic	1	single_continue	battle_outcome_mark	false	none	0		rw_big_map_elite_enemy_elite_spear_instructor_elite_basic	v0.5c battle skeleton from rw_big_map_elite_enemy_elite_spear_instructor_elite_basic."	可能只是 UI 文案或无关匹配	low	low	保留观察，不作为首批接入点。	后续按上下文二次人工筛选。
unknown_candidate	data/design/generated_narrative_node_plan.tsv	line:17	reward	"nar_battle_rw_boss_boss_normal_boss_old_case_officer_phase_1	battle_reward	rw_boss_boss_normal_boss_old_case_officer_phase_1	boss_normal	normal	ending_normal	ending_normal	old_case_clue	clue	normal	boss	old_case,military_gate,boss_prepare	old_case_progress,high_military_merit	old_case,old_case_progress	military_gate,high_military_merit	none	none	none	8-9	1-2	none	none	none	preview.battle.rw_boss_boss_normal_boss_old_case_officer_phase_1	result.battle.rw_boss_boss_normal_boss_old_case_officer_phase_1	1	single_continue	clue_progress_mark	false	none	0		rw_boss_boss_normal_boss_old_case_officer_phase_1	v0.5c battle skeleton from rw_boss_boss_normal_boss_old_case_officer_phase_1."	可能只是 UI 文案或无关匹配	low	low	保留观察，不作为首批接入点。	后续按上下文二次人工筛选。
unknown_candidate	data/design/generated_narrative_node_plan.tsv	line:18	reward	"nar_battle_rw_boss_boss_true_boss_gatekeeper_phase_1	battle_reward	rw_boss_boss_true_boss_gatekeeper_phase_1	boss_true	true_route	ending_true	ending_true	ending_hint	ending_bridge	true_route	boss	old_case,military_gate,lightness_encounter,boss_prepare,true_boss_hint	old_case_progress,high_military_merit,realm_10_candidate,true_route_candidate,lightness_cap_3	old_case,old_case_progress,true_route_candidate	military_gate,high_military_merit	clean_reputation_shift	lightness_encounter,lightness_cap_3,cap_3	none	9-10	2-3	old_case_progress,true_route_candidate	realm_9_or_10,realm_10_candidate,clean_reputation_high,lightness_3,key_evidence	old_case_failed	preview.battle.rw_boss_boss_true_boss_gatekeeper_phase_1	result.battle.rw_boss_boss_true_boss_gatekeeper_phase_1	2	short_choice	ending_bridge_mark	false	none	0		rw_boss_boss_true_boss_gatekeeper_phase_1	v0.5c battle skeleton from rw_boss_boss_true_boss_gatekeeper_phase_1."	可能只是 UI 文案或无关匹配	low	low	保留观察，不作为首批接入点。	后续按上下文二次人工筛选。
unknown_candidate	data/design/generated_operation_node_plan.tsv	line:1	reward	"operation_node_id	scope	route_type	stage	node_type	node_subtype	node_index	availability_window	expected_player_realm	expected_lightness_level	operation_role	primary_function	secondary_function	resource_cost_type	resource_cost_amount	resource_reward_type	resource_reward_amount	martial_xp_reward	weapon_xp_reward	military_merit_reward	clean_reputation_reward	old_case_progress_reward	lightness_reward_type	lightness_cap_unlock	card_service_type	card_reward_pool	risk_level	can_prepare_boss	can_trigger_lightness_breakthrough	can_trigger_wuzhuangyuan_route	can_support_true_ending	narrative_hook_tags	route_gate_tags	notes"	可能只是 UI 文案或无关匹配	low	low	保留观察，不作为首批接入点。	后续按上下文二次人工筛选。
unknown_candidate	data/design/generated_route_gate_plan.tsv	line:1	reward	"route_gate_id	route_id	route_type	ending_route	gate_stage	gate_kind	priority	required_flags	optional_flags	blocked_by_flags	required_martial_realm_min	required_military_merit_level	required_clean_reputation_level	required_old_case_progress_level	required_lightness_level	required_elite_battle_count	required_boss_clear	source_battle_reward_ids	source_operation_node_ids	source_narrative_node_ids	source_route_gate_tags	unlock_result	fallback_route	is_hard_gate	is_player_choice	risk_level	notes"	可能只是 UI 文案或无关匹配	low	low	保留观察，不作为首批接入点。	后续按上下文二次人工筛选。
unknown_candidate	data/design/generated_route_progression_curve.tsv	line:9	获得	"wuzhuangyuan	wuzhuangyuan_after_exam	26	185	204	226	10	10	10	2	3	4	TRUE	TRUE	TRUE	回京考试 5 战后获得武状元特殊结局。"	可能只是 UI 文案或无关匹配	low	low	保留观察，不作为首批接入点。	后续按上下文二次人工筛选。
unknown_candidate	data/design/generated_runtime_battle_reward_compare_report.md	line:1	reward	# Runtime Battle Reward 对比报告	可能只是 UI 文案或无关匹配	low	low	保留观察，不作为首批接入点。	后续按上下文二次人工筛选。
unknown_candidate	data/design/generated_runtime_battle_reward_compare_report.md	line:15	reward	| battle_reward | generated_battle_reward_plan | 45 | 30 | found | data/design/generated_battle_reward_plan.tsv | 45 | 30 | true |	可能只是 UI 文案或无关匹配	low	low	保留观察，不作为首批接入点。	后续按上下文二次人工筛选。
unknown_candidate	data/design/generated_runtime_battle_reward_compare_report.md	line:3	reward	- 阶段：v0.9b battle_reward 单域只读对比	可能只是 UI 文案或无关匹配	low	low	保留观察，不作为首批接入点。	后续按上下文二次人工筛选。
unknown_candidate	data/design/generated_runtime_battle_reward_compare_report.md	line:4	reward	- runtime_domain: battle_reward	可能只是 UI 文案或无关匹配	low	low	保留观察，不作为首批接入点。	后续按上下文二次人工筛选。
unknown_candidate	data/design/generated_runtime_battle_reward_compare_report.tsv	line:2	reward	"battle_reward	generated_battle_reward_plan	data/runtime/content_engine/battle_reward.json	true	45	30	found	data/design/generated_battle_reward_plan.tsv	45	30	runtime_vs_legacy	true	matched	matched	matched	0	0	0	true	false	hydrated_compare_only	low		v0.9b 仅做对比报告，不替换奖励逻辑，不接入主流程。"	可能只是 UI 文案或无关匹配	low	low	保留观察，不作为首批接入点。	后续按上下文二次人工筛选。
unknown_candidate	data/design/generated_runtime_battle_reward_godot_compare_report.md	line:1	reward	# Runtime Battle Reward Godot 对比报告	可能只是 UI 文案或无关匹配	low	low	保留观察，不作为首批接入点。	后续按上下文二次人工筛选。
unknown_candidate	data/design/generated_runtime_battle_reward_godot_compare_report.md	line:15	reward	| battle_reward | 45 | 45 | 45 | 30 | 30 | matched | matched | 0 | 0 |	可能只是 UI 文案或无关匹配	low	low	保留观察，不作为首批接入点。	后续按上下文二次人工筛选。
unknown_candidate	data/design/generated_runtime_battle_reward_godot_compare_report.md	line:29	reward	- v0.9d 仅做 battle_reward Godot 只读探针对比，不接入正式奖励逻辑，不替换正式数据源。 Python compare integration_status=hydrated_compare_only。	可能只是 UI 文案或无关匹配	low	low	保留观察，不作为首批接入点。	后续按上下文二次人工筛选。
unknown_candidate	data/design/generated_runtime_battle_reward_godot_compare_report.md	line:3	reward	- 阶段：v0.9d battle_reward read-only Godot compare/probe	可能只是 UI 文案或无关匹配	low	low	保留观察，不作为首批接入点。	后续按上下文二次人工筛选。
unknown_candidate	data/design/generated_runtime_battle_reward_godot_compare_report.md	line:4	reward	- runtime_domain: battle_reward	可能只是 UI 文案或无关匹配	low	low	保留观察，不作为首批接入点。	后续按上下文二次人工筛选。
unknown_candidate	data/design/generated_runtime_battle_reward_godot_compare_report.tsv	line:2	reward	"battle_reward	0	true	true	true	true	45	45	45	30	30	matched	matched	0	0	0	true	true	false	godot_compare_only	false	disabled	0	low		v0.9d 仅做 battle_reward Godot 只读探针对比，不接入正式奖励逻辑，不替换正式数据源。 Python compare integration_status=hydrated_compare_only。"	可能只是 UI 文案或无关匹配	low	low	保留观察，不作为首批接入点。	后续按上下文二次人工筛选。
unknown_candidate	data/design/generated_runtime_battle_reward_hydration_report.md	line:1	reward	# Runtime Battle Reward Hydration 报告	可能只是 UI 文案或无关匹配	low	low	保留观察，不作为首批接入点。	后续按上下文二次人工筛选。
unknown_candidate	data/design/generated_runtime_battle_reward_hydration_report.md	line:10	reward	- 输入源：`data/design/generated_battle_reward_plan.tsv`、`data/runtime/content_engine/battle_reward.json`、`data/runtime/content_engine/runtime_manifest.json`	可能只是 UI 文案或无关匹配	low	low	保留观察，不作为首批接入点。	后续按上下文二次人工筛选。
unknown_candidate	data/design/generated_runtime_battle_reward_hydration_report.md	line:11	reward	- 输出文件：`data/runtime/content_engine/battle_reward.json`、`data/runtime/content_engine/runtime_manifest.json`、`data/design/generated_runtime_battle_reward_hydration_report.tsv`、`data/design/generated_runtime_battle_reward_hydration_report.md`	可能只是 UI 文案或无关匹配	low	low	保留观察，不作为首批接入点。	后续按上下文二次人工筛选。
unknown_candidate	data/design/generated_runtime_battle_reward_hydration_report.md	line:35	reward	- 建议 v0.9d 再推进 battle_reward read-only Godot compare/probe，在 gate 约束下验证运行时读取行为。	可能只是 UI 文案或无关匹配	low	low	保留观察，不作为首批接入点。	后续按上下文二次人工筛选。
unknown_candidate	data/design/generated_runtime_battle_reward_hydration_report.md	line:5	reward	- 本次目标是将 `battle_reward.json` 从空 scaffold 水合为来自 `generated_battle_reward_plan.tsv` 的真实 records。	可能只是 UI 文案或无关匹配	low	low	保留观察，不作为首批接入点。	后续按上下文二次人工筛选。
unknown_candidate	data/design/generated_runtime_battle_reward_hydration_report.md	line:6	奖励	- 本阶段仍不接入正式奖励逻辑，不替换主流程数据源。	可能只是 UI 文案或无关匹配	low	low	保留观察，不作为首批接入点。	后续按上下文二次人工筛选。
unknown_candidate	data/design/generated_runtime_battle_reward_hydration_report.tsv	line:2	reward	"battle_reward	data/design/generated_battle_reward_plan.tsv	data/runtime/content_engine/battle_reward.json	45	45	30	30	45	30	75cf5f5d651876ef4b7a95c51360f7abf2913f454e889044e6a291647ece62f6	75cf5f5d651876ef4b7a95c51360f7abf2913f454e889044e6a291647ece62f6	true	true	true	true	false	hydrated_not_integrated		v0.9c 仅做 battle_reward runtime hydration，不接入战斗奖励逻辑与主流程；manifest_changed=true"	可能只是 UI 文案或无关匹配	low	low	保留观察，不作为首批接入点。	后续按上下文二次人工筛选。
unknown_candidate	data/design/generated_runtime_export_approval_overlay.md	line:16	reward	| battle_reward | battle_rewards.json | true | false |  |	可能只是 UI 文案或无关匹配	low	low	保留观察，不作为首批接入点。	后续按上下文二次人工筛选。
unknown_candidate	data/design/generated_runtime_export_approval_overlay.md	line:27	reward	| battle_reward | battle_rewards.json | generated_battle_reward_plan |	可能只是 UI 文案或无关匹配	low	low	保留观察，不作为首批接入点。	后续按上下文二次人工筛选。
unknown_candidate	data/design/generated_runtime_export_approval_overlay.tsv	line:4	reward	"overlay_battle_reward	dry_run_battle_reward	battle_reward	battle_rewards.json	data/runtime/content_engine/battle_rewards.json	generated_battle_reward_plan	1	1	true	false		generated_battle_reward_plan			Reward profile fields remain design-layer until runtime reward schema is implemented."	可能只是 UI 文案或无关匹配	low	low	保留观察，不作为首批接入点。	后续按上下文二次人工筛选。
unknown_candidate	data/design/generated_runtime_export_approval_overlay.tsv	line:5	reward	"overlay_operation_node	dry_run_operation_node	operation_node	operation_nodes.json	data/runtime/content_engine/operation_nodes.json	generated_operation_node_plan	1	1	false	true	approval_status_not_approved,approved_for_export_not_true,not_manually_approved		generated_operation_node_plan		Operation nodes require runtime mapping for cost/reward executors before export is possible."	可能只是 UI 文案或无关匹配	low	low	保留观察，不作为首批接入点。	后续按上下文二次人工筛选。
unknown_candidate	data/design/generated_runtime_export_diff_report.md	line:16	reward	| battle_reward | generated_battle_reward_plan | true | data/runtime/content_engine/battle_reward.json | planned_create | new_runtime_file_planned |	可能只是 UI 文案或无关匹配	low	low	保留观察，不作为首批接入点。	后续按上下文二次人工筛选。
unknown_candidate	data/design/generated_runtime_export_diff_report.md	line:27	reward	| battle_reward | generated_battle_reward_plan | data/runtime/content_engine/battle_reward.json |	可能只是 UI 文案或无关匹配	low	low	保留观察，不作为首批接入点。	后续按上下文二次人工筛选。
unknown_candidate	data/design/generated_runtime_export_diff_report.tsv	line:4	reward	"battle_reward	generated_battle_reward_plan	true	data/runtime/content_engine/battle_reward.json	planned_create	data/design/generated_battle_reward_plan.tsv	0	0	6afc401b075e5da7db58fe9f869e74438451368dbea4c686fcae9222b3985775	cf6ffc4e9ad078df51fc26e5b84746aeae3edd429cff92ceae0f48e79c4059bb	low	new_runtime_file_planned		Reward profile fields remain design-layer until runtime reward schema is implemented."	可能只是 UI 文案或无关匹配	low	low	保留观察，不作为首批接入点。	后续按上下文二次人工筛选。
unknown_candidate	data/design/generated_runtime_export_diff_report.tsv	line:5	reward	"operation_node	generated_operation_node_plan	false	data/runtime/content_engine/operation_node.json	blocked	data/design/generated_operation_node_plan.tsv	0	0	e48be8d8d2d09b7046aa56388e73f18dd039d0582f3675c604083a40cf0ca6f4	466a0469f5789de27fb652da99873f164e8207ed41896ce881bf84c6d68afb1f	medium	blocked	approval_status_not_approved,approved_for_export_not_true,not_manually_approved	Operation nodes require runtime mapping for cost/reward executors before export is possible."	可能只是 UI 文案或无关匹配	low	low	保留观察，不作为首批接入点。	后续按上下文二次人工筛选。
unknown_candidate	data/design/generated_runtime_export_dry_run.md	line:15	reward	| battle_reward | battle_rewards.json | data/runtime/content_engine/battle_rewards.json | false | true | approval_not_granted,approved_for_export_false,export_allowed_now_false,runtime_exporter_not_implemented |	可能只是 UI 文案或无关匹配	low	low	保留观察，不作为首批接入点。	后续按上下文二次人工筛选。
unknown_candidate	data/design/generated_runtime_export_dry_run.md	line:31	reward	| battle_reward | battle_rewards.json | approval_not_granted,approved_for_export_false,export_allowed_now_false,runtime_exporter_not_implemented |	可能只是 UI 文案或无关匹配	low	low	保留观察，不作为首批接入点。	后续按上下文二次人工筛选。
unknown_candidate	data/design/generated_runtime_export_dry_run.tsv	line:4	reward	"dry_run_battle_reward	battle_reward	battle_rewards.json	data/runtime/content_engine/battle_rewards.json	generated_battle_reward_plan	approved	PASS	false	FAIL	PASS	NOT_REQUIRED	PASS	false	false	true	approval_not_granted,approved_for_export_false,export_allowed_now_false,runtime_exporter_not_implemented	schema_battle_reward_runtime	approval_generated_battle_reward_plan	battle_reward_validator	Reward profile fields remain design-layer until runtime reward schema is implemented."	可能只是 UI 文案或无关匹配	low	low	保留观察，不作为首批接入点。	后续按上下文二次人工筛选。
unknown_candidate	data/design/generated_runtime_export_dry_run.tsv	line:5	reward	"dry_run_operation_node	operation_node	operation_nodes.json	data/runtime/content_engine/operation_nodes.json	generated_operation_node_plan	approved	PASS	false	FAIL	PASS	NOT_REQUIRED	PASS	false	false	true	approval_not_granted,approved_for_export_false,export_allowed_now_false,runtime_exporter_not_implemented	schema_operation_node_runtime	approval_generated_operation_node_plan	operation_node_validator	Operation nodes require runtime mapping for cost/reward executors before export is possible."	可能只是 UI 文案或无关匹配	low	low	保留观察，不作为首批接入点。	后续按上下文二次人工筛选。
unknown_candidate	data/design/generated_runtime_export_manifest_report.md	line:11	reward	| battle_reward | generated_battle_reward_plan | data/runtime/content_engine/battle_reward.json | true | 656 | registered |  |	可能只是 UI 文案或无关匹配	low	low	保留观察，不作为首批接入点。	后续按上下文二次人工筛选。
unknown_candidate	data/design/generated_runtime_export_manifest_report.tsv	line:2	reward	"battle_reward	generated_battle_reward_plan	data/runtime/content_engine/battle_reward.json	true	656	fb91e037bd578d2cfc9f1ac790a87267a1476075b5b672668252e42356bd07d5	6afc401b075e5da7db58fe9f869e74438451368dbea4c686fcae9222b3985775	cf6ffc4e9ad078df51fc26e5b84746aeae3edd429cff92ceae0f48e79c4059bb	0	0	registered		Reward profile fields remain design-layer until runtime reward schema is implemented."	可能只是 UI 文案或无关匹配	low	low	保留观察，不作为首批接入点。	后续按上下文二次人工筛选。
unknown_candidate	data/design/generated_runtime_export_rollback_report.md	line:12	reward	- data/runtime/content_engine/battle_reward.json	可能只是 UI 文案或无关匹配	low	low	保留观察，不作为首批接入点。	后续按上下文二次人工筛选。
unknown_candidate	data/design/generated_runtime_export_rollback_report.md	line:5	reward	- data/runtime/content_engine/battle_reward.json	可能只是 UI 文案或无关匹配	low	low	保留观察，不作为首批接入点。	后续按上下文二次人工筛选。
unknown_candidate	data/design/generated_runtime_exporter_plan.md	line:19	reward	| battle_reward | generated_battle_reward_plan | planned_create | true | written |  |	可能只是 UI 文案或无关匹配	low	low	保留观察，不作为首批接入点。	后续按上下文二次人工筛选。
unknown_candidate	data/design/generated_runtime_exporter_plan.md	line:29	reward	- Guarded write allowlist: card_pool.json, battle_reward.json.	可能只是 UI 文案或无关匹配	low	low	保留观察，不作为首批接入点。	后续按上下文二次人工筛选。
unknown_candidate	data/design/generated_runtime_exporter_plan.tsv	line:4	reward	"battle_reward	generated_battle_reward_plan	data/design/generated_battle_reward_plan.tsv	data/runtime/content_engine/battle_reward.json	guarded_write	planned_create	new_runtime_file_planned	0	0	6afc401b075e5da7db58fe9f869e74438451368dbea4c686fcae9222b3985775	cf6ffc4e9ad078df51fc26e5b84746aeae3edd429cff92ceae0f48e79c4059bb	true	true	written		Reward profile fields remain design-layer until runtime reward schema is implemented."	可能只是 UI 文案或无关匹配	low	low	保留观察，不作为首批接入点。	后续按上下文二次人工筛选。
unknown_candidate	data/design/generated_runtime_exporter_plan.tsv	line:5	reward	"operation_node	generated_operation_node_plan	data/design/generated_operation_node_plan.tsv	data/runtime/content_engine/operation_node.json	guarded_write	blocked	blocked	0	0	e48be8d8d2d09b7046aa56388e73f18dd039d0582f3675c604083a40cf0ca6f4	466a0469f5789de27fb652da99873f164e8207ed41896ce881bf84c6d68afb1f	true	false	blocked	approval_status_not_approved,approved_for_export_not_true,not_manually_approved	Operation nodes require runtime mapping for cost/reward executors before export is possible."	可能只是 UI 文案或无关匹配	low	low	保留观察，不作为首批接入点。	后续按上下文二次人工筛选。
unknown_candidate	data/design/generated_runtime_exporter_write_result.md	line:15	reward	| battle_reward | generated_battle_reward_plan | true | written | 656 |  |	可能只是 UI 文案或无关匹配	low	low	保留观察，不作为首批接入点。	后续按上下文二次人工筛选。
unknown_candidate	data/design/generated_runtime_exporter_write_result.tsv	line:4	reward	"battle_reward	generated_battle_reward_plan	data/runtime/content_engine/battle_reward.json	true	true	true	true	written	656	6afc401b075e5da7db58fe9f869e74438451368dbea4c686fcae9222b3985775	cf6ffc4e9ad078df51fc26e5b84746aeae3edd429cff92ceae0f48e79c4059bb		Reward profile fields remain design-layer until runtime reward schema is implemented."	可能只是 UI 文案或无关匹配	low	low	保留观察，不作为首批接入点。	后续按上下文二次人工筛选。
unknown_candidate	data/design/generated_runtime_exporter_write_result.tsv	line:5	reward	"operation_node	generated_operation_node_plan	data/runtime/content_engine/operation_node.json	true	true	true	false	blocked		e48be8d8d2d09b7046aa56388e73f18dd039d0582f3675c604083a40cf0ca6f4	466a0469f5789de27fb652da99873f164e8207ed41896ce881bf84c6d68afb1f	approval_status_not_approved,approved_for_export_not_true,not_manually_approved	Operation nodes require runtime mapping for cost/reward executors before export is possible."	可能只是 UI 文案或无关匹配	low	low	保留观察，不作为首批接入点。	后续按上下文二次人工筛选。
unknown_candidate	data/design/generated_runtime_loader_godot_probe_report.md	line:6	reward	- loaded_domains: battle_reward,card_pool	可能只是 UI 文案或无关匹配	low	low	保留观察，不作为首批接入点。	后续按上下文二次人工筛选。
unknown_candidate	data/design/generated_runtime_loader_godot_probe_report.tsv	line:2	reward	"tools/content_engine/content_engine_loader_probe.gd	scripts/content_engine_runtime_loader.gd	0	true	true	true	true	2	battle_reward,card_pool	0	true	true	true	false	not_integrated		v0.8f probe is headless-only and not integrated into main battle flow."	可能只是 UI 文案或无关匹配	low	low	保留观察，不作为首批接入点。	后续按上下文二次人工筛选。
unknown_candidate	data/design/generated_runtime_loader_preflight_report.md	line:12	reward	| battle_reward | generated_battle_reward_plan | registered | ok | matched | matched | matched | blocked | fallback_to_existing_design_data | false | extra_runtime_files:runtime_loader_config.json |	可能只是 UI 文案或无关匹配	low	low	保留观察，不作为首批接入点。	后续按上下文二次人工筛选。
unknown_candidate	data/design/generated_runtime_loader_preflight_report.tsv	line:2	reward	"battle_reward	generated_battle_reward_plan	data/runtime/content_engine/battle_reward.json	registered	ok	matched	matched	matched	blocked	blocked	fallback_to_existing_design_data	fallback_to_existing_reward_design_source	future_touchpoint_only:scripts/card_data.gd,scripts/battle_state_machine.gd,scripts/combat_resolver.gd	medium	false	extra_runtime_files:runtime_loader_config.json	v0.8d preflight blocked; use fallback and keep existing design/runtime sources."	可能只是 UI 文案或无关匹配	low	low	保留观察，不作为首批接入点。	后续按上下文二次人工筛选。
unknown_candidate	data/design/generated_runtime_loader_scaffold_report.tsv	line:2	reward	"scripts/content_engine_runtime_loader.gd	data/runtime/content_engine/runtime_manifest.json	card_pool.json,battle_reward.json,runtime_manifest.json,runtime_loader_config.json	true	true	true	false	0	not_integrated	4	true	low		v0.8e scaffold is read-only and not integrated into main battle flow."	可能只是 UI 文案或无关匹配	low	low	保留观察，不作为首批接入点。	后续按上下文二次人工筛选。
unknown_candidate	data/design/generated_runtime_schema_proposal.md	line:14	reward	| battle_rewards.json | battle_reward | data/runtime/content_engine/battle_rewards.json | generated_battle_reward_plan | false |	可能只是 UI 文案或无关匹配	low	low	保留观察，不作为首批接入点。	后续按上下文二次人工筛选。
unknown_candidate	data/design/generated_runtime_schema_proposal.tsv	line:12	reward	"schema_battle_reward_runtime	battle_reward	battle_rewards.json	data/runtime/content_engine/battle_rewards.json	generated_battle_reward_plan	approved	PASS	false	false	blocked_by_approval	reward_plan_id	string	true		reward_plan_id	copy	non_empty,unique	Reward profile fields remain design-layer until runtime reward schema is implemented."	可能只是 UI 文案或无关匹配	low	low	保留观察，不作为首批接入点。	后续按上下文二次人工筛选。
unknown_candidate	data/design/generated_runtime_schema_proposal.tsv	line:13	reward	"schema_battle_reward_runtime	battle_reward	battle_rewards.json	data/runtime/content_engine/battle_rewards.json	generated_battle_reward_plan	approved	PASS	false	false	blocked_by_approval	battle_slot_id	string	true		battle_slot_id	copy	non_empty	Reward profile fields remain design-layer until runtime reward schema is implemented."	可能只是 UI 文案或无关匹配	low	low	保留观察，不作为首批接入点。	后续按上下文二次人工筛选。
unknown_candidate	data/design/generated_runtime_schema_proposal.tsv	line:14	reward	"schema_battle_reward_runtime	battle_reward	battle_rewards.json	data/runtime/content_engine/battle_rewards.json	generated_battle_reward_plan	approved	PASS	false	false	blocked_by_approval	deck_id	string	false		deck_id	copy	non_empty	Reward profile fields remain design-layer until runtime reward schema is implemented."	可能只是 UI 文案或无关匹配	low	low	保留观察，不作为首批接入点。	后续按上下文二次人工筛选。
unknown_candidate	data/design/generated_runtime_schema_proposal.tsv	line:15	reward	"schema_battle_reward_runtime	battle_reward	battle_rewards.json	data/runtime/content_engine/battle_rewards.json	generated_battle_reward_plan	approved	PASS	false	false	blocked_by_approval	martial_xp_reward	int	true	0	martial_xp_reward	parse_int	pass_validator_required	Reward profile fields remain design-layer until runtime reward schema is implemented."	可能只是 UI 文案或无关匹配	low	low	保留观察，不作为首批接入点。	后续按上下文二次人工筛选。
unknown_candidate	data/design/generated_runtime_schema_proposal.tsv	line:16	reward	"schema_battle_reward_runtime	battle_reward	battle_rewards.json	data/runtime/content_engine/battle_rewards.json	generated_battle_reward_plan	approved	PASS	false	false	blocked_by_approval	route_triggers	array<string>	false	[]	can_trigger_true_ending,can_trigger_wuzhuangyuan	split_csv_tags	non_empty	Reward profile fields remain design-layer until runtime reward schema is implemented."	可能只是 UI 文案或无关匹配	low	low	保留观察，不作为首批接入点。	后续按上下文二次人工筛选。
unknown_candidate	data/design/generated_runtime_schema_proposal.tsv	line:17	reward	"schema_operation_node_runtime	operation_node	operation_nodes.json	data/runtime/content_engine/operation_nodes.json	generated_operation_node_plan	approved	PASS	false	false	blocked_by_approval	operation_node_id	string	true		operation_node_id	copy	non_empty,unique	Operation nodes require runtime mapping for cost/reward executors before export is possible."	可能只是 UI 文案或无关匹配	low	low	保留观察，不作为首批接入点。	后续按上下文二次人工筛选。
unknown_candidate	data/design/generated_runtime_schema_proposal.tsv	line:18	reward	"schema_operation_node_runtime	operation_node	operation_nodes.json	data/runtime/content_engine/operation_nodes.json	generated_operation_node_plan	approved	PASS	false	false	blocked_by_approval	stage	string	true		stage	copy	non_empty	Operation nodes require runtime mapping for cost/reward executors before export is possible."	可能只是 UI 文案或无关匹配	low	low	保留观察，不作为首批接入点。	后续按上下文二次人工筛选。
unknown_candidate	data/design/generated_runtime_schema_proposal.tsv	line:19	reward	"schema_operation_node_runtime	operation_node	operation_nodes.json	data/runtime/content_engine/operation_nodes.json	generated_operation_node_plan	approved	PASS	false	false	blocked_by_approval	node_type	string	true		node_type	copy	non_empty	Operation nodes require runtime mapping for cost/reward executors before export is possible."	可能只是 UI 文案或无关匹配	low	low	保留观察，不作为首批接入点。	后续按上下文二次人工筛选。
unknown_candidate	data/design/generated_validator_summary.md	line:19	reward	| battle_reward_validator | v0.5a | generated_battle_reward_plan | PASS | 0 | 0 | 64 |	可能只是 UI 文案或无关匹配	low	low	保留观察，不作为首批接入点。	后续按上下文二次人工筛选。
unknown_candidate	data/design/generated_validator_summary.tsv	line:7	reward	"battle_reward_validator	v0.5a	tools/content_engine/battle_reward_validator.py	generated_battle_reward_plan	data/design/generated_battle_reward_plan.tsv	PASS	0	0	0	64	RESULT: PASS	data/design/validator_logs/battle_reward_validator.log"	可能只是 UI 文案或无关匹配	low	low	保留观察，不作为首批接入点。	后续按上下文二次人工筛选。
unknown_candidate	data/design/progression_numeric_config_v1_3.tsv	line:32	奖励	"max_consecutive_with_elite_battles	node_mix_rule	big_map	all	big_map	连续含精英战斗上限	2	2	2	battle	int		TRUE	十八、战斗与经营混排规则	精英战后必须出现经营 / 休整 / 奖励节点候选"	可能只是 UI 文案或无关匹配	low	low	保留观察，不作为首批接入点。	后续按上下文二次人工筛选。
unknown_candidate	data/design/progression_numeric_config_v1_3.tsv	line:61	reward	"reward_prologue_martial_xp	martial_reward	global	all	prologue	序章 martial_xp 奖励	3	3	3	martial_xp	int		TRUE	九、武道十境成长 / 十、武道成长曲线测算	少量武道，不给轻功突破"	可能只是 UI 文案或无关匹配	low	low	保留观察，不作为首批接入点。	后续按上下文二次人工筛选。
unknown_candidate	data/design/progression_numeric_config_v1_3.tsv	line:62	reward	"reward_wuju_weapon_trial_martial_xp	martial_reward	global	all	wuju_weapon_trial	武举兵器试 martial_xp 单场奖励	5	5	5	martial_xp	int		TRUE	九、武道十境成长 / 十、武道成长曲线测算	2 场兵器试"	可能只是 UI 文案或无关匹配	low	low	保留观察，不作为首批接入点。	后续按上下文二次人工筛选。
unknown_candidate	data/design/progression_numeric_config_v1_3.tsv	line:63	reward	"reward_wuju_exam_1_martial_xp	martial_reward	global	all	wuju_exam_1	武举一试 martial_xp 奖励	5	5	5	martial_xp	int		TRUE	九、武道十境成长 / 十、武道成长曲线测算	步法 / 距离"	可能只是 UI 文案或无关匹配	low	low	保留观察，不作为首批接入点。	后续按上下文二次人工筛选。
unknown_candidate	data/design/progression_numeric_config_v1_3.tsv	line:64	reward	"reward_wuju_exam_2_martial_xp	martial_reward	global	all	wuju_exam_2	武举二试 martial_xp 奖励	6	6	6	martial_xp	int		TRUE	九、武道十境成长 / 十、武道成长曲线测算	兵器 / 招式"	可能只是 UI 文案或无关匹配	low	low	保留观察，不作为首批接入点。	后续按上下文二次人工筛选。
unknown_candidate	data/design/progression_numeric_config_v1_3.tsv	line:65	reward	"reward_wuju_exam_3_martial_xp	martial_reward	global	all	wuju_exam_3	武举三试 martial_xp 奖励	8	8	8	martial_xp	int		TRUE	九、武道十境成长 / 十、武道成长曲线测算	对人战"	可能只是 UI 文案或无关匹配	low	low	保留观察，不作为首批接入点。	后续按上下文二次人工筛选。
unknown_candidate	data/design/progression_numeric_config_v1_3.tsv	line:66	reward	"reward_big_map_normal_martial_xp	martial_reward	big_map	all	normal_battle	大地图普通战 martial_xp 单场奖励	5	5	5	martial_xp	int		TRUE	九、武道十境成长 / 十、武道成长曲线测算	普通战斗基准收益"	可能只是 UI 文案或无关匹配	low	low	保留观察，不作为首批接入点。	后续按上下文二次人工筛选。
unknown_candidate	data/design/progression_numeric_config_v1_3.tsv	line:9	获得	"flow_wuzhuangyuan_exam_battles	flow_count	ending	wuzhuangyuan	wuzhuangyuan_exam	武状元回京考试战斗数	5	5	5	battle	int		FALSE	二、完整战斗数量规划	走完获得武状元特殊结局"	可能只是 UI 文案或无关匹配	low	low	保留观察，不作为首批接入点。	后续按上下文二次人工筛选。
unknown_candidate	data/design/runtime_export_approval.tsv	line:6	reward	"battle_reward	generated_battle_reward_plan	PASS	approved	true		none	content_owner	2026-05-07T12:05:00+08:00	Low-risk sample approved for overlay candidate."	可能只是 UI 文案或无关匹配	low	low	保留观察，不作为首批接入点。	后续按上下文二次人工筛选。
unknown_candidate	data/design/runtime_loader_negative_fixtures/checksum_mismatch/battle_reward.json	line:2	reward	"""runtime_domain"": ""battle_reward"","	可能只是 UI 文案或无关匹配	low	low	保留观察，不作为首批接入点。	后续按上下文二次人工筛选。
unknown_candidate	data/design/runtime_loader_negative_fixtures/checksum_mismatch/battle_reward.json	line:3	reward	"""artifact_id"": ""generated_battle_reward_plan"","	可能只是 UI 文案或无关匹配	low	low	保留观察，不作为首批接入点。	后续按上下文二次人工筛选。
unknown_candidate	data/design/runtime_loader_negative_fixtures/checksum_mismatch/battle_reward.json	line:5	reward	"""source_design_path"": ""data/design/generated_battle_reward_plan.tsv"","	可能只是 UI 文案或无关匹配	low	low	保留观察，不作为首批接入点。	后续按上下文二次人工筛选。
unknown_candidate	data/design/runtime_loader_negative_fixtures/checksum_mismatch/runtime_manifest.json	line:13	reward	"""runtime_domain"": ""battle_reward"","	可能只是 UI 文案或无关匹配	low	low	保留观察，不作为首批接入点。	后续按上下文二次人工筛选。
unknown_candidate	data/design/runtime_loader_negative_fixtures/checksum_mismatch/runtime_manifest.json	line:14	reward	"""artifact_id"": ""generated_battle_reward_plan"","	可能只是 UI 文案或无关匹配	low	low	保留观察，不作为首批接入点。	后续按上下文二次人工筛选。
unknown_candidate	data/design/runtime_loader_negative_fixtures/checksum_mismatch/runtime_manifest.json	line:15	reward	"""runtime_path"": ""data/runtime/content_engine/battle_reward.json"","	可能只是 UI 文案或无关匹配	low	low	保留观察，不作为首批接入点。	后续按上下文二次人工筛选。
unknown_candidate	data/design/runtime_loader_negative_fixtures/checksum_mismatch/runtime_manifest.json	line:16	reward	"""file_name"": ""battle_reward.json"","	可能只是 UI 文案或无关匹配	low	low	保留观察，不作为首批接入点。	后续按上下文二次人工筛选。
unknown_candidate	data/design/runtime_loader_negative_fixtures/checksum_mismatch/runtime_manifest.json	line:25	reward	"""source_design_path"": ""data/design/generated_battle_reward_plan.tsv"""	可能只是 UI 文案或无关匹配	low	low	保留观察，不作为首批接入点。	后续按上下文二次人工筛选。
unknown_candidate	data/design/runtime_loader_negative_fixtures/checksum_mismatch/runtime_manifest.json	line:8	reward	"""battle_reward.json"","	可能只是 UI 文案或无关匹配	low	low	保留观察，不作为首批接入点。	后续按上下文二次人工筛选。
unknown_candidate	data/design/runtime_loader_negative_fixtures/content_fingerprint_mismatch/battle_reward.json	line:2	reward	"""runtime_domain"": ""battle_reward"","	可能只是 UI 文案或无关匹配	low	low	保留观察，不作为首批接入点。	后续按上下文二次人工筛选。
unknown_candidate	data/design/runtime_loader_negative_fixtures/content_fingerprint_mismatch/battle_reward.json	line:3	reward	"""artifact_id"": ""generated_battle_reward_plan"","	可能只是 UI 文案或无关匹配	low	low	保留观察，不作为首批接入点。	后续按上下文二次人工筛选。
unknown_candidate	data/design/runtime_loader_negative_fixtures/content_fingerprint_mismatch/battle_reward.json	line:5	reward	"""source_design_path"": ""data/design/generated_battle_reward_plan.tsv"","	可能只是 UI 文案或无关匹配	low	low	保留观察，不作为首批接入点。	后续按上下文二次人工筛选。
unknown_candidate	data/design/runtime_loader_negative_fixtures/content_fingerprint_mismatch/runtime_manifest.json	line:13	reward	"""runtime_domain"": ""battle_reward"","	可能只是 UI 文案或无关匹配	low	low	保留观察，不作为首批接入点。	后续按上下文二次人工筛选。
unknown_candidate	data/design/runtime_loader_negative_fixtures/content_fingerprint_mismatch/runtime_manifest.json	line:14	reward	"""artifact_id"": ""generated_battle_reward_plan"","	可能只是 UI 文案或无关匹配	low	low	保留观察，不作为首批接入点。	后续按上下文二次人工筛选。
unknown_candidate	data/design/runtime_loader_negative_fixtures/content_fingerprint_mismatch/runtime_manifest.json	line:15	reward	"""runtime_path"": ""data/runtime/content_engine/battle_reward.json"","	可能只是 UI 文案或无关匹配	low	low	保留观察，不作为首批接入点。	后续按上下文二次人工筛选。
unknown_candidate	data/design/runtime_loader_negative_fixtures/content_fingerprint_mismatch/runtime_manifest.json	line:16	reward	"""file_name"": ""battle_reward.json"","	可能只是 UI 文案或无关匹配	low	low	保留观察，不作为首批接入点。	后续按上下文二次人工筛选。
unknown_candidate	data/design/runtime_loader_negative_fixtures/content_fingerprint_mismatch/runtime_manifest.json	line:25	reward	"""source_design_path"": ""data/design/generated_battle_reward_plan.tsv"""	可能只是 UI 文案或无关匹配	low	low	保留观察，不作为首批接入点。	后续按上下文二次人工筛选。
unknown_candidate	data/design/runtime_loader_negative_fixtures/content_fingerprint_mismatch/runtime_manifest.json	line:8	reward	"""battle_reward.json"","	可能只是 UI 文案或无关匹配	low	low	保留观察，不作为首批接入点。	后续按上下文二次人工筛选。
unknown_candidate	data/design/runtime_loader_negative_fixtures/domain_mismatch/battle_reward.json	line:2	reward	"""runtime_domain"": ""battle_reward"","	可能只是 UI 文案或无关匹配	low	low	保留观察，不作为首批接入点。	后续按上下文二次人工筛选。
unknown_candidate	data/design/runtime_loader_negative_fixtures/domain_mismatch/battle_reward.json	line:3	reward	"""artifact_id"": ""generated_battle_reward_plan"","	可能只是 UI 文案或无关匹配	low	low	保留观察，不作为首批接入点。	后续按上下文二次人工筛选。
unknown_candidate	data/design/runtime_loader_negative_fixtures/domain_mismatch/battle_reward.json	line:5	reward	"""source_design_path"": ""data/design/generated_battle_reward_plan.tsv"","	可能只是 UI 文案或无关匹配	low	low	保留观察，不作为首批接入点。	后续按上下文二次人工筛选。
unknown_candidate	data/design/runtime_loader_negative_fixtures/domain_mismatch/runtime_manifest.json	line:13	reward	"""runtime_domain"": ""battle_reward"","	可能只是 UI 文案或无关匹配	low	low	保留观察，不作为首批接入点。	后续按上下文二次人工筛选。
unknown_candidate	data/design/runtime_loader_negative_fixtures/domain_mismatch/runtime_manifest.json	line:14	reward	"""artifact_id"": ""generated_battle_reward_plan"","	可能只是 UI 文案或无关匹配	low	low	保留观察，不作为首批接入点。	后续按上下文二次人工筛选。
unknown_candidate	data/design/runtime_loader_negative_fixtures/domain_mismatch/runtime_manifest.json	line:15	reward	"""runtime_path"": ""data/runtime/content_engine/battle_reward.json"","	可能只是 UI 文案或无关匹配	low	low	保留观察，不作为首批接入点。	后续按上下文二次人工筛选。
unknown_candidate	data/design/runtime_loader_negative_fixtures/domain_mismatch/runtime_manifest.json	line:16	reward	"""file_name"": ""battle_reward.json"","	可能只是 UI 文案或无关匹配	low	low	保留观察，不作为首批接入点。	后续按上下文二次人工筛选。
unknown_candidate	data/design/runtime_loader_negative_fixtures/domain_mismatch/runtime_manifest.json	line:25	reward	"""source_design_path"": ""data/design/generated_battle_reward_plan.tsv"""	可能只是 UI 文案或无关匹配	low	low	保留观察，不作为首批接入点。	后续按上下文二次人工筛选。
unknown_candidate	data/design/runtime_loader_negative_fixtures/domain_mismatch/runtime_manifest.json	line:8	reward	"""battle_reward.json"","	可能只是 UI 文案或无关匹配	low	low	保留观察，不作为首批接入点。	后续按上下文二次人工筛选。
unknown_candidate	data/design/runtime_loader_negative_fixtures/extra_runtime_file_present/battle_reward.json	line:2	reward	"""runtime_domain"": ""battle_reward"","	可能只是 UI 文案或无关匹配	low	low	保留观察，不作为首批接入点。	后续按上下文二次人工筛选。
unknown_candidate	data/design/runtime_loader_negative_fixtures/extra_runtime_file_present/battle_reward.json	line:3	reward	"""artifact_id"": ""generated_battle_reward_plan"","	可能只是 UI 文案或无关匹配	low	low	保留观察，不作为首批接入点。	后续按上下文二次人工筛选。
unknown_candidate	data/design/runtime_loader_negative_fixtures/extra_runtime_file_present/battle_reward.json	line:5	reward	"""source_design_path"": ""data/design/generated_battle_reward_plan.tsv"","	可能只是 UI 文案或无关匹配	low	low	保留观察，不作为首批接入点。	后续按上下文二次人工筛选。
unknown_candidate	data/design/runtime_loader_negative_fixtures/extra_runtime_file_present/runtime_manifest.json	line:13	reward	"""runtime_domain"": ""battle_reward"","	可能只是 UI 文案或无关匹配	low	low	保留观察，不作为首批接入点。	后续按上下文二次人工筛选。
unknown_candidate	data/design/runtime_loader_negative_fixtures/extra_runtime_file_present/runtime_manifest.json	line:14	reward	"""artifact_id"": ""generated_battle_reward_plan"","	可能只是 UI 文案或无关匹配	low	low	保留观察，不作为首批接入点。	后续按上下文二次人工筛选。
unknown_candidate	data/design/runtime_loader_negative_fixtures/extra_runtime_file_present/runtime_manifest.json	line:15	reward	"""runtime_path"": ""data/runtime/content_engine/battle_reward.json"","	可能只是 UI 文案或无关匹配	low	low	保留观察，不作为首批接入点。	后续按上下文二次人工筛选。
unknown_candidate	data/design/runtime_loader_negative_fixtures/extra_runtime_file_present/runtime_manifest.json	line:16	reward	"""file_name"": ""battle_reward.json"","	可能只是 UI 文案或无关匹配	low	low	保留观察，不作为首批接入点。	后续按上下文二次人工筛选。
unknown_candidate	data/design/runtime_loader_negative_fixtures/extra_runtime_file_present/runtime_manifest.json	line:25	reward	"""source_design_path"": ""data/design/generated_battle_reward_plan.tsv"""	可能只是 UI 文案或无关匹配	low	low	保留观察，不作为首批接入点。	后续按上下文二次人工筛选。
unknown_candidate	data/design/runtime_loader_negative_fixtures/extra_runtime_file_present/runtime_manifest.json	line:8	reward	"""battle_reward.json"","	可能只是 UI 文案或无关匹配	low	low	保留观察，不作为首批接入点。	后续按上下文二次人工筛选。
unknown_candidate	data/design/runtime_loader_negative_fixtures/field_count_mismatch/battle_reward.json	line:2	reward	"""runtime_domain"": ""battle_reward"","	可能只是 UI 文案或无关匹配	low	low	保留观察，不作为首批接入点。	后续按上下文二次人工筛选。
unknown_candidate	data/design/runtime_loader_negative_fixtures/field_count_mismatch/battle_reward.json	line:3	reward	"""artifact_id"": ""generated_battle_reward_plan"","	可能只是 UI 文案或无关匹配	low	low	保留观察，不作为首批接入点。	后续按上下文二次人工筛选。
unknown_candidate	data/design/runtime_loader_negative_fixtures/field_count_mismatch/battle_reward.json	line:5	reward	"""source_design_path"": ""data/design/generated_battle_reward_plan.tsv"","	可能只是 UI 文案或无关匹配	low	low	保留观察，不作为首批接入点。	后续按上下文二次人工筛选。
unknown_candidate	data/design/runtime_loader_negative_fixtures/field_count_mismatch/runtime_manifest.json	line:13	reward	"""runtime_domain"": ""battle_reward"","	可能只是 UI 文案或无关匹配	low	low	保留观察，不作为首批接入点。	后续按上下文二次人工筛选。
unknown_candidate	data/design/runtime_loader_negative_fixtures/field_count_mismatch/runtime_manifest.json	line:14	reward	"""artifact_id"": ""generated_battle_reward_plan"","	可能只是 UI 文案或无关匹配	low	low	保留观察，不作为首批接入点。	后续按上下文二次人工筛选。
unknown_candidate	data/design/runtime_loader_negative_fixtures/field_count_mismatch/runtime_manifest.json	line:15	reward	"""runtime_path"": ""data/runtime/content_engine/battle_reward.json"","	可能只是 UI 文案或无关匹配	low	low	保留观察，不作为首批接入点。	后续按上下文二次人工筛选。
unknown_candidate	data/design/runtime_loader_negative_fixtures/field_count_mismatch/runtime_manifest.json	line:16	reward	"""file_name"": ""battle_reward.json"","	可能只是 UI 文案或无关匹配	low	low	保留观察，不作为首批接入点。	后续按上下文二次人工筛选。
unknown_candidate	data/design/runtime_loader_negative_fixtures/field_count_mismatch/runtime_manifest.json	line:25	reward	"""source_design_path"": ""data/design/generated_battle_reward_plan.tsv"""	可能只是 UI 文案或无关匹配	low	low	保留观察，不作为首批接入点。	后续按上下文二次人工筛选。
unknown_candidate	data/design/runtime_loader_negative_fixtures/field_count_mismatch/runtime_manifest.json	line:8	reward	"""battle_reward.json"","	可能只是 UI 文案或无关匹配	low	low	保留观察，不作为首批接入点。	后续按上下文二次人工筛选。
unknown_candidate	data/design/runtime_loader_negative_fixtures/fixture_manifest.json	line:6	reward	"""battle_reward.json"": ""fb91e037bd578d2cfc9f1ac790a87267a1476075b5b672668252e42356bd07d5"","	可能只是 UI 文案或无关匹配	low	low	保留观察，不作为首批接入点。	后续按上下文二次人工筛选。
unknown_candidate	data/design/runtime_loader_negative_fixtures/malformed_runtime_json/battle_reward.json	line:2	reward	"""runtime_domain"": ""battle_reward"","	可能只是 UI 文案或无关匹配	low	low	保留观察，不作为首批接入点。	后续按上下文二次人工筛选。
unknown_candidate	data/design/runtime_loader_negative_fixtures/malformed_runtime_json/battle_reward.json	line:3	reward	"""artifact_id"": ""generated_battle_reward_plan"","	可能只是 UI 文案或无关匹配	low	low	保留观察，不作为首批接入点。	后续按上下文二次人工筛选。
unknown_candidate	data/design/runtime_loader_negative_fixtures/malformed_runtime_json/battle_reward.json	line:5	reward	"""source_design_path"": ""data/design/generated_battle_reward_plan.tsv"","	可能只是 UI 文案或无关匹配	low	low	保留观察，不作为首批接入点。	后续按上下文二次人工筛选。
unknown_candidate	data/design/runtime_loader_negative_fixtures/malformed_runtime_json/runtime_manifest.json	line:13	reward	"""runtime_domain"": ""battle_reward"","	可能只是 UI 文案或无关匹配	low	low	保留观察，不作为首批接入点。	后续按上下文二次人工筛选。
unknown_candidate	data/design/runtime_loader_negative_fixtures/malformed_runtime_json/runtime_manifest.json	line:14	reward	"""artifact_id"": ""generated_battle_reward_plan"","	可能只是 UI 文案或无关匹配	low	low	保留观察，不作为首批接入点。	后续按上下文二次人工筛选。
unknown_candidate	data/design/runtime_loader_negative_fixtures/malformed_runtime_json/runtime_manifest.json	line:15	reward	"""runtime_path"": ""data/runtime/content_engine/battle_reward.json"","	可能只是 UI 文案或无关匹配	low	low	保留观察，不作为首批接入点。	后续按上下文二次人工筛选。
unknown_candidate	data/design/runtime_loader_negative_fixtures/malformed_runtime_json/runtime_manifest.json	line:16	reward	"""file_name"": ""battle_reward.json"","	可能只是 UI 文案或无关匹配	low	low	保留观察，不作为首批接入点。	后续按上下文二次人工筛选。
unknown_candidate	data/design/runtime_loader_negative_fixtures/malformed_runtime_json/runtime_manifest.json	line:25	reward	"""source_design_path"": ""data/design/generated_battle_reward_plan.tsv"""	可能只是 UI 文案或无关匹配	low	low	保留观察，不作为首批接入点。	后续按上下文二次人工筛选。
unknown_candidate	data/design/runtime_loader_negative_fixtures/malformed_runtime_json/runtime_manifest.json	line:8	reward	"""battle_reward.json"","	可能只是 UI 文案或无关匹配	low	low	保留观察，不作为首批接入点。	后续按上下文二次人工筛选。
unknown_candidate	data/design/runtime_loader_negative_fixtures/missing_manifest_field/battle_reward.json	line:2	reward	"""runtime_domain"": ""battle_reward"","	可能只是 UI 文案或无关匹配	low	low	保留观察，不作为首批接入点。	后续按上下文二次人工筛选。
unknown_candidate	data/design/runtime_loader_negative_fixtures/missing_manifest_field/battle_reward.json	line:3	reward	"""artifact_id"": ""generated_battle_reward_plan"","	可能只是 UI 文案或无关匹配	low	low	保留观察，不作为首批接入点。	后续按上下文二次人工筛选。
unknown_candidate	data/design/runtime_loader_negative_fixtures/missing_manifest_field/battle_reward.json	line:5	reward	"""source_design_path"": ""data/design/generated_battle_reward_plan.tsv"","	可能只是 UI 文案或无关匹配	low	low	保留观察，不作为首批接入点。	后续按上下文二次人工筛选。
unknown_candidate	data/design/runtime_loader_negative_fixtures/missing_manifest_field/runtime_manifest.json	line:12	reward	"""runtime_domain"": ""battle_reward"","	可能只是 UI 文案或无关匹配	low	low	保留观察，不作为首批接入点。	后续按上下文二次人工筛选。
unknown_candidate	data/design/runtime_loader_negative_fixtures/missing_manifest_field/runtime_manifest.json	line:13	reward	"""artifact_id"": ""generated_battle_reward_plan"","	可能只是 UI 文案或无关匹配	low	low	保留观察，不作为首批接入点。	后续按上下文二次人工筛选。
unknown_candidate	data/design/runtime_loader_negative_fixtures/missing_manifest_field/runtime_manifest.json	line:14	reward	"""runtime_path"": ""data/runtime/content_engine/battle_reward.json"","	可能只是 UI 文案或无关匹配	low	low	保留观察，不作为首批接入点。	后续按上下文二次人工筛选。
unknown_candidate	data/design/runtime_loader_negative_fixtures/missing_manifest_field/runtime_manifest.json	line:15	reward	"""file_name"": ""battle_reward.json"","	可能只是 UI 文案或无关匹配	low	low	保留观察，不作为首批接入点。	后续按上下文二次人工筛选。
unknown_candidate	data/design/runtime_loader_negative_fixtures/missing_manifest_field/runtime_manifest.json	line:24	reward	"""source_design_path"": ""data/design/generated_battle_reward_plan.tsv"""	可能只是 UI 文案或无关匹配	low	low	保留观察，不作为首批接入点。	后续按上下文二次人工筛选。
unknown_candidate	data/design/runtime_loader_negative_fixtures/missing_manifest_field/runtime_manifest.json	line:7	reward	"""battle_reward.json"","	可能只是 UI 文案或无关匹配	low	low	保留观察，不作为首批接入点。	后续按上下文二次人工筛选。
unknown_candidate	data/design/runtime_loader_negative_fixtures/record_count_mismatch/battle_reward.json	line:2	reward	"""runtime_domain"": ""battle_reward"","	可能只是 UI 文案或无关匹配	low	low	保留观察，不作为首批接入点。	后续按上下文二次人工筛选。
unknown_candidate	data/design/runtime_loader_negative_fixtures/record_count_mismatch/battle_reward.json	line:3	reward	"""artifact_id"": ""generated_battle_reward_plan"","	可能只是 UI 文案或无关匹配	low	low	保留观察，不作为首批接入点。	后续按上下文二次人工筛选。
unknown_candidate	data/design/runtime_loader_negative_fixtures/record_count_mismatch/battle_reward.json	line:5	reward	"""source_design_path"": ""data/design/generated_battle_reward_plan.tsv"","	可能只是 UI 文案或无关匹配	low	low	保留观察，不作为首批接入点。	后续按上下文二次人工筛选。
unknown_candidate	data/design/runtime_loader_negative_fixtures/record_count_mismatch/runtime_manifest.json	line:13	reward	"""runtime_domain"": ""battle_reward"","	可能只是 UI 文案或无关匹配	low	low	保留观察，不作为首批接入点。	后续按上下文二次人工筛选。
unknown_candidate	data/design/runtime_loader_negative_fixtures/record_count_mismatch/runtime_manifest.json	line:14	reward	"""artifact_id"": ""generated_battle_reward_plan"","	可能只是 UI 文案或无关匹配	low	low	保留观察，不作为首批接入点。	后续按上下文二次人工筛选。
unknown_candidate	data/design/runtime_loader_negative_fixtures/record_count_mismatch/runtime_manifest.json	line:15	reward	"""runtime_path"": ""data/runtime/content_engine/battle_reward.json"","	可能只是 UI 文案或无关匹配	low	low	保留观察，不作为首批接入点。	后续按上下文二次人工筛选。
unknown_candidate	data/design/runtime_loader_negative_fixtures/record_count_mismatch/runtime_manifest.json	line:16	reward	"""file_name"": ""battle_reward.json"","	可能只是 UI 文案或无关匹配	low	low	保留观察，不作为首批接入点。	后续按上下文二次人工筛选。
unknown_candidate	data/design/runtime_loader_negative_fixtures/record_count_mismatch/runtime_manifest.json	line:25	reward	"""source_design_path"": ""data/design/generated_battle_reward_plan.tsv"""	可能只是 UI 文案或无关匹配	low	low	保留观察，不作为首批接入点。	后续按上下文二次人工筛选。
unknown_candidate	data/design/runtime_loader_negative_fixtures/record_count_mismatch/runtime_manifest.json	line:8	reward	"""battle_reward.json"","	可能只是 UI 文案或无关匹配	low	low	保留观察，不作为首批接入点。	后续按上下文二次人工筛选。
unknown_candidate	data/design/runtime_loader_negative_fixtures/schema_fingerprint_mismatch/battle_reward.json	line:2	reward	"""runtime_domain"": ""battle_reward"","	可能只是 UI 文案或无关匹配	low	low	保留观察，不作为首批接入点。	后续按上下文二次人工筛选。
unknown_candidate	data/design/runtime_loader_negative_fixtures/schema_fingerprint_mismatch/battle_reward.json	line:3	reward	"""artifact_id"": ""generated_battle_reward_plan"","	可能只是 UI 文案或无关匹配	low	low	保留观察，不作为首批接入点。	后续按上下文二次人工筛选。
unknown_candidate	data/design/runtime_loader_negative_fixtures/schema_fingerprint_mismatch/battle_reward.json	line:5	reward	"""source_design_path"": ""data/design/generated_battle_reward_plan.tsv"","	可能只是 UI 文案或无关匹配	low	low	保留观察，不作为首批接入点。	后续按上下文二次人工筛选。
unknown_candidate	data/design/runtime_loader_negative_fixtures/schema_fingerprint_mismatch/runtime_manifest.json	line:13	reward	"""runtime_domain"": ""battle_reward"","	可能只是 UI 文案或无关匹配	low	low	保留观察，不作为首批接入点。	后续按上下文二次人工筛选。
unknown_candidate	data/design/runtime_loader_negative_fixtures/schema_fingerprint_mismatch/runtime_manifest.json	line:14	reward	"""artifact_id"": ""generated_battle_reward_plan"","	可能只是 UI 文案或无关匹配	low	low	保留观察，不作为首批接入点。	后续按上下文二次人工筛选。
unknown_candidate	data/design/runtime_loader_negative_fixtures/schema_fingerprint_mismatch/runtime_manifest.json	line:15	reward	"""runtime_path"": ""data/runtime/content_engine/battle_reward.json"","	可能只是 UI 文案或无关匹配	low	low	保留观察，不作为首批接入点。	后续按上下文二次人工筛选。
unknown_candidate	data/design/runtime_loader_negative_fixtures/schema_fingerprint_mismatch/runtime_manifest.json	line:16	reward	"""file_name"": ""battle_reward.json"","	可能只是 UI 文案或无关匹配	low	low	保留观察，不作为首批接入点。	后续按上下文二次人工筛选。
unknown_candidate	data/design/runtime_loader_negative_fixtures/schema_fingerprint_mismatch/runtime_manifest.json	line:25	reward	"""source_design_path"": ""data/design/generated_battle_reward_plan.tsv"""	可能只是 UI 文案或无关匹配	low	low	保留观察，不作为首批接入点。	后续按上下文二次人工筛选。
unknown_candidate	data/design/runtime_loader_negative_fixtures/schema_fingerprint_mismatch/runtime_manifest.json	line:8	reward	"""battle_reward.json"","	可能只是 UI 文案或无关匹配	low	low	保留观察，不作为首批接入点。	后续按上下文二次人工筛选。
unknown_candidate	data/design/runtime_loader_negative_fixtures/unknown_runtime_file/battle_reward.json	line:2	reward	"""runtime_domain"": ""battle_reward"","	可能只是 UI 文案或无关匹配	low	low	保留观察，不作为首批接入点。	后续按上下文二次人工筛选。
unknown_candidate	data/design/runtime_loader_negative_fixtures/unknown_runtime_file/battle_reward.json	line:3	reward	"""artifact_id"": ""generated_battle_reward_plan"","	可能只是 UI 文案或无关匹配	low	low	保留观察，不作为首批接入点。	后续按上下文二次人工筛选。
unknown_candidate	data/design/runtime_loader_negative_fixtures/unknown_runtime_file/battle_reward.json	line:5	reward	"""source_design_path"": ""data/design/generated_battle_reward_plan.tsv"","	可能只是 UI 文案或无关匹配	low	low	保留观察，不作为首批接入点。	后续按上下文二次人工筛选。
unknown_candidate	data/design/runtime_loader_negative_fixtures/unknown_runtime_file/runtime_manifest.json	line:13	reward	"""runtime_domain"": ""battle_reward"","	可能只是 UI 文案或无关匹配	low	low	保留观察，不作为首批接入点。	后续按上下文二次人工筛选。
unknown_candidate	data/design/runtime_loader_negative_fixtures/unknown_runtime_file/runtime_manifest.json	line:14	reward	"""artifact_id"": ""generated_battle_reward_plan"","	可能只是 UI 文案或无关匹配	low	low	保留观察，不作为首批接入点。	后续按上下文二次人工筛选。
unknown_candidate	data/design/runtime_loader_negative_fixtures/unknown_runtime_file/runtime_manifest.json	line:15	reward	"""runtime_path"": ""data/runtime/content_engine/battle_reward.json"","	可能只是 UI 文案或无关匹配	low	low	保留观察，不作为首批接入点。	后续按上下文二次人工筛选。
unknown_candidate	data/design/runtime_loader_negative_fixtures/unknown_runtime_file/runtime_manifest.json	line:16	reward	"""file_name"": ""battle_reward.json"","	可能只是 UI 文案或无关匹配	low	low	保留观察，不作为首批接入点。	后续按上下文二次人工筛选。
unknown_candidate	data/design/runtime_loader_negative_fixtures/unknown_runtime_file/runtime_manifest.json	line:25	reward	"""source_design_path"": ""data/design/generated_battle_reward_plan.tsv"""	可能只是 UI 文案或无关匹配	low	low	保留观察，不作为首批接入点。	后续按上下文二次人工筛选。
unknown_candidate	data/design/runtime_loader_negative_fixtures/unknown_runtime_file/runtime_manifest.json	line:8	reward	"""battle_reward.json"","	可能只是 UI 文案或无关匹配	low	low	保留观察，不作为首批接入点。	后续按上下文二次人工筛选。
unknown_candidate	data/design/runtime_loader_negative_fixtures/unsafe_runtime_path/battle_reward.json	line:2	reward	"""runtime_domain"": ""battle_reward"","	可能只是 UI 文案或无关匹配	low	low	保留观察，不作为首批接入点。	后续按上下文二次人工筛选。
unknown_candidate	data/design/runtime_loader_negative_fixtures/unsafe_runtime_path/battle_reward.json	line:3	reward	"""artifact_id"": ""generated_battle_reward_plan"","	可能只是 UI 文案或无关匹配	low	low	保留观察，不作为首批接入点。	后续按上下文二次人工筛选。
unknown_candidate	data/design/runtime_loader_negative_fixtures/unsafe_runtime_path/battle_reward.json	line:5	reward	"""source_design_path"": ""data/design/generated_battle_reward_plan.tsv"","	可能只是 UI 文案或无关匹配	low	low	保留观察，不作为首批接入点。	后续按上下文二次人工筛选。
unknown_candidate	data/design/runtime_loader_negative_fixtures/unsafe_runtime_path/runtime_manifest.json	line:13	reward	"""runtime_domain"": ""battle_reward"","	可能只是 UI 文案或无关匹配	low	low	保留观察，不作为首批接入点。	后续按上下文二次人工筛选。
unknown_candidate	data/design/runtime_loader_negative_fixtures/unsafe_runtime_path/runtime_manifest.json	line:14	reward	"""artifact_id"": ""generated_battle_reward_plan"","	可能只是 UI 文案或无关匹配	low	low	保留观察，不作为首批接入点。	后续按上下文二次人工筛选。
unknown_candidate	data/design/runtime_loader_negative_fixtures/unsafe_runtime_path/runtime_manifest.json	line:16	reward	"""file_name"": ""battle_reward.json"","	可能只是 UI 文案或无关匹配	low	low	保留观察，不作为首批接入点。	后续按上下文二次人工筛选。
unknown_candidate	data/design/runtime_loader_negative_fixtures/unsafe_runtime_path/runtime_manifest.json	line:25	reward	"""source_design_path"": ""data/design/generated_battle_reward_plan.tsv"""	可能只是 UI 文案或无关匹配	low	low	保留观察，不作为首批接入点。	后续按上下文二次人工筛选。
unknown_candidate	data/design/runtime_loader_negative_fixtures/unsafe_runtime_path/runtime_manifest.json	line:8	reward	"""battle_reward.json"","	可能只是 UI 文案或无关匹配	low	low	保留观察，不作为首批接入点。	后续按上下文二次人工筛选。
unknown_candidate	data/design/runtime_loader_negative_fixtures/valid_control/battle_reward.json	line:2	reward	"""runtime_domain"": ""battle_reward"","	可能只是 UI 文案或无关匹配	low	low	保留观察，不作为首批接入点。	后续按上下文二次人工筛选。
unknown_candidate	data/design/runtime_loader_negative_fixtures/valid_control/battle_reward.json	line:3	reward	"""artifact_id"": ""generated_battle_reward_plan"","	可能只是 UI 文案或无关匹配	low	low	保留观察，不作为首批接入点。	后续按上下文二次人工筛选。
unknown_candidate	data/design/runtime_loader_negative_fixtures/valid_control/battle_reward.json	line:5	reward	"""source_design_path"": ""data/design/generated_battle_reward_plan.tsv"","	可能只是 UI 文案或无关匹配	low	low	保留观察，不作为首批接入点。	后续按上下文二次人工筛选。
unknown_candidate	data/design/runtime_loader_negative_fixtures/valid_control/runtime_manifest.json	line:13	reward	"""runtime_domain"": ""battle_reward"","	可能只是 UI 文案或无关匹配	low	low	保留观察，不作为首批接入点。	后续按上下文二次人工筛选。
unknown_candidate	data/design/runtime_loader_negative_fixtures/valid_control/runtime_manifest.json	line:14	reward	"""artifact_id"": ""generated_battle_reward_plan"","	可能只是 UI 文案或无关匹配	low	low	保留观察，不作为首批接入点。	后续按上下文二次人工筛选。
unknown_candidate	data/design/runtime_loader_negative_fixtures/valid_control/runtime_manifest.json	line:15	reward	"""runtime_path"": ""data/runtime/content_engine/battle_reward.json"","	可能只是 UI 文案或无关匹配	low	low	保留观察，不作为首批接入点。	后续按上下文二次人工筛选。
unknown_candidate	data/design/runtime_loader_negative_fixtures/valid_control/runtime_manifest.json	line:16	reward	"""file_name"": ""battle_reward.json"","	可能只是 UI 文案或无关匹配	low	low	保留观察，不作为首批接入点。	后续按上下文二次人工筛选。
unknown_candidate	data/design/runtime_loader_negative_fixtures/valid_control/runtime_manifest.json	line:25	reward	"""source_design_path"": ""data/design/generated_battle_reward_plan.tsv"""	可能只是 UI 文案或无关匹配	low	low	保留观察，不作为首批接入点。	后续按上下文二次人工筛选。
unknown_candidate	data/design/runtime_loader_negative_fixtures/valid_control/runtime_manifest.json	line:8	reward	"""battle_reward.json"","	可能只是 UI 文案或无关匹配	low	low	保留观察，不作为首批接入点。	后续按上下文二次人工筛选。
unknown_candidate	data/narrative/mvp_compressed_narrative.json	line:81	获得	"""effect"": ""造成 12 伤害，获得 2 势"","	可能只是 UI 文案或无关匹配	low	low	保留观察，不作为首批接入点。	后续按上下文二次人工筛选。
unknown_candidate	data/runtime/content_engine/battle_reward.json	line:12	reward	"""reward_plan_id"": ""rw_prologue_01"","	可能只是 UI 文案或无关匹配	low	low	保留观察，不作为首批接入点。	后续按上下文二次人工筛选。
unknown_candidate	data/runtime/content_engine/battle_reward.json	line:2	reward	"""runtime_domain"": ""battle_reward"","	可能只是 UI 文案或无关匹配	low	low	保留观察，不作为首批接入点。	后续按上下文二次人工筛选。
unknown_candidate	data/runtime/content_engine/battle_reward.json	line:23	reward	"""reward_profile"": ""tutorial"","	可能只是 UI 文案或无关匹配	low	low	保留观察，不作为首批接入点。	后续按上下文二次人工筛选。
unknown_candidate	data/runtime/content_engine/battle_reward.json	line:24	reward	"""martial_xp_reward"": ""3"","	可能只是 UI 文案或无关匹配	low	low	保留观察，不作为首批接入点。	后续按上下文二次人工筛选。
unknown_candidate	data/runtime/content_engine/battle_reward.json	line:25	reward	"""weapon_xp_reward"": ""0"","	可能只是 UI 文案或无关匹配	low	low	保留观察，不作为首批接入点。	后续按上下文二次人工筛选。
unknown_candidate	data/runtime/content_engine/battle_reward.json	line:26	reward	"""military_merit_reward"": ""0"","	可能只是 UI 文案或无关匹配	low	low	保留观察，不作为首批接入点。	后续按上下文二次人工筛选。
unknown_candidate	data/runtime/content_engine/battle_reward.json	line:3	reward	"""artifact_id"": ""generated_battle_reward_plan"","	可能只是 UI 文案或无关匹配	low	low	保留观察，不作为首批接入点。	后续按上下文二次人工筛选。
unknown_candidate	data/runtime/content_engine/battle_reward.json	line:5	reward	"""source_design_path"": ""data/design/generated_battle_reward_plan.tsv"","	可能只是 UI 文案或无关匹配	low	low	保留观察，不作为首批接入点。	后续按上下文二次人工筛选。
unknown_candidate	data/runtime/content_engine/runtime_manifest.json	line:13	reward	"""runtime_domain"": ""battle_reward"","	可能只是 UI 文案或无关匹配	low	low	保留观察，不作为首批接入点。	后续按上下文二次人工筛选。
unknown_candidate	data/runtime/content_engine/runtime_manifest.json	line:14	reward	"""artifact_id"": ""generated_battle_reward_plan"","	可能只是 UI 文案或无关匹配	low	low	保留观察，不作为首批接入点。	后续按上下文二次人工筛选。
unknown_candidate	data/runtime/content_engine/runtime_manifest.json	line:15	reward	"""runtime_path"": ""data/runtime/content_engine/battle_reward.json"","	可能只是 UI 文案或无关匹配	low	low	保留观察，不作为首批接入点。	后续按上下文二次人工筛选。
unknown_candidate	data/runtime/content_engine/runtime_manifest.json	line:16	reward	"""file_name"": ""battle_reward.json"","	可能只是 UI 文案或无关匹配	low	low	保留观察，不作为首批接入点。	后续按上下文二次人工筛选。
unknown_candidate	data/runtime/content_engine/runtime_manifest.json	line:25	reward	"""source_design_path"": ""data/design/generated_battle_reward_plan.tsv"""	可能只是 UI 文案或无关匹配	low	low	保留观察，不作为首批接入点。	后续按上下文二次人工筛选。
unknown_candidate	data/runtime/content_engine/runtime_manifest.json	line:3	reward	"""generated_by"": ""tools/content_engine/runtime_battle_reward_hydrator.py"","	可能只是 UI 文案或无关匹配	low	low	保留观察，不作为首批接入点。	后续按上下文二次人工筛选。
unknown_candidate	data/runtime/content_engine/runtime_manifest.json	line:8	reward	"""battle_reward.json"","	可能只是 UI 文案或无关匹配	low	low	保留观察，不作为首批接入点。	后续按上下文二次人工筛选。
unknown_candidate	scripts/auto_battle_sampler_foundation.gd	_resolution_order	settlement	if settlement_mode == MODE_REACTIVE_ID:	可能只是 UI 文案或无关匹配	low	low	保留观察，不作为首批接入点。	后续按上下文二次人工筛选。
unknown_candidate	scripts/auto_battle_sampler_foundation.gd	_resolve_sampler_exchange	settlement	if settlement_mode != MODE_REACTIVE_ID:	可能只是 UI 文案或无关匹配	low	low	保留观察，不作为首批接入点。	后续按上下文二次人工筛选。
unknown_candidate	scripts/auto_battle_sampler_optimization.gd	run_batch	settlement	"aggregate[""settlement_mode""] = str(options.get(""settlement_mode"", MODE_REACTIVE_ID))"	可能只是 UI 文案或无关匹配	low	low	保留观察，不作为首批接入点。	后续按上下文二次人工筛选。
unknown_candidate	scripts/auto_battle_sampler_report.gd	format_report	settlement	"return ""样本:%d  模式:%s  压力:%s  平均回合:%.1f\n%s胜:%.1f%%  %s胜:%.1f%%  平:%.1f%%\n平均余血: %s %.1f / %s %.1f\n%s死亡回合: %s  %s死亡回合: %s\n崩势: 总%d  %s %.0f%%@%s  %s %.0f%%@%s\n压力触发: 边界%d  稳势%d\n击退:%d 拉近:%d 自移:%d\n命中: %s%d / %s%d\n结论: %s\n距离分布: %s"" % [int(result.get(""sample_count"", 0)), str(result.get(""settlement_mode"", MODE_REACTIVE_ID)), str(result.get(""pressure_profile"", PRESSURE_NONE)), float(result.get(""avg_turns"", 0.0)), player_label, float(result.get(""player_win_rate"", 0.0)) * 100.0, enemy_label, float(result.get(""enemy_win_rate"", 0.0)) * 100.0, float(result.get(""draw_rate"", 0.0)) * 100.0, player_label, float(result.get(""avg_player_hp"", 0.0)), enemy_label, float(result.get(""avg_enemy_hp"", 0.0)), player_label, _format_optional_turn(float(result.get(""avg_player_death_turn"", 0.0))), enemy_label, _format_optional_turn(float(result.get(""avg_enemy_death_turn"", 0.0))), int(result.get(""break_total"", 0)), player_label, float(result.get(""player_break_rate"", 0.0)) * 100.0, _format_optional_turn(float(result.get(""avg_player_first_break_turn"", 0.0))), enemy_label, float(result.get(""enemy_break_rate"", 0.0)) * 100.0, _format_optional_turn(float(result.get(""avg_enemy_first_break_turn"", 0.0))), int(result.get(""pressure_edge_total"", 0)), int(result.get(""break_resist_total"", 0)), int(result.get(""push_total"", 0)), int(result.get(""pull_total"", 0)), int(result.get(""self_move_total"", 0)), player_label, int(result.get(""player_hits"", 0)), enemy_label, int(result.get(""enemy_hits"", 0)), format_balance_conclusion(result), _format_distance_ratio(result.get(""distance_ratio"", {}))]"	可能只是 UI 文案或无关匹配	low	low	保留观察，不作为首批接入点。	后续按上下文二次人工筛选。
unknown_candidate	scripts/auto_battle_sampler_simulation.gd	run_single	settlement	var sim: Dictionary = _resolve_sampler_exchange(p, e, p_card, e_card, order, settlement_mode)	可能只是 UI 文案或无关匹配	low	low	保留观察，不作为首批接入点。	后续按上下文二次人工筛选。
unknown_candidate	scripts/battle_context_bridge.gd	fallback_mapping	reward	"""reward"": {""jun_gong"": 1, ""qing_wang"": 0, ""clues"": 1}"	可能只是 UI 文案或无关匹配	low	low	保留观察，不作为首批接入点。	后续按上下文二次人工筛选。
unknown_candidate	scripts/battle_context_bridge.gd	with_current_player_role	result	"result[""player_profile""] = profile.duplicate(true)"	可能只是 UI 文案或无关匹配	low	low	保留观察，不作为首批接入点。	后续按上下文二次人工筛选。
unknown_candidate	scripts/battle_controller_core_catalog.gd	_build_catalog	reward	"_ready_card(""reward_guard"", ""铁壁"", ""纯粹追求稳固格挡。"", 1, 3, 2, CardData.ROLE_GUARD, 0, 0, 0, 8)"	可能只是 UI 文案或无关匹配	low	low	保留观察，不作为首批接入点。	后续按上下文二次人工筛选。
unknown_candidate	scripts/battle_controller_core_catalog.gd	reward_pool	reward	reward_pool = [	可能只是 UI 文案或无关匹配	low	low	保留观察，不作为首批接入点。	后续按上下文二次人工筛选。（seed）
unknown_candidate	scripts/battle_controller_core_result_overlay.gd	line:1	rewards	"extends ""res://scripts/battle_controller_core_session_rewards.gd"""	可能只是 UI 文案或无关匹配	low	low	保留观察，不作为首批接入点。	后续按上下文二次人工筛选。
unknown_candidate	scripts/battle_controller_core_round_resolution.gd	_resolve_round	结算	"_log(""[b]结算跳过：[/b] 无法识别行动方。"")"	可能只是 UI 文案或无关匹配	low	low	保留观察，不作为首批接入点。	后续按上下文二次人工筛选。
unknown_candidate	scripts/battle_controller_core_session_rewards.gd	_show_role_selection	获得	"""[b]这版原型只做枪手与刀客。[/b]\n\n当前规则：当一方的势在本回合被削到 0 时，其将在下一回合崩势：无法行动，且受击伤害翻倍。打崩对手的一方，会在该回合获得一次连招窗口；若其打出的下一招接上已解锁的职业连招起手，则会自动连段。"","	可能只是 UI 文案或无关匹配	low	low	保留观察，不作为首批接入点。	后续按上下文二次人工筛选。
unknown_candidate	scripts/battle_controller_core_state.gd	reward_pool	reward	var reward_pool: Array[CardData] = []	可能只是 UI 文案或无关匹配	low	low	保留观察，不作为首批接入点。	后续按上下文二次人工筛选。
unknown_candidate	scripts/battle_controller_visual_break_preview.gd	_effect_preview_text	结算	"lines.append(""[b]顺序结算预览[/b]"")"	可能只是 UI 文案或无关匹配	low	low	保留观察，不作为首批接入点。	后续按上下文二次人工筛选。
unknown_candidate	scripts/battle_controller_visual_hot_tuning_profile_collect.gd	_all_runtime_cards	reward	cards.append(reward_card)	可能只是 UI 文案或无关匹配	low	low	保留观察，不作为首批接入点。	后续按上下文二次人工筛选。
unknown_candidate	scripts/battle_controller_visual_hot_tuning_sampler_core.gd	_current_sampler_settlement_mode	settlement	"return str(get(""settlement_mode_id""))"	可能只是 UI 文案或无关匹配	low	low	保留观察，不作为首批接入点。	后续按上下文二次人工筛选。
unknown_candidate	scripts/battle_controller_visual_hot_tuning_sampler_core.gd	_sample_number_config	settlement	"""settlement_mode"": _current_sampler_settlement_mode(),"	可能只是 UI 文案或无关匹配	low	low	保留观察，不作为首批接入点。	后续按上下文二次人工筛选。
unknown_candidate	scripts/battle_controller_visual_narrative_context_apply.gd	_apply_battle_loadout_once	settlement	"set(""settlement_mode_id"", settlement_mode)"	可能只是 UI 文案或无关匹配	low	low	保留观察，不作为首批接入点。	后续按上下文二次人工筛选。
unknown_candidate	scripts/battle_controller_visual_narrative_context_foundation.gd	_story_loader_card_catalog	reward	return NarrativeStoryBattleLoader.build_card_catalog(fighter_catalog, reward_pool)	可能只是 UI 文案或无关匹配	low	low	保留观察，不作为首批接入点。	后续按上下文二次人工筛选。
unknown_candidate	scripts/battle_controller_visual_narrative_context_loadout.gd	_resolve_battle_loadout	settlement	"""settlement_mode"": settlement_mode,"	可能只是 UI 文案或无关匹配	low	low	保留观察，不作为首批接入点。	后续按上下文二次人工筛选。
unknown_candidate	scripts/battle_controller_visual_reactive_preview_formatter.gd	line:3	settlement	# Pure formatter/simulator helper for reactive settlement-mode threat preview.	可能只是 UI 文案或无关匹配	low	low	保留观察，不作为首批接入点。	后续按上下文二次人工筛选。
unknown_candidate	scripts/battle_controller_visual_reactive_preview_formatter.gd	threat_preview_text	result	"lines.append(""敌方威胁：%s / %s / 伤%d / 势-%d / 结算距离 %d"" % [enemy_card.display_name if enemy_card != null else ""无"", range_text_safe(str(result.get(""enemy_range_after_player"", CombatResolver.RANGE_NONE))), int(result.get(""enemy_damage"", 0)), int(result.get(""enemy_break"", 0)), int(result.get(""final_distance_before_enemy"", 0))])"	可能只是 UI 文案或无关匹配	low	low	保留观察，不作为首批接入点。	后续按上下文二次人工筛选。
unknown_candidate	scripts/battle_controller_visual_reactive_round_flow.gd	_try_apply_reactive_enemy_pre_move	result	var result: Dictionary = BattleEffectApplierForSettlement.apply_reactive_enemy_pre_move(state_machine, player, enemy, enemy_intent, _reactive_pre_move_round)	可能只是 UI 文案或无关匹配	low	low	保留观察，不作为首批接入点。	后续按上下文二次人工筛选。
unknown_candidate	scripts/battle_controller_visual_reactive_round_flow.gd	_unhandled_input	settlement	toggle_visual_settlement_mode()	可能只是 UI 文案或无关匹配	low	low	保留观察，不作为首批接入点。	后续按上下文二次人工筛选。
unknown_candidate	scripts/battle_controller_visual_reactive_round_flow.gd	line:3	settlement	# Reactive settlement-mode round flow.	可能只是 UI 文案或无关匹配	low	low	保留观察，不作为首批接入点。	后续按上下文二次人工筛选。
unknown_candidate	scripts/battle_controller_visual_reactive_round_flow.gd	line:8	settlement	# battle_controller_visual_settlement_mode.gd.	可能只是 UI 文案或无关匹配	low	low	保留观察，不作为首批接入点。	后续按上下文二次人工筛选。
unknown_candidate	scripts/battle_controller_visual_settlement_mode.gd	_mode_status_suffix	settlement	"text += ""\n结算模式：%s（%s）"" % [state_machine.settlement_mode_label(), state_machine.settlement_mode_id()]"	可能只是 UI 文案或无关匹配	low	low	保留观察，不作为首批接入点。	后续按上下文二次人工筛选。
unknown_candidate	scripts/battle_controller_visual_settlement_mode.gd	_mode_status_suffix	结算	"text += ""\n反应式规则：敌方先移动并亮意图；玩家响应后先结算；若打出崩势，敌方本回合攻击中断。"""	可能只是 UI 文案或无关匹配	low	low	保留观察，不作为首批接入点。	后续按上下文二次人工筛选。
unknown_candidate	scripts/battle_controller_visual_settlement_mode.gd	line:3	settlement	# Thin final UI glue for reactive settlement mode.	可能只是 UI 文案或无关匹配	low	low	保留观察，不作为首批接入点。	后续按上下文二次人工筛选。
unknown_candidate	scripts/battle_controller_visual_settlement_mode.gd	line:8	settlement	# settlement-mode status/preview text and keeps actor glows / intent bubbles in	可能只是 UI 文案或无关匹配	low	low	保留观察，不作为首批接入点。	后续按上下文二次人工筛选。
unknown_candidate	scripts/battle_controller_visual_story_return.gd	_battle_result_confirm_button	result	var _battle_result_confirm_button: Button	可能只是 UI 文案或无关匹配	low	low	保留观察，不作为首批接入点。	后续按上下文二次人工筛选。
unknown_candidate	scripts/battle_controller_visual_story_return.gd	_battle_reward_choices	reward	var _battle_reward_choices: Array[CardData] = []	可能只是 UI 文案或无关匹配	low	low	保留观察，不作为首批接入点。	后续按上下文二次人工筛选。
unknown_candidate	scripts/battle_controller_visual_story_return.gd	_effect_preview_text	结算	"lines.append(""[b]顺序结算预览[/b]"")"	可能只是 UI 文案或无关匹配	low	low	保留观察，不作为首批接入点。	后续按上下文二次人工筛选。
unknown_candidate	scripts/battle_controller_visual_story_return.gd	_on_battle_result_confirm_pressed	result	func _on_battle_result_confirm_pressed() -> void:	可能只是 UI 文案或无关匹配	low	low	保留观察，不作为首批接入点。	后续按上下文二次人工筛选。（seed）
unknown_candidate	scripts/battle_controller_visual_story_return.gd	_reactive_threat_preview_text	result	"lines.append(""敌方已落位：%s，当前距离 %d"" % [_slot_label_safe(enemy.position), int(result.get(""initial_distance"", 0))])"	可能只是 UI 文案或无关匹配	low	low	保留观察，不作为首批接入点。	后续按上下文二次人工筛选。
unknown_candidate	scripts/battle_controller_visual_story_return.gd	_refresh_ui	result	_try_auto_return_after_battle_result()	可能只是 UI 文案或无关匹配	low	low	保留观察，不作为首批接入点。	后续按上下文二次人工筛选。
unknown_candidate	scripts/battle_controller_visual_story_return.gd	_selected_battle_reward_card_id	reward	"var _selected_battle_reward_card_id := """""	可能只是 UI 文案或无关匹配	low	low	保留观察，不作为首批接入点。	后续按上下文二次人工筛选。
unknown_candidate	scripts/battle_controller_visual_story_return.gd	line:1	settlement	"extends ""res://scripts/battle_controller_visual_settlement_mode.gd"""	可能只是 UI 文案或无关匹配	low	low	保留观察，不作为首批接入点。	后续按上下文二次人工筛选。
unknown_candidate	scripts/battle_controller_visual_story_selection.gd	_add_story_encounter_button	settlement	"var mode: String = str(row.get(""settlement_mode"", ""symmetric""))"	可能只是 UI 文案或无关匹配	low	low	保留观察，不作为首批接入点。	后续按上下文二次人工筛选。
unknown_candidate	scripts/battle_controller_visual_story_selection.gd	_on_story_selection_back_pressed	clear	SettlementNarrativeBattleContext.clear()	可能只是 UI 文案或无关匹配	low	low	保留观察，不作为首批接入点。	后续按上下文二次人工筛选。
unknown_candidate	scripts/battle_controller_visual_story_selection.gd	_ready	settlement	_apply_visual_settlement_mode()	可能只是 UI 文案或无关匹配	low	low	保留观察，不作为首批接入点。	后续按上下文二次人工筛选。
unknown_candidate	scripts/battle_controller_visual_story_selection.gd	_show_story_encounter_selection	结算	"overlay_body.text = ""选择一场 story_battles.json 中的战斗配置。每场会自动加载敌我模板、数值、卡组、结算模式和压力规则；剧情入口也复用同一套配置。\n\n当前页签：%s（%d 场）。实装页用于正式剧情/可交付战斗；未实装页保留教学、压力、演示和兜底测试。%s"" % [_story_encounter_tab_label(_story_encounter_tab_id), int(counts.get(_story_encounter_tab_id, 0)), validation_text]"	可能只是 UI 文案或无关匹配	low	low	保留观察，不作为首批接入点。	后续按上下文二次人工筛选。
unknown_candidate	scripts/battle_controller_visual_story_selection.gd	line:19	settlement	"@export_enum(""symmetric"", ""reactive"") var settlement_mode_id: String = ""reactive"""	可能只是 UI 文案或无关匹配	low	low	保留观察，不作为首批接入点。	后续按上下文二次人工筛选。
unknown_candidate	scripts/battle_controller_visual_story_selection.gd	line:3	settlement	# Story-battle selection and settlement-mode base layer.	可能只是 UI 文案或无关匹配	low	low	保留观察，不作为首批接入点。	后续按上下文二次人工筛选。
unknown_candidate	scripts/battle_controller_visual_story_selection.gd	line:6	settlement	# player/opponent template assignment, and base settlement-mode switching.	可能只是 UI 文案或无关匹配	low	low	保留观察，不作为首批接入点。	后续按上下文二次人工筛选。
unknown_candidate	scripts/battle_controller_visual_story_selection.gd	line:8	settlement	# battle_controller_visual_settlement_mode.gd.	可能只是 UI 文案或无关匹配	low	low	保留观察，不作为首批接入点。	后续按上下文二次人工筛选。
unknown_candidate	scripts/battle_controller_visual_ui_state.gd	_show_role_selection	获得	"""[b]这版原型只做枪手与刀客。[/b]\n\n当前规则：当一方的势在本回合被削到 0 时，其将在下一回合崩势：无法行动，且受击伤害翻倍。打崩对手的一方，会在该回合获得一次连招窗口；若其打出的下一招接上已解锁的职业连招起手，则会自动连段。"","	可能只是 UI 文案或无关匹配	low	low	保留观察，不作为首批接入点。	后续按上下文二次人工筛选。
unknown_candidate	scripts/battle_profile_builder.gd	martial_reward_cards_for_level	reward	"6: rewards.append(""reward_guard"")"	可能只是 UI 文案或无关匹配	low	low	保留观察，不作为首批接入点。	后续按上下文二次人工筛选。
unknown_candidate	scripts/battle_profile_builder.gd	martial_reward_cards_for_level	rewards	"2: rewards.append(""spear_retreat_sting"")"	可能只是 UI 文案或无关匹配	low	low	保留观察，不作为首批接入点。	后续按上下文二次人工筛选。
unknown_candidate	scripts/content_engine_runtime_gate.gd	line:9	reward	"""battle_reward.json"": true,"	可能只是 UI 文案或无关匹配	low	low	保留观察，不作为首批接入点。	后续按上下文二次人工筛选。
unknown_candidate	scripts/content_engine_runtime_loader.gd	line:8	reward	"""battle_reward.json"": true,"	可能只是 UI 文案或无关匹配	low	low	保留观察，不作为首批接入点。	后续按上下文二次人工筛选。
unknown_candidate	scripts/narrative/battle_reward_runtime_adapter.gd	RUNTIME_REWARD_PATH	reward	"const RUNTIME_REWARD_PATH := ""res://data/runtime/content_engine/battle_reward.json"""	可能只是 UI 文案或无关匹配	low	low	保留观察，不作为首批接入点。	后续按上下文二次人工筛选。
unknown_candidate	scripts/narrative/battle_reward_runtime_adapter.gd	_build_output	reward	"""selected_reward_runtime_effective"": false,"	可能只是 UI 文案或无关匹配	low	low	保留观察，不作为首批接入点。	后续按上下文二次人工筛选。
unknown_candidate	scripts/narrative/battle_reward_runtime_adapter.gd	resolve_reward	reward	var runtime_result := _read_json_dict(RUNTIME_REWARD_PATH)	可能只是 UI 文案或无关匹配	low	low	保留观察，不作为首批接入点。	后续按上下文二次人工筛选。
unknown_candidate	scripts/narrative/canonical_battle_reward_runtime.gd	empty_reward	reward	static func empty_reward() -> Dictionary:	可能只是 UI 文案或无关匹配	low	low	保留观察，不作为首批接入点。	后续按上下文二次人工筛选。
unknown_candidate	scripts/narrative/canonical_battle_reward_runtime.gd	line:3	reward	# Pure battle reward helper for canonical narrative controllers.	可能只是 UI 文案或无关匹配	low	low	保留观察，不作为首批接入点。	后续按上下文二次人工筛选。
unknown_candidate	scripts/narrative/canonical_battle_reward_runtime.gd	line:5	rewards	# This helper calculates narrative variable rewards and player growth rewards.	可能只是 UI 文案或无关匹配	low	low	保留观察，不作为首批接入点。	后续按上下文二次人工筛选。
unknown_candidate	scripts/narrative/canonical_battle_reward_runtime.gd	reward_from_context_or_node	reward	if not formal_reward.is_empty():	可能只是 UI 文案或无关匹配	low	low	保留观察，不作为首批接入点。	后续按上下文二次人工筛选。
unknown_candidate	scripts/narrative/canonical_map_runtime.gd	default_map_reward_for_node	reward	static func default_map_reward_for_node(node: Dictionary) -> Dictionary:	可能只是 UI 文案或无关匹配	low	low	保留观察，不作为首批接入点。	后续按上下文二次人工筛选。
unknown_candidate	scripts/narrative/focus_ending_settlement_view.gd	ensure_popup	settlement	c.ending_settlement_layer.anchor_top = 0.0	可能只是 UI 文案或无关匹配	low	low	保留观察，不作为首批接入点。	后续按上下文二次人工筛选。
unknown_candidate	scripts/narrative/focus_ending_settlement_view.gd	line:3	settlement	# Ending settlement popup for the focused narrative UI.	可能只是 UI 文案或无关匹配	low	low	保留观察，不作为首批接入点。	后续按上下文二次人工筛选。
unknown_candidate	scripts/narrative/focus_ending_settlement_view.gd	line:6	settlement	# - ending_settlement_layer / panel / text / confirm	可能只是 UI 文案或无关匹配	low	low	保留观察，不作为首批接入点。	后续按上下文二次人工筛选。
unknown_candidate	scripts/narrative/focus_ending_settlement_view.gd	line:8	settlement	# - _ending_data(), _ending_catalog(), _on_ending_settlement_confirmed()	可能只是 UI 文案或无关匹配	low	low	保留观察，不作为首批接入点。	后续按上下文二次人工筛选。
unknown_candidate	scripts/narrative/focus_ui_view.gd	FocusEndingSettlementView	settlement	"const FocusEndingSettlementView := preload(""res://scripts/narrative/focus_ending_settlement_view.gd"")"	可能只是 UI 文案或无关匹配	low	low	保留观察，不作为首批接入点。	后续按上下文二次人工筛选。
unknown_candidate	scripts/narrative/focus_ui_view.gd	_ending_settlement_view	settlement	return _focus_ending_settlement_view	可能只是 UI 文案或无关匹配	low	low	保留观察，不作为首批接入点。	后续按上下文二次人工筛选。
unknown_candidate	scripts/narrative/focus_ui_view.gd	_ensure_ending_settlement_popup	settlement	_ending_settlement_view().ensure_popup()	可能只是 UI 文案或无关匹配	low	low	保留观察，不作为首批接入点。	后续按上下文二次人工筛选。
unknown_candidate	scripts/narrative/focus_ui_view.gd	_focus_ending_settlement_view	settlement	var _focus_ending_settlement_view	可能只是 UI 文案或无关匹配	low	low	保留观察，不作为首批接入点。	后续按上下文二次人工筛选。
unknown_candidate	scripts/narrative/narrative_choice_runtime.gd	render_ending	结算	"c.type_label.text = ""单局结算"""	可能只是 UI 文案或无关匹配	low	low	保留观察，不作为首批接入点。	后续按上下文二次人工筛选。
unknown_candidate	scripts/narrative/strategic_debug_profile_builder.gd	line:10	reward	"""reward_guard"","	可能只是 UI 文案或无关匹配	low	low	保留观察，不作为首批接入点。	后续按上下文二次人工筛选。
unknown_candidate	scripts/narrative/strategic_debug_profile_builder.gd	line:11	reward	"""reward_guard"","	可能只是 UI 文案或无关匹配	low	low	保留观察，不作为首批接入点。	后续按上下文二次人工筛选。
unknown_candidate	scripts/narrative/strategic_debug_profile_builder.gd	line:21	reward	"""reward_guard"","	可能只是 UI 文案或无关匹配	low	low	保留观察，不作为首批接入点。	后续按上下文二次人工筛选。
unknown_candidate	scripts/narrative/strategic_debug_profile_builder.gd	line:22	reward	"""reward_guard"","	可能只是 UI 文案或无关匹配	low	low	保留观察，不作为首批接入点。	后续按上下文二次人工筛选。
unknown_candidate	scripts/narrative/strategic_debug_profile_builder.gd	line:8	reward	"""reward_push"","	可能只是 UI 文案或无关匹配	low	low	保留观察，不作为首批接入点。	后续按上下文二次人工筛选。
unknown_candidate	scripts/narrative/strategic_debug_profile_builder.gd	line:9	reward	"""reward_push"","	可能只是 UI 文案或无关匹配	low	low	保留观察，不作为首批接入点。	后续按上下文二次人工筛选。
unknown_candidate	scripts/narrative/strategic_legacy_battle_result_runtime.gd	consume_result	结算	"""last_hint"": ""大势图战斗胜利：未找到节点配置，暂不结算。"","	可能只是 UI 文案或无关匹配	low	low	保留观察，不作为首批接入点。	后续按上下文二次人工筛选。
unknown_candidate	scripts/narrative/strategic_legacy_map_view.gd	line:6	rewards	# strategic_state, advance the map cursor, apply rewards, save context, or switch scenes.	可能只是 UI 文案或无关匹配	low	low	保留观察，不作为首批接入点。	后续按上下文二次人工筛选。
unknown_candidate	scripts/narrative/strategic_reward_runtime.gd	StrategicRewardView	reward	"const StrategicRewardView := preload(""res://scripts/narrative/strategic_reward_view.gd"")"	可能只是 UI 文案或无关匹配	low	low	保留观察，不作为首批接入点。	后续按上下文二次人工筛选。
unknown_candidate	scripts/narrative/strategic_reward_runtime.gd	_reward_view	reward	var _reward_view	可能只是 UI 文案或无关匹配	low	low	保留观察，不作为首批接入点。	后续按上下文二次人工筛选。
unknown_candidate	scripts/narrative/strategic_reward_runtime.gd	_view	reward	return _reward_view	可能只是 UI 文案或无关匹配	low	low	保留观察，不作为首批接入点。	后续按上下文二次人工筛选。
unknown_candidate	scripts/narrative/strategic_reward_runtime.gd	strategic_card_reward_choices	reward	"var owned := card_reward_ids_from_effects(c.strategic_state.get(""owned_card_ids"", []))"	可能只是 UI 文案或无关匹配	low	low	保留观察，不作为首批接入点。	后续按上下文二次人工筛选。
unknown_candidate	scripts/narrative/strategic_reward_view.gd	MAP_PLACEHOLDER	奖励	"const MAP_PLACEHOLDER := ""卡牌奖励不会自动发放，需先三选一。"""	可能只是 UI 文案或无关匹配	low	low	保留观察，不作为首批接入点。	后续按上下文二次人工筛选。
unknown_candidate	scripts/narrative/strategic_reward_view.gd	line:3	reward	# View helper for legacy strategic-map card reward choice.	可能只是 UI 文案或无关匹配	low	low	保留观察，不作为首批接入点。	后续按上下文二次人工筛选。
unknown_candidate	scripts/narrative/strategic_reward_view.gd	line:5	rewards	# Owns only UI rendering and selection UI refresh. It does not apply rewards,	可能只是 UI 文案或无关匹配	low	low	保留观察，不作为首批接入点。	后续按上下文二次人工筛选。
unknown_candidate	scripts/narrative/strategic_reward_view.gd	render_reward_choice	reward	func render_reward_choice(node: Dictionary, card_ids: Array[String], select_callback: Callable, confirm_callback: Callable, cancel_callback: Callable) -> void:	可能只是 UI 文案或无关匹配	low	low	保留观察，不作为首批接入点。	后续按上下文二次人工筛选。
unknown_candidate	scripts/narrative_battle_context.gd	line:21	result	"static var last_result := """""	可能只是 UI 文案或无关匹配	low	low	保留观察，不作为首批接入点。	后续按上下文二次人工筛选。
unknown_candidate	scripts/narrative_battle_context.gd	line:22	result	static var result_ready := false	可能只是 UI 文案或无关匹配	low	low	保留观察，不作为首批接入点。	后续按上下文二次人工筛选。
unknown_candidate	scripts/narrative_battle_context.gd	set_request	clear	battle_overrides.clear()	可能只是 UI 文案或无关匹配	low	low	保留观察，不作为首批接入点。	后续按上下文二次人工筛选。
unknown_candidate	scripts/narrative_battle_context.gd	set_request	result	result_ready = false	可能只是 UI 文案或无关匹配	low	low	保留观察，不作为首批接入点。	后续按上下文二次人工筛选。
unknown_candidate	scripts/story_battle_loader.gd	build_card_catalog	reward	for card in reward_pool:	可能只是 UI 文案或无关匹配	low	low	保留观察，不作为首批接入点。	后续按上下文二次人工筛选。
unknown_candidate	scripts/story_battle_loader.gd	build_story_battle	settlement	"""settlement_mode"": str(encounter.get(""settlement_mode"", MODE_REACTIVE_ID))"	可能只是 UI 文案或无关匹配	low	low	保留观察，不作为首批接入点。	后续按上下文二次人工筛选。
unknown_candidate	scripts/strategic_map_state.gd	apply_card_rewards	rewards	for card_id: String in _string_array(rewards):	可能只是 UI 文案或无关匹配	low	low	保留观察，不作为首批接入点。	后续按上下文二次人工筛选。
unknown_candidate	scripts/strategic_map_state.gd	apply_effects	rewards	"next_state = apply_card_rewards(next_state, effects.get(""card_rewards"", []))"	可能只是 UI 文案或无关匹配	low	low	保留观察，不作为首批接入点。	后续按上下文二次人工筛选。
unknown_candidate	scripts/visual/battle_hud_view.gd	card_detail_text	获得	"effect_lines.append(""获得 [color=#30566f]%d[/color] 点格挡。"" % card.guard)"	可能只是 UI 文案或无关匹配	low	low	保留观察，不作为首批接入点。	后续按上下文二次人工筛选。
unknown_candidate	scripts/visual/resolver_preview_formatter.gd	effect_preview_text	结算	"lines.append(""[b]顺序结算预览[/b]"")"	可能只是 UI 文案或无关匹配	low	low	保留观察，不作为首批接入点。	后续按上下文二次人工筛选。
unknown_candidate	scripts/visual/responsive_catalog_helper.gd	build_catalog	reward	"_ready_v032_card(""reward_push"", ""压线"", ""旧奖励兼容：命中后击退敌人一格。"", 2, 3, 2, CardData.ROLE_ATTACK, 0, 2, 0, 0, PackedStringArray([""兼容""]), ""通用"", true, 0, 1, 0, CardData.MOVE_ON_HIT, 4),"	可能只是 UI 文案或无关匹配	low	low	保留观察，不作为首批接入点。	后续按上下文二次人工筛选。
unknown_candidate	scripts/visual/responsive_catalog_helper.gd	build_catalog	rewards	var rewards: Array[CardData] = [	可能只是 UI 文案或无关匹配	low	low	保留观察，不作为首批接入点。	后续按上下文二次人工筛选。
